dataset,family,distribution,structure,variant,n_samples,n_features,seed,normalized,k_min,k_max,n_k_values,connected_all_k,connected_rate,n_components,largest_component_size,smallest_component_size,n_edges,reinforcement_vertex_count,anti_hub_count,cutoff_in_degree,candidate_tie_count,selected_from_ties_degree_only,selected_from_ties_score_tie_break,score_tie_candidate_count,build_seconds,connectivity_check_seconds
gaussian-iid-n1000-d2-seed42,synthetic,gaussian,iid,approx_knn_only,1000,2,42.0,False,2,50,49,True,1.0,1,1000,1000,50000,0,31,17,6,6,1,1,17.653936063999993,0.1295885310000244
gaussian-iid-n1000-d2-seed42,synthetic,gaussian,iid,random_sqrt_clique,1000,2,42.0,False,2,50,49,True,1.0,1,1000,1000,50465,31,31,17,6,6,1,1,17.653936063999993,0.1310132640000461
gaussian-iid-n1000-d2-seed42,synthetic,gaussian,iid,score_sg_antihub,1000,2,42.0,False,2,50,49,True,1.0,1,1000,1000,50465,31,31,17,6,6,1,1,17.653936063999993,0.127301349999982
gaussian-separated-n1000-d2-seed42,synthetic,gaussian,separated_clusters,approx_knn_only,1000,2,42.0,False,2,50,49,False,0.0,6,167,166,50000,0,31,12,7,3,1,1,0.3534484570000131,0.1309542329999544
gaussian-separated-n1000-d2-seed42,synthetic,gaussian,separated_clusters,random_sqrt_clique,1000,2,42.0,False,2,50,49,True,1.0,1,1000,1000,50465,31,31,12,7,3,1,1,0.3534484570000131,0.1307795560000499
gaussian-separated-n1000-d2-seed42,synthetic,gaussian,separated_clusters,score_sg_antihub,1000,2,42.0,False,2,50,49,True,1.0,1,1000,1000,50465,31,31,12,7,3,1,1,0.3534484570000131,0.121609334000027
gaussian-iid-n1000-d10-seed42,synthetic,gaussian,iid,approx_knn_only,1000,10,42.0,False,2,50,49,True,1.0,1,1000,1000,50000,0,31,5,12,1,1,1,17.608883115000026,0.1179252480000059
gaussian-iid-n1000-d10-seed42,synthetic,gaussian,iid,random_sqrt_clique,1000,10,42.0,False,2,50,49,True,1.0,1,1000,1000,50465,31,31,5,12,1,1,1,17.608883115000026,0.1254687039999567
gaussian-iid-n1000-d10-seed42,synthetic,gaussian,iid,score_sg_antihub,1000,10,42.0,False,2,50,49,True,1.0,1,1000,1000,50465,31,31,5,12,1,1,1,17.608883115000026,0.1125398240000095
gaussian-separated-n1000-d10-seed42,synthetic,gaussian,separated_clusters,approx_knn_only,1000,10,42.0,False,2,50,49,False,0.0,6,167,166,50000,0,31,9,9,6,1,1,0.3301562569999987,0.1230964000000085
gaussian-separated-n1000-d10-seed42,synthetic,gaussian,separated_clusters,random_sqrt_clique,1000,10,42.0,False,2,50,49,True,1.0,1,1000,1000,50465,31,31,9,9,6,1,1,0.3301562569999987,0.1149853579999558
gaussian-separated-n1000-d10-seed42,synthetic,gaussian,separated_clusters,score_sg_antihub,1000,10,42.0,False,2,50,49,True,1.0,1,1000,1000,50465,31,31,9,9,6,1,1,0.3301562569999987,0.1146146610000187
gaussian-iid-n1000-d32-seed42,synthetic,gaussian,iid,approx_knn_only,1000,32,42.0,False,2,50,49,True,1.0,1,1000,1000,50000,0,31,2,16,10,1,1,17.560327744000006,0.1183878200000094
gaussian-iid-n1000-d32-seed42,synthetic,gaussian,iid,random_sqrt_clique,1000,32,42.0,False,2,50,49,True,1.0,1,1000,1000,50465,31,31,2,16,10,1,1,17.560327744000006,0.1156066370000417
gaussian-iid-n1000-d32-seed42,synthetic,gaussian,iid,score_sg_antihub,1000,32,42.0,False,2,50,49,True,1.0,1,1000,1000,50465,31,31,2,16,10,1,1,17.560327744000006,0.1087039469999808
gaussian-separated-n1000-d32-seed42,synthetic,gaussian,separated_clusters,approx_knn_only,1000,32,42.0,False,2,50,49,False,0.0,6,167,166,50000,0,31,6,13,5,1,1,0.3284216979999996,0.1195471149999889
gaussian-separated-n1000-d32-seed42,synthetic,gaussian,separated_clusters,random_sqrt_clique,1000,32,42.0,False,2,50,49,True,1.0,1,1000,1000,50465,31,31,6,13,5,1,1,0.3284216979999996,0.1141211929999599
gaussian-separated-n1000-d32-seed42,synthetic,gaussian,separated_clusters,score_sg_antihub,1000,32,42.0,False,2,50,49,True,1.0,1,1000,1000,50465,31,31,6,13,5,1,1,0.3284216979999996,0.1239544950000208
gaussian-iid-n1000-d64-seed42,synthetic,gaussian,iid,approx_knn_only,1000,64,42.0,False,2,50,49,True,1.0,1,1000,1000,50000,0,31,2,26,8,1,1,19.041076497999995,0.1230309470000179
gaussian-iid-n1000-d64-seed42,synthetic,gaussian,iid,random_sqrt_clique,1000,64,42.0,False,2,50,49,True,1.0,1,1000,1000,50465,31,31,2,26,8,1,1,19.041076497999995,0.1247795940000173
gaussian-iid-n1000-d64-seed42,synthetic,gaussian,iid,score_sg_antihub,1000,64,42.0,False,2,50,49,True,1.0,1,1000,1000,50465,31,31,2,26,8,1,1,19.041076497999995,0.1178526240000223
gaussian-separated-n1000-d64-seed42,synthetic,gaussian,separated_clusters,approx_knn_only,1000,64,42.0,False,2,50,49,False,0.0,6,167,166,50000,0,31,4,7,7,1,1,0.3464320129999692,0.1234209739999983
gaussian-separated-n1000-d64-seed42,synthetic,gaussian,separated_clusters,random_sqrt_clique,1000,64,42.0,False,2,50,49,True,1.0,1,1000,1000,50465,31,31,4,7,7,1,1,0.3464320129999692,0.1272194499999841
gaussian-separated-n1000-d64-seed42,synthetic,gaussian,separated_clusters,score_sg_antihub,1000,64,42.0,False,2,50,49,True,1.0,1,1000,1000,50465,31,31,4,7,7,1,1,0.3464320129999692,0.1161526300000446
gaussian-iid-n1000-d128-seed42,synthetic,gaussian,iid,approx_knn_only,1000,128,42.0,False,2,50,49,True,1.0,1,1000,1000,50000,0,31,1,29,17,1,1,17.480996196000035,0.1250443260000224
gaussian-iid-n1000-d128-seed42,synthetic,gaussian,iid,random_sqrt_clique,1000,128,42.0,False,2,50,49,True,1.0,1,1000,1000,50465,31,31,1,29,17,1,1,17.480996196000035,0.1286414950000107
gaussian-iid-n1000-d128-seed42,synthetic,gaussian,iid,score_sg_antihub,1000,128,42.0,False,2,50,49,True,1.0,1,1000,1000,50465,31,31,1,29,17,1,1,17.480996196000035,0.1276471040000046
gaussian-separated-n1000-d128-seed42,synthetic,gaussian,separated_clusters,approx_knn_only,1000,128,42.0,False,2,50,49,False,0.0,6,167,166,50000,0,31,5,10,4,1,1,0.341333168999995,0.1293191420000425
gaussian-separated-n1000-d128-seed42,synthetic,gaussian,separated_clusters,random_sqrt_clique,1000,128,42.0,False,2,50,49,True,1.0,1,1000,1000,50465,31,31,5,10,4,1,1,0.341333168999995,0.1262942440000074
gaussian-separated-n1000-d128-seed42,synthetic,gaussian,separated_clusters,score_sg_antihub,1000,128,42.0,False,2,50,49,True,1.0,1,1000,1000,50465,31,31,5,10,4,1,1,0.341333168999995,0.1282912280000232
gaussian-iid-n5000-d2-seed42,synthetic,gaussian,iid,approx_knn_only,5000,2,42.0,False,2,50,49,True,1.0,1,5000,5000,250000,0,70,22,7,3,1,1,19.424668260999965,0.6700167949999241
gaussian-iid-n5000-d2-seed42,synthetic,gaussian,iid,random_sqrt_clique,5000,2,42.0,False,2,50,49,True,1.0,1,5000,5000,252415,70,70,22,7,3,1,1,19.424668260999965,0.6837384250000014
gaussian-iid-n5000-d2-seed42,synthetic,gaussian,iid,score_sg_antihub,5000,2,42.0,False,2,50,49,True,1.0,1,5000,5000,252415,70,70,22,7,3,1,1,19.424668260999965,0.6787432169999192
gaussian-separated-n5000-d2-seed42,synthetic,gaussian,separated_clusters,approx_knn_only,5000,2,42.0,False,2,50,49,False,0.0,6,834,833,250000,0,70,11,9,6,1,1,1.1986596420000524,0.7504947800000537
gaussian-separated-n5000-d2-seed42,synthetic,gaussian,separated_clusters,random_sqrt_clique,5000,2,42.0,False,2,50,49,True,1.0,1,5000,5000,252415,70,70,11,9,6,1,1,1.1986596420000524,0.6984317349999856
gaussian-separated-n5000-d2-seed42,synthetic,gaussian,separated_clusters,score_sg_antihub,5000,2,42.0,False,2,50,49,True,1.0,1,5000,5000,252415,70,70,11,9,6,1,1,1.1986596420000524,0.7249685510000745
gaussian-iid-n5000-d10-seed42,synthetic,gaussian,iid,approx_knn_only,5000,10,42.0,False,2,50,49,True,1.0,1,5000,5000,250000,0,70,3,34,23,1,1,19.32162194099999,0.6485364619999245
gaussian-iid-n5000-d10-seed42,synthetic,gaussian,iid,random_sqrt_clique,5000,10,42.0,False,2,50,49,True,1.0,1,5000,5000,252415,70,70,3,34,23,1,1,19.32162194099999,0.6482407280000189
gaussian-iid-n5000-d10-seed42,synthetic,gaussian,iid,score_sg_antihub,5000,10,42.0,False,2,50,49,True,1.0,1,5000,5000,252415,70,70,3,34,23,1,1,19.32162194099999,0.6500027980000596
gaussian-separated-n5000-d10-seed42,synthetic,gaussian,separated_clusters,approx_knn_only,5000,10,42.0,False,2,50,49,False,0.0,6,834,833,250000,0,70,3,39,23,1,1,1.1500985540000102,0.6672626089999767
gaussian-separated-n5000-d10-seed42,synthetic,gaussian,separated_clusters,random_sqrt_clique,5000,10,42.0,False,2,50,49,True,1.0,1,5000,5000,252415,70,70,3,39,23,1,1,1.1500985540000102,0.6480577170000288
gaussian-separated-n5000-d10-seed42,synthetic,gaussian,separated_clusters,score_sg_antihub,5000,10,42.0,False,2,50,49,True,1.0,1,5000,5000,252415,70,70,3,39,23,1,1,1.1500985540000102,0.6743836670000292
gaussian-iid-n5000-d32-seed42,synthetic,gaussian,iid,approx_knn_only,5000,32,42.0,False,2,50,49,True,1.0,1,5000,5000,250000,0,70,0,81,70,1,1,19.89020481199998,0.6552014709999412
gaussian-iid-n5000-d32-seed42,synthetic,gaussian,iid,random_sqrt_clique,5000,32,42.0,False,2,50,49,True,1.0,1,5000,5000,252415,70,70,0,81,70,1,1,19.89020481199998,0.6546073839999735
gaussian-iid-n5000-d32-seed42,synthetic,gaussian,iid,score_sg_antihub,5000,32,42.0,False,2,50,49,True,1.0,1,5000,5000,252415,70,70,0,81,70,1,1,19.89020481199998,0.6555673560000059
gaussian-separated-n5000-d32-seed42,synthetic,gaussian,separated_clusters,approx_knn_only,5000,32,42.0,False,2,50,49,False,0.0,6,834,833,250000,0,70,1,65,28,1,1,1.1156974350000155,0.6614776690000781
gaussian-separated-n5000-d32-seed42,synthetic,gaussian,separated_clusters,random_sqrt_clique,5000,32,42.0,False,2,50,49,True,1.0,1,5000,5000,252415,70,70,1,65,28,1,1,1.1156974350000155,0.6482478490000858
gaussian-separated-n5000-d32-seed42,synthetic,gaussian,separated_clusters,score_sg_antihub,5000,32,42.0,False,2,50,49,True,1.0,1,5000,5000,252415,70,70,1,65,28,1,1,1.1156974350000155,0.6471699329999865
gaussian-iid-n5000-d64-seed42,synthetic,gaussian,iid,approx_knn_only,5000,64,42.0,False,2,50,49,True,1.0,1,5000,5000,250000,0,70,0,149,70,1,1,20.064701934000027,0.6924572699999771
gaussian-iid-n5000-d64-seed42,synthetic,gaussian,iid,random_sqrt_clique,5000,64,42.0,False,2,50,49,True,1.0,1,5000,5000,252415,70,70,0,149,70,1,1,20.064701934000027,0.6766889589999892
gaussian-iid-n5000-d64-seed42,synthetic,gaussian,iid,score_sg_antihub,5000,64,42.0,False,2,50,49,True,1.0,1,5000,5000,252415,70,70,0,149,70,1,1,20.064701934000027,0.690440828000078
gaussian-separated-n5000-d64-seed42,synthetic,gaussian,separated_clusters,approx_knn_only,5000,64,42.0,False,2,50,49,False,0.0,6,834,833,250000,0,70,0,70,70,1,1,1.2089490969999588,0.6590571420000515
gaussian-separated-n5000-d64-seed42,synthetic,gaussian,separated_clusters,random_sqrt_clique,5000,64,42.0,False,2,50,49,True,1.0,1,5000,5000,252415,70,70,0,70,70,1,1,1.2089490969999588,0.6547820299999785
gaussian-separated-n5000-d64-seed42,synthetic,gaussian,separated_clusters,score_sg_antihub,5000,64,42.0,False,2,50,49,True,1.0,1,5000,5000,252415,70,70,0,70,70,1,1,1.2089490969999588,0.7305453449999959
gaussian-iid-n5000-d128-seed42,synthetic,gaussian,iid,approx_knn_only,5000,128,42.0,False,2,50,49,True,1.0,1,5000,5000,250000,0,70,0,268,70,1,2,20.06252593900001,0.6715515249999271
gaussian-iid-n5000-d128-seed42,synthetic,gaussian,iid,random_sqrt_clique,5000,128,42.0,False,2,50,49,True,1.0,1,5000,5000,252415,70,70,0,268,70,1,2,20.06252593900001,0.6511592939999673
gaussian-iid-n5000-d128-seed42,synthetic,gaussian,iid,score_sg_antihub,5000,128,42.0,False,2,50,49,True,1.0,1,5000,5000,252415,70,70,0,268,70,1,2,20.06252593900001,0.6672794899999417
gaussian-separated-n5000-d128-seed42,synthetic,gaussian,separated_clusters,approx_knn_only,5000,128,42.0,False,2,50,49,False,0.0,6,834,833,250000,0,70,0,103,70,1,1,1.2529859700000543,0.6604898800000001
gaussian-separated-n5000-d128-seed42,synthetic,gaussian,separated_clusters,random_sqrt_clique,5000,128,42.0,False,2,50,49,True,1.0,1,5000,5000,252415,70,70,0,103,70,1,1,1.2529859700000543,0.6580207769999333
gaussian-separated-n5000-d128-seed42,synthetic,gaussian,separated_clusters,score_sg_antihub,5000,128,42.0,False,2,50,49,True,1.0,1,5000,5000,252415,70,70,0,103,70,1,1,1.2529859700000543,0.6459033639999916
gaussian-iid-n10000-d2-seed42,synthetic,gaussian,iid,approx_knn_only,10000,2,42.0,False,2,50,49,True,1.0,1,10000,10000,500000,0,100,24,11,10,1,1,20.513524311000083,1.2940974429999414
gaussian-iid-n10000-d2-seed42,synthetic,gaussian,iid,random_sqrt_clique,10000,2,42.0,False,2,50,49,True,1.0,1,10000,10000,504950,100,100,24,11,10,1,1,20.513524311000083,1.3007511689999092
gaussian-iid-n10000-d2-seed42,synthetic,gaussian,iid,score_sg_antihub,10000,2,42.0,False,2,50,49,True,1.0,1,10000,10000,504950,100,100,24,11,10,1,1,20.513524311000083,1.279259791999948
gaussian-separated-n10000-d2-seed42,synthetic,gaussian,separated_clusters,approx_knn_only,10000,2,42.0,False,2,50,49,False,0.0,6,1667,1666,500000,0,100,13,19,1,1,1,2.228042956999957,1.2912405399999898
gaussian-separated-n10000-d2-seed42,synthetic,gaussian,separated_clusters,random_sqrt_clique,10000,2,42.0,False,2,50,49,True,1.0,1,10000,10000,504950,100,100,13,19,1,1,1,2.228042956999957,1.292770293999979
gaussian-separated-n10000-d2-seed42,synthetic,gaussian,separated_clusters,score_sg_antihub,10000,2,42.0,False,2,50,49,True,1.0,1,10000,10000,504950,100,100,13,19,1,1,1,2.228042956999957,1.2993287089999512
gaussian-iid-n10000-d10-seed42,synthetic,gaussian,iid,approx_knn_only,10000,10,42.0,False,2,50,49,True,1.0,1,10000,10000,500000,0,100,2,42,40,1,1,21.970217701000024,1.3812116980000155
gaussian-iid-n10000-d10-seed42,synthetic,gaussian,iid,random_sqrt_clique,10000,10,42.0,False,2,50,49,True,1.0,1,10000,10000,504950,100,100,2,42,40,1,1,21.970217701000024,1.31938553100008
gaussian-iid-n10000-d10-seed42,synthetic,gaussian,iid,score_sg_antihub,10000,10,42.0,False,2,50,49,True,1.0,1,10000,10000,504950,100,100,2,42,40,1,1,21.970217701000024,1.460271141000021
gaussian-separated-n10000-d10-seed42,synthetic,gaussian,separated_clusters,approx_knn_only,10000,10,42.0,False,2,50,49,False,0.0,6,1667,1666,500000,0,100,2,64,48,1,1,1.871358895999947,1.1056253049999896
gaussian-separated-n10000-d10-seed42,synthetic,gaussian,separated_clusters,random_sqrt_clique,10000,10,42.0,False,2,50,49,True,1.0,1,10000,10000,504950,100,100,2,64,48,1,1,1.871358895999947,1.1423565679999683
gaussian-separated-n10000-d10-seed42,synthetic,gaussian,separated_clusters,score_sg_antihub,10000,10,42.0,False,2,50,49,True,1.0,1,10000,10000,504950,100,100,2,64,48,1,1,1.871358895999947,1.1844703269999854
gaussian-iid-n10000-d32-seed42,synthetic,gaussian,iid,approx_knn_only,10000,32,42.0,False,2,50,49,True,1.0,1,10000,10000,500000,0,100,0,179,100,1,1,17.985766870999896,1.0736640819999366
gaussian-iid-n10000-d32-seed42,synthetic,gaussian,iid,random_sqrt_clique,10000,32,42.0,False,2,50,49,True,1.0,1,10000,10000,504950,100,100,0,179,100,1,1,17.985766870999896,1.0789901139999074
gaussian-iid-n10000-d32-seed42,synthetic,gaussian,iid,score_sg_antihub,10000,32,42.0,False,2,50,49,True,1.0,1,10000,10000,504950,100,100,0,179,100,1,1,17.985766870999896,1.0799686859999156
gaussian-separated-n10000-d32-seed42,synthetic,gaussian,separated_clusters,approx_knn_only,10000,32,42.0,False,2,50,49,False,0.0,6,1667,1666,500000,0,100,0,121,100,1,1,1.7477938949999725,1.107603289999929
gaussian-separated-n10000-d32-seed42,synthetic,gaussian,separated_clusters,random_sqrt_clique,10000,32,42.0,False,2,50,49,True,1.0,1,10000,10000,504950,100,100,0,121,100,1,1,1.7477938949999725,1.1004789909999315
gaussian-separated-n10000-d32-seed42,synthetic,gaussian,separated_clusters,score_sg_antihub,10000,32,42.0,False,2,50,49,True,1.0,1,10000,10000,504950,100,100,0,121,100,1,1,1.7477938949999725,1.107660449999912
gaussian-iid-n10000-d64-seed42,synthetic,gaussian,iid,approx_knn_only,10000,64,42.0,False,2,50,49,True,1.0,1,10000,10000,500000,0,100,0,406,100,1,1,18.136097423000024,1.103249742999992
gaussian-iid-n10000-d64-seed42,synthetic,gaussian,iid,random_sqrt_clique,10000,64,42.0,False,2,50,49,True,1.0,1,10000,10000,504950,100,100,0,406,100,1,1,18.136097423000024,1.0899922169999172
gaussian-iid-n10000-d64-seed42,synthetic,gaussian,iid,score_sg_antihub,10000,64,42.0,False,2,50,49,True,1.0,1,10000,10000,504950,100,100,0,406,100,1,1,18.136097423000024,1.056002641999953
gaussian-separated-n10000-d64-seed42,synthetic,gaussian,separated_clusters,approx_knn_only,10000,64,42.0,False,2,50,49,False,0.0,6,1667,1666,500000,0,100,0,237,100,1,1,1.8312456969999855,1.0732373679999228
gaussian-separated-n10000-d64-seed42,synthetic,gaussian,separated_clusters,random_sqrt_clique,10000,64,42.0,False,2,50,49,True,1.0,1,10000,10000,504950,100,100,0,237,100,1,1,1.8312456969999855,1.056062804000021
gaussian-separated-n10000-d64-seed42,synthetic,gaussian,separated_clusters,score_sg_antihub,10000,64,42.0,False,2,50,49,True,1.0,1,10000,10000,504950,100,100,0,237,100,1,1,1.8312456969999855,1.092184125000017
gaussian-iid-n10000-d128-seed42,synthetic,gaussian,iid,approx_knn_only,10000,128,42.0,False,2,50,49,True,1.0,1,10000,10000,500000,0,100,0,648,100,1,1,20.25584860599997,1.1683429990000604
gaussian-iid-n10000-d128-seed42,synthetic,gaussian,iid,random_sqrt_clique,10000,128,42.0,False,2,50,49,True,1.0,1,10000,10000,504950,100,100,0,648,100,1,1,20.25584860599997,1.2494006329999363
gaussian-iid-n10000-d128-seed42,synthetic,gaussian,iid,score_sg_antihub,10000,128,42.0,False,2,50,49,True,1.0,1,10000,10000,504950,100,100,0,648,100,1,1,20.25584860599997,1.1812042499999509
gaussian-separated-n10000-d128-seed42,synthetic,gaussian,separated_clusters,approx_knn_only,10000,128,42.0,False,2,50,49,False,0.0,6,1667,1666,500000,0,100,0,322,100,1,1,2.505124439000042,1.380236148999984
gaussian-separated-n10000-d128-seed42,synthetic,gaussian,separated_clusters,random_sqrt_clique,10000,128,42.0,False,2,50,49,True,1.0,1,10000,10000,504950,100,100,0,322,100,1,1,2.505124439000042,1.3164047209999126
gaussian-separated-n10000-d128-seed42,synthetic,gaussian,separated_clusters,score_sg_antihub,10000,128,42.0,False,2,50,49,True,1.0,1,10000,10000,504950,100,100,0,322,100,1,1,2.505124439000042,1.2634211779999305
gaussian-iid-n25000-d2-seed42,synthetic,gaussian,iid,approx_knn_only,25000,2,42.0,False,2,50,49,True,1.0,1,25000,25000,1250000,0,158,27,17,11,1,1,20.63660203500001,2.5980280960000077
gaussian-iid-n25000-d2-seed42,synthetic,gaussian,iid,random_sqrt_clique,25000,2,42.0,False,2,50,49,True,1.0,1,25000,25000,1262403,158,158,27,17,11,1,1,20.63660203500001,2.6481669499999043
gaussian-iid-n25000-d2-seed42,synthetic,gaussian,iid,score_sg_antihub,25000,2,42.0,False,2,50,49,True,1.0,1,25000,25000,1262403,158,158,27,17,11,1,1,20.63660203500001,2.64453211
gaussian-separated-n25000-d2-seed42,synthetic,gaussian,separated_clusters,approx_knn_only,25000,2,42.0,False,2,50,49,False,0.0,6,4167,4166,1250000,0,158,13,29,24,1,1,4.647338278999996,2.5980215319999616
gaussian-separated-n25000-d2-seed42,synthetic,gaussian,separated_clusters,random_sqrt_clique,25000,2,42.0,False,2,50,49,True,1.0,1,25000,25000,1262403,158,158,13,29,24,1,1,4.647338278999996,2.75887469700001
gaussian-separated-n25000-d2-seed42,synthetic,gaussian,separated_clusters,score_sg_antihub,25000,2,42.0,False,2,50,49,True,1.0,1,25000,25000,1262403,158,158,13,29,24,1,1,4.647338278999996,2.885747379000009
gaussian-iid-n25000-d10-seed42,synthetic,gaussian,iid,approx_knn_only,25000,10,42.0,False,2,50,49,True,1.0,1,25000,25000,1250000,0,158,2,122,54,1,1,22.660431752999894,2.742835752000019
gaussian-iid-n25000-d10-seed42,synthetic,gaussian,iid,random_sqrt_clique,25000,10,42.0,False,2,50,49,True,1.0,1,25000,25000,1262403,158,158,2,122,54,1,1,22.660431752999894,2.881122266000034
gaussian-iid-n25000-d10-seed42,synthetic,gaussian,iid,score_sg_antihub,25000,10,42.0,False,2,50,49,True,1.0,1,25000,25000,1262403,158,158,2,122,54,1,1,22.660431752999894,2.8343027410001014
gaussian-separated-n25000-d10-seed42,synthetic,gaussian,separated_clusters,approx_knn_only,25000,10,42.0,False,2,50,49,False,0.0,6,4167,4166,1250000,0,158,2,119,18,1,1,4.59984066100003,2.70732155099995
gaussian-separated-n25000-d10-seed42,synthetic,gaussian,separated_clusters,random_sqrt_clique,25000,10,42.0,False,2,50,49,True,1.0,1,25000,25000,1262403,158,158,2,119,18,1,1,4.59984066100003,2.881116913000028
gaussian-separated-n25000-d10-seed42,synthetic,gaussian,separated_clusters,score_sg_antihub,25000,10,42.0,False,2,50,49,True,1.0,1,25000,25000,1262403,158,158,2,119,18,1,1,4.59984066100003,2.8977084260000083
gaussian-iid-n25000-d32-seed42,synthetic,gaussian,iid,approx_knn_only,25000,32,42.0,False,2,50,49,True,1.0,1,25000,25000,1250000,0,158,0,557,158,1,1,22.24082579200001,2.709182175000024
gaussian-iid-n25000-d32-seed42,synthetic,gaussian,iid,random_sqrt_clique,25000,32,42.0,False,2,50,49,True,1.0,1,25000,25000,1262403,158,158,0,557,158,1,1,22.24082579200001,2.773016596000048
gaussian-iid-n25000-d32-seed42,synthetic,gaussian,iid,score_sg_antihub,25000,32,42.0,False,2,50,49,True,1.0,1,25000,25000,1262403,158,158,0,557,158,1,1,22.24082579200001,2.742721066999934
gaussian-separated-n25000-d32-seed42,synthetic,gaussian,separated_clusters,approx_knn_only,25000,32,42.0,False,2,50,49,False,0.0,6,4167,4166,1250000,0,158,0,391,158,1,1,4.754107949000058,2.773576133000006
gaussian-separated-n25000-d32-seed42,synthetic,gaussian,separated_clusters,random_sqrt_clique,25000,32,42.0,False,2,50,49,True,1.0,1,25000,25000,1262403,158,158,0,391,158,1,1,4.754107949000058,2.765661062999925
gaussian-separated-n25000-d32-seed42,synthetic,gaussian,separated_clusters,score_sg_antihub,25000,32,42.0,False,2,50,49,True,1.0,1,25000,25000,1262403,158,158,0,391,158,1,1,4.754107949000058,2.7744673539999667
gaussian-iid-n25000-d64-seed42,synthetic,gaussian,iid,approx_knn_only,25000,64,42.0,False,2,50,49,True,1.0,1,25000,25000,1250000,0,158,0,1267,158,2,2,22.721784220000018,2.5828655079999407
gaussian-iid-n25000-d64-seed42,synthetic,gaussian,iid,random_sqrt_clique,25000,64,42.0,False,2,50,49,True,1.0,1,25000,25000,1262403,158,158,0,1267,158,2,2,22.721784220000018,2.6333187350001026
gaussian-iid-n25000-d64-seed42,synthetic,gaussian,iid,score_sg_antihub,25000,64,42.0,False,2,50,49,True,1.0,1,25000,25000,1262403,158,158,0,1267,158,2,2,22.721784220000018,2.655848671000058
gaussian-separated-n25000-d64-seed42,synthetic,gaussian,separated_clusters,approx_knn_only,25000,64,42.0,False,2,50,49,False,0.0,6,4167,4166,1250000,0,158,0,799,158,1,1,5.332717346999971,2.675813113000004
gaussian-separated-n25000-d64-seed42,synthetic,gaussian,separated_clusters,random_sqrt_clique,25000,64,42.0,False,2,50,49,True,1.0,1,25000,25000,1262403,158,158,0,799,158,1,1,5.332717346999971,2.709023499000068
gaussian-separated-n25000-d64-seed42,synthetic,gaussian,separated_clusters,score_sg_antihub,25000,64,42.0,False,2,50,49,True,1.0,1,25000,25000,1262403,158,158,0,799,158,1,1,5.332717346999971,2.775601216000041
gaussian-iid-n25000-d128-seed42,synthetic,gaussian,iid,approx_knn_only,25000,128,42.0,False,2,50,49,True,1.0,1,25000,25000,1250000,0,158,0,2339,158,1,1,23.90752918699991,2.6137479379999604
gaussian-iid-n25000-d128-seed42,synthetic,gaussian,iid,random_sqrt_clique,25000,128,42.0,False,2,50,49,True,1.0,1,25000,25000,1262403,158,158,0,2339,158,1,1,23.90752918699991,2.668158014000028
gaussian-iid-n25000-d128-seed42,synthetic,gaussian,iid,score_sg_antihub,25000,128,42.0,False,2,50,49,True,1.0,1,25000,25000,1262403,158,158,0,2339,158,1,1,23.90752918699991,2.6492237470001783
gaussian-separated-n25000-d128-seed42,synthetic,gaussian,separated_clusters,approx_knn_only,25000,128,42.0,False,2,50,49,False,0.0,6,4167,4166,1250000,0,158,0,1242,158,1,1,6.362129051000011,2.6488422959998843
gaussian-separated-n25000-d128-seed42,synthetic,gaussian,separated_clusters,random_sqrt_clique,25000,128,42.0,False,2,50,49,True,1.0,1,25000,25000,1262403,158,158,0,1242,158,1,1,6.362129051000011,2.689052070999878
gaussian-separated-n25000-d128-seed42,synthetic,gaussian,separated_clusters,score_sg_antihub,25000,128,42.0,False,2,50,49,True,1.0,1,25000,25000,1262403,158,158,0,1242,158,1,1,6.362129051000011,2.675973541000076
gaussian-iid-n50000-d2-seed42,synthetic,gaussian,iid,approx_knn_only,50000,2,42.0,False,2,50,49,True,1.0,1,50000,50000,2500000,0,223,30,16,15,1,1,24.852001658000063,5.466655053000068
gaussian-iid-n50000-d2-seed42,synthetic,gaussian,iid,random_sqrt_clique,50000,2,42.0,False,2,50,49,True,1.0,1,50000,50000,2524753,223,223,30,16,15,1,1,24.852001658000063,5.426653277000014
gaussian-iid-n50000-d2-seed42,synthetic,gaussian,iid,score_sg_antihub,50000,2,42.0,False,2,50,49,True,1.0,1,50000,50000,2524753,223,223,30,16,15,1,1,24.852001658000063,6.290031577999798
gaussian-separated-n50000-d2-seed42,synthetic,gaussian,separated_clusters,approx_knn_only,50000,2,42.0,False,2,50,49,False,0.0,6,8334,8333,2500000,0,223,14,39,32,1,1,9.661741054000004,5.895297926000012
gaussian-separated-n50000-d2-seed42,synthetic,gaussian,separated_clusters,random_sqrt_clique,50000,2,42.0,False,2,50,49,True,1.0,1,50000,50000,2524753,223,223,14,39,32,1,1,9.661741054000004,6.604646659000082
gaussian-separated-n50000-d2-seed42,synthetic,gaussian,separated_clusters,score_sg_antihub,50000,2,42.0,False,2,50,49,True,1.0,1,50000,50000,2524753,223,223,14,39,32,1,1,9.661741054000004,6.540277657999923
gaussian-iid-n50000-d10-seed42,synthetic,gaussian,iid,approx_knn_only,50000,10,42.0,False,2,50,49,True,1.0,1,50000,50000,2500000,0,223,2,166,47,2,2,29.07451177999997,6.274430954000081
gaussian-iid-n50000-d10-seed42,synthetic,gaussian,iid,random_sqrt_clique,50000,10,42.0,False,2,50,49,True,1.0,1,50000,50000,2524753,223,223,2,166,47,2,2,29.07451177999997,6.285516718999816
gaussian-iid-n50000-d10-seed42,synthetic,gaussian,iid,score_sg_antihub,50000,10,42.0,False,2,50,49,True,1.0,1,50000,50000,2524753,223,223,2,166,47,2,2,29.07451177999997,6.406901110000035
gaussian-separated-n50000-d10-seed42,synthetic,gaussian,separated_clusters,approx_knn_only,50000,10,42.0,False,2,50,49,False,0.0,6,8334,8333,2500000,0,223,1,189,136,1,1,11.244630437000067,6.301176446999989
gaussian-separated-n50000-d10-seed42,synthetic,gaussian,separated_clusters,random_sqrt_clique,50000,10,42.0,False,2,50,49,True,1.0,1,50000,50000,2524753,223,223,1,189,136,1,1,11.244630437000067,6.377299912999888
gaussian-separated-n50000-d10-seed42,synthetic,gaussian,separated_clusters,score_sg_antihub,50000,10,42.0,False,2,50,49,True,1.0,1,50000,50000,2524753,223,223,1,189,136,1,1,11.244630437000067,6.387095906000013
gaussian-iid-n50000-d32-seed42,synthetic,gaussian,iid,approx_knn_only,50000,32,42.0,False,2,50,49,True,1.0,1,50000,50000,2500000,0,223,0,1128,223,1,1,31.061327108000118,6.242931997999904
gaussian-iid-n50000-d32-seed42,synthetic,gaussian,iid,random_sqrt_clique,50000,32,42.0,False,2,50,49,True,1.0,1,50000,50000,2524753,223,223,0,1128,223,1,1,31.061327108000118,6.218722141999933
gaussian-iid-n50000-d32-seed42,synthetic,gaussian,iid,score_sg_antihub,50000,32,42.0,False,2,50,49,True,1.0,1,50000,50000,2524753,223,223,0,1128,223,1,1,31.061327108000118,6.316808319999836
gaussian-separated-n50000-d32-seed42,synthetic,gaussian,separated_clusters,approx_knn_only,50000,32,42.0,False,2,50,49,False,0.0,6,8334,8333,2500000,0,223,0,931,223,1,1,11.637934997000002,6.232063761000063
gaussian-separated-n50000-d32-seed42,synthetic,gaussian,separated_clusters,random_sqrt_clique,50000,32,42.0,False,2,50,49,True,1.0,1,50000,50000,2524753,223,223,0,931,223,1,1,11.637934997000002,6.212786457999982
gaussian-separated-n50000-d32-seed42,synthetic,gaussian,separated_clusters,score_sg_antihub,50000,32,42.0,False,2,50,49,True,1.0,1,50000,50000,2524753,223,223,0,931,223,1,1,11.637934997000002,6.182990087999997
gaussian-iid-n50000-d64-seed42,synthetic,gaussian,iid,approx_knn_only,50000,64,42.0,False,2,50,49,True,1.0,1,50000,50000,2500000,0,223,0,2921,223,1,1,33.40260867799998,6.375843607999968
gaussian-iid-n50000-d64-seed42,synthetic,gaussian,iid,random_sqrt_clique,50000,64,42.0,False,2,50,49,True,1.0,1,50000,50000,2524753,223,223,0,2921,223,1,1,33.40260867799998,6.451966703999915
gaussian-iid-n50000-d64-seed42,synthetic,gaussian,iid,score_sg_antihub,50000,64,42.0,False,2,50,49,True,1.0,1,50000,50000,2524753,223,223,0,2921,223,1,1,33.40260867799998,6.385591293000061
gaussian-separated-n50000-d64-seed42,synthetic,gaussian,separated_clusters,approx_knn_only,50000,64,42.0,False,2,50,49,False,0.0,6,8334,8333,2500000,0,223,0,1886,223,1,1,12.873883880999983,6.300536020999971
gaussian-separated-n50000-d64-seed42,synthetic,gaussian,separated_clusters,random_sqrt_clique,50000,64,42.0,False,2,50,49,True,1.0,1,50000,50000,2524753,223,223,0,1886,223,1,1,12.873883880999983,6.481743393999977
gaussian-separated-n50000-d64-seed42,synthetic,gaussian,separated_clusters,score_sg_antihub,50000,64,42.0,False,2,50,49,True,1.0,1,50000,50000,2524753,223,223,0,1886,223,1,1,12.873883880999983,6.413924369000142
gaussian-iid-n50000-d128-seed42,synthetic,gaussian,iid,approx_knn_only,50000,128,42.0,False,2,50,49,True,1.0,1,50000,50000,2500000,0,223,0,5846,223,1,1,37.235693286000014,6.40515164899989
gaussian-iid-n50000-d128-seed42,synthetic,gaussian,iid,random_sqrt_clique,50000,128,42.0,False,2,50,49,True,1.0,1,50000,50000,2524753,223,223,0,5846,223,1,1,37.235693286000014,6.31520892399999
gaussian-iid-n50000-d128-seed42,synthetic,gaussian,iid,score_sg_antihub,50000,128,42.0,False,2,50,49,True,1.0,1,50000,50000,2524753,223,223,0,5846,223,1,1,37.235693286000014,6.392540626000027
gaussian-separated-n50000-d128-seed42,synthetic,gaussian,separated_clusters,approx_knn_only,50000,128,42.0,False,2,50,49,False,0.0,6,8334,8333,2500000,0,223,0,3228,223,1,1,16.032735772000024,6.468173013000069
gaussian-separated-n50000-d128-seed42,synthetic,gaussian,separated_clusters,random_sqrt_clique,50000,128,42.0,False,2,50,49,True,1.0,1,50000,50000,2524753,223,223,0,3228,223,1,1,16.032735772000024,6.455120210000132
gaussian-separated-n50000-d128-seed42,synthetic,gaussian,separated_clusters,score_sg_antihub,50000,128,42.0,False,2,50,49,True,1.0,1,50000,50000,2524753,223,223,0,3228,223,1,1,16.032735772000024,6.41681183500009
gaussian-iid-n100000-d2-seed42,synthetic,gaussian,iid,approx_knn_only,100000,2,42.0,False,2,50,49,True,1.0,1,100000,100000,5000000,0,316,32,27,25,1,1,37.497875426000064,13.720589463000124
gaussian-iid-n100000-d2-seed42,synthetic,gaussian,iid,random_sqrt_clique,100000,2,42.0,False,2,50,49,True,1.0,1,100000,100000,5049770,316,316,32,27,25,1,1,37.497875426000064,13.720889502000093
gaussian-iid-n100000-d2-seed42,synthetic,gaussian,iid,score_sg_antihub,100000,2,42.0,False,2,50,49,True,1.0,1,100000,100000,5049770,316,316,32,27,25,1,1,37.497875426000064,14.040743907999968
gaussian-separated-n100000-d2-seed42,synthetic,gaussian,separated_clusters,approx_knn_only,100000,2,42.0,False,2,50,49,False,0.0,6,16667,16666,5000000,0,316,17,44,9,1,1,20.366016992999903,13.2410652640001
gaussian-separated-n100000-d2-seed42,synthetic,gaussian,separated_clusters,random_sqrt_clique,100000,2,42.0,False,2,50,49,True,1.0,1,100000,100000,5049770,316,316,17,44,9,1,1,20.366016992999903,13.343342250999967
gaussian-separated-n100000-d2-seed42,synthetic,gaussian,separated_clusters,score_sg_antihub,100000,2,42.0,False,2,50,49,True,1.0,1,100000,100000,5049770,316,316,17,44,9,1,1,20.366016992999903,13.315429044999972
gaussian-iid-n100000-d10-seed42,synthetic,gaussian,iid,approx_knn_only,100000,10,42.0,False,2,50,49,True,1.0,1,100000,100000,5000000,0,316,2,294,16,1,1,40.920342980999976,13.080258744000048
gaussian-iid-n100000-d10-seed42,synthetic,gaussian,iid,random_sqrt_clique,100000,10,42.0,False,2,50,49,True,1.0,1,100000,100000,5049770,316,316,2,294,16,1,1,40.920342980999976,13.350459976000138
gaussian-iid-n100000-d10-seed42,synthetic,gaussian,iid,score_sg_antihub,100000,10,42.0,False,2,50,49,True,1.0,1,100000,100000,5049770,316,316,2,294,16,1,1,40.920342980999976,13.450810423999885
gaussian-separated-n100000-d10-seed42,synthetic,gaussian,separated_clusters,approx_knn_only,100000,10,42.0,False,2,50,49,False,0.0,6,16667,16666,5000000,0,316,1,309,148,2,2,24.17738518100009,13.372064428000158
gaussian-separated-n100000-d10-seed42,synthetic,gaussian,separated_clusters,random_sqrt_clique,100000,10,42.0,False,2,50,49,True,1.0,1,100000,100000,5049770,316,316,1,309,148,2,2,24.17738518100009,13.449418778000108
gaussian-separated-n100000-d10-seed42,synthetic,gaussian,separated_clusters,score_sg_antihub,100000,10,42.0,False,2,50,49,True,1.0,1,100000,100000,5049770,316,316,1,309,148,2,2,24.17738518100009,13.353520353000022
gaussian-iid-n100000-d32-seed42,synthetic,gaussian,iid,approx_knn_only,100000,32,42.0,False,2,50,49,True,1.0,1,100000,100000,5000000,0,316,0,2398,316,1,1,47.71061002900001,13.2103715799999
gaussian-iid-n100000-d32-seed42,synthetic,gaussian,iid,random_sqrt_clique,100000,32,42.0,False,2,50,49,True,1.0,1,100000,100000,5049770,316,316,0,2398,316,1,1,47.71061002900001,13.58338912299996
gaussian-iid-n100000-d32-seed42,synthetic,gaussian,iid,score_sg_antihub,100000,32,42.0,False,2,50,49,True,1.0,1,100000,100000,5049770,316,316,0,2398,316,1,1,47.71061002900001,13.420511022000028
gaussian-separated-n100000-d32-seed42,synthetic,gaussian,separated_clusters,approx_knn_only,100000,32,42.0,False,2,50,49,False,0.0,6,16667,16666,5000000,0,316,0,1986,316,2,4,24.672127316000115,13.561650075999978
gaussian-separated-n100000-d32-seed42,synthetic,gaussian,separated_clusters,random_sqrt_clique,100000,32,42.0,False,2,50,49,True,1.0,1,100000,100000,5049770,316,316,0,1986,316,2,4,24.672127316000115,13.5246725909999
gaussian-separated-n100000-d32-seed42,synthetic,gaussian,separated_clusters,score_sg_antihub,100000,32,42.0,False,2,50,49,True,1.0,1,100000,100000,5049770,316,316,0,1986,316,2,4,24.672127316000115,13.340407567000057
gaussian-iid-n100000-d64-seed42,synthetic,gaussian,iid,approx_knn_only,100000,64,42.0,False,2,50,49,True,1.0,1,100000,100000,5000000,0,316,0,6718,316,1,2,53.92337799699999,12.53383891700014
gaussian-iid-n100000-d64-seed42,synthetic,gaussian,iid,random_sqrt_clique,100000,64,42.0,False,2,50,49,True,1.0,1,100000,100000,5049770,316,316,0,6718,316,1,2,53.92337799699999,12.7150684610001
gaussian-iid-n100000-d64-seed42,synthetic,gaussian,iid,score_sg_antihub,100000,64,42.0,False,2,50,49,True,1.0,1,100000,100000,5049770,316,316,0,6718,316,1,2,53.92337799699999,12.684257316000185
gaussian-separated-n100000-d64-seed42,synthetic,gaussian,separated_clusters,approx_knn_only,100000,64,42.0,False,2,50,49,False,0.0,6,16667,16666,5000000,0,316,0,4632,316,1,1,29.65018481199968,12.66873535700006
gaussian-separated-n100000-d64-seed42,synthetic,gaussian,separated_clusters,random_sqrt_clique,100000,64,42.0,False,2,50,49,True,1.0,1,100000,100000,5049770,316,316,0,4632,316,1,1,29.65018481199968,12.874491677999686
gaussian-separated-n100000-d64-seed42,synthetic,gaussian,separated_clusters,score_sg_antihub,100000,64,42.0,False,2,50,49,True,1.0,1,100000,100000,5049770,316,316,0,4632,316,1,1,29.65018481199968,12.910041576000369
gaussian-iid-n100000-d128-seed42,synthetic,gaussian,iid,approx_knn_only,100000,128,42.0,False,2,50,49,True,1.0,1,100000,100000,5000000,0,316,0,14173,316,1,1,60.40986045600039,12.445906233000189
gaussian-iid-n100000-d128-seed42,synthetic,gaussian,iid,random_sqrt_clique,100000,128,42.0,False,2,50,49,True,1.0,1,100000,100000,5049770,316,316,0,14173,316,1,1,60.40986045600039,12.53802606699992
gaussian-iid-n100000-d128-seed42,synthetic,gaussian,iid,score_sg_antihub,100000,128,42.0,False,2,50,49,True,1.0,1,100000,100000,5049770,316,316,0,14173,316,1,1,60.40986045600039,12.57826433199989
gaussian-separated-n100000-d128-seed42,synthetic,gaussian,separated_clusters,approx_knn_only,100000,128,42.0,False,2,50,49,False,0.0,6,16667,16666,5000000,0,316,0,8341,316,1,1,36.09205647900035,12.64512407400025
gaussian-separated-n100000-d128-seed42,synthetic,gaussian,separated_clusters,random_sqrt_clique,100000,128,42.0,False,2,50,49,True,1.0,1,100000,100000,5049770,316,316,0,8341,316,1,1,36.09205647900035,12.558722943999785
gaussian-separated-n100000-d128-seed42,synthetic,gaussian,separated_clusters,score_sg_antihub,100000,128,42.0,False,2,50,49,True,1.0,1,100000,100000,5049770,316,316,0,8341,316,1,1,36.09205647900035,12.74479781800028
gaussian-iid-n200000-d2-seed42,synthetic,gaussian,iid,approx_knn_only,200000,2,42.0,False,2,50,49,True,1.0,1,200000,200000,10000000,0,447,34,134,11,1,1,57.86410310100018,25.49431568999989
gaussian-iid-n200000-d2-seed42,synthetic,gaussian,iid,random_sqrt_clique,200000,2,42.0,False,2,50,49,True,1.0,1,200000,200000,10099681,447,447,34,134,11,1,1,57.86410310100018,25.89925330000005
gaussian-iid-n200000-d2-seed42,synthetic,gaussian,iid,score_sg_antihub,200000,2,42.0,False,2,50,49,True,1.0,1,200000,200000,10099681,447,447,34,134,11,1,1,57.86410310100018,25.72469608099982
gaussian-separated-n200000-d2-seed42,synthetic,gaussian,separated_clusters,approx_knn_only,200000,2,42.0,False,2,50,49,False,0.0,6,33334,33333,10000000,0,447,19,46,1,1,1,41.52941598999996,26.40104932799977
gaussian-separated-n200000-d2-seed42,synthetic,gaussian,separated_clusters,random_sqrt_clique,200000,2,42.0,False,2,50,49,True,1.0,1,200000,200000,10099681,447,447,19,46,1,1,1,41.52941598999996,25.55183684199983
gaussian-separated-n200000-d2-seed42,synthetic,gaussian,separated_clusters,score_sg_antihub,200000,2,42.0,False,2,50,49,True,1.0,1,200000,200000,10099681,447,447,19,46,1,1,1,41.52941598999996,29.7613145979999
gaussian-iid-n200000-d10-seed42,synthetic,gaussian,iid,approx_knn_only,200000,10,42.0,False,2,50,49,True,1.0,1,200000,200000,10000000,0,447,1,330,282,1,1,70.83603511399997,26.40501858100015
gaussian-iid-n200000-d10-seed42,synthetic,gaussian,iid,random_sqrt_clique,200000,10,42.0,False,2,50,49,True,1.0,1,200000,200000,10099681,447,447,1,330,282,1,1,70.83603511399997,26.690256035999937
gaussian-iid-n200000-d10-seed42,synthetic,gaussian,iid,score_sg_antihub,200000,10,42.0,False,2,50,49,True,1.0,1,200000,200000,10099681,447,447,1,330,282,1,1,70.83603511399997,26.568093209999915
gaussian-separated-n200000-d10-seed42,synthetic,gaussian,separated_clusters,approx_knn_only,200000,10,42.0,False,2,50,49,False,0.0,6,33334,33333,10000000,0,447,1,595,161,2,3,47.29919411599985,26.636270224000327
gaussian-separated-n200000-d10-seed42,synthetic,gaussian,separated_clusters,random_sqrt_clique,200000,10,42.0,False,2,50,49,True,1.0,1,200000,200000,10099681,447,447,1,595,161,2,3,47.29919411599985,26.57706845200028
gaussian-separated-n200000-d10-seed42,synthetic,gaussian,separated_clusters,score_sg_antihub,200000,10,42.0,False,2,50,49,True,1.0,1,200000,200000,10099681,447,447,1,595,161,2,3,47.29919411599985,27.65815707999991
gaussian-iid-n200000-d32-seed42,synthetic,gaussian,iid,approx_knn_only,200000,32,42.0,False,2,50,49,True,1.0,1,200000,200000,10000000,0,447,0,4844,447,1,1,84.43554513800018,27.91828335199989
gaussian-iid-n200000-d32-seed42,synthetic,gaussian,iid,random_sqrt_clique,200000,32,42.0,False,2,50,49,True,1.0,1,200000,200000,10099681,447,447,0,4844,447,1,1,84.43554513800018,28.65580623799997
gaussian-iid-n200000-d32-seed42,synthetic,gaussian,iid,score_sg_antihub,200000,32,42.0,False,2,50,49,True,1.0,1,200000,200000,10099681,447,447,0,4844,447,1,1,84.43554513800018,27.638926645000083
gaussian-separated-n200000-d32-seed42,synthetic,gaussian,separated_clusters,approx_knn_only,200000,32,42.0,False,2,50,49,False,0.0,6,33334,33333,10000000,0,447,0,4324,447,1,3,55.56149557599974,25.867721262000032
gaussian-separated-n200000-d32-seed42,synthetic,gaussian,separated_clusters,random_sqrt_clique,200000,32,42.0,False,2,50,49,True,1.0,1,200000,200000,10099681,447,447,0,4324,447,1,3,55.56149557599974,26.00778871600005
gaussian-separated-n200000-d32-seed42,synthetic,gaussian,separated_clusters,score_sg_antihub,200000,32,42.0,False,2,50,49,True,1.0,1,200000,200000,10099681,447,447,0,4324,447,1,3,55.56149557599974,25.97546774700004
gaussian-iid-n200000-d64-seed42,synthetic,gaussian,iid,approx_knn_only,200000,64,42.0,False,2,50,49,True,1.0,1,200000,200000,10000000,0,447,0,15077,447,1,1,98.96061637699997,26.17859315899977
gaussian-iid-n200000-d64-seed42,synthetic,gaussian,iid,random_sqrt_clique,200000,64,42.0,False,2,50,49,True,1.0,1,200000,200000,10099681,447,447,0,15077,447,1,1,98.96061637699997,26.328153172000384
gaussian-iid-n200000-d64-seed42,synthetic,gaussian,iid,score_sg_antihub,200000,64,42.0,False,2,50,49,True,1.0,1,200000,200000,10099681,447,447,0,15077,447,1,1,98.96061637699997,26.14770023100027
gaussian-separated-n200000-d64-seed42,synthetic,gaussian,separated_clusters,approx_knn_only,200000,64,42.0,False,2,50,49,False,0.0,6,33334,33333,10000000,0,447,0,10816,447,1,2,65.051232239,26.24046836799971
gaussian-separated-n200000-d64-seed42,synthetic,gaussian,separated_clusters,random_sqrt_clique,200000,64,42.0,False,2,50,49,True,1.0,1,200000,200000,10099681,447,447,0,10816,447,1,2,65.051232239,26.27173812800038
gaussian-separated-n200000-d64-seed42,synthetic,gaussian,separated_clusters,score_sg_antihub,200000,64,42.0,False,2,50,49,True,1.0,1,200000,200000,10099681,447,447,0,10816,447,1,2,65.051232239,26.79912077200015
gaussian-iid-n200000-d128-seed42,synthetic,gaussian,iid,approx_knn_only,200000,128,42.0,False,2,50,49,True,1.0,1,200000,200000,10000000,0,447,0,33942,447,1,1,108.80103474599991,25.55831386399996
gaussian-iid-n200000-d128-seed42,synthetic,gaussian,iid,random_sqrt_clique,200000,128,42.0,False,2,50,49,True,1.0,1,200000,200000,10099681,447,447,0,33942,447,1,1,108.80103474599991,25.42958683500001
gaussian-iid-n200000-d128-seed42,synthetic,gaussian,iid,score_sg_antihub,200000,128,42.0,False,2,50,49,True,1.0,1,200000,200000,10099681,447,447,0,33942,447,1,1,108.80103474599991,25.515872737000336
gaussian-separated-n200000-d128-seed42,synthetic,gaussian,separated_clusters,approx_knn_only,200000,128,42.0,False,2,50,49,False,0.0,6,33334,33333,10000000,0,447,0,20386,447,1,1,82.03228745399974,25.968727811000008
gaussian-separated-n200000-d128-seed42,synthetic,gaussian,separated_clusters,random_sqrt_clique,200000,128,42.0,False,2,50,49,True,1.0,1,200000,200000,10099681,447,447,0,20386,447,1,1,82.03228745399974,25.638967173999845
gaussian-separated-n200000-d128-seed42,synthetic,gaussian,separated_clusters,score_sg_antihub,200000,128,42.0,False,2,50,49,True,1.0,1,200000,200000,10099681,447,447,0,20386,447,1,1,82.03228745399974,25.51169178200007
gaussian-iid-n500000-d2-seed42,synthetic,gaussian,iid,approx_knn_only,500000,2,42.0,False,2,50,49,True,1.0,1,500000,500000,25000000,0,707,34,275,69,2,3,119.32886420299974,68.01754679500027
gaussian-iid-n500000-d2-seed42,synthetic,gaussian,iid,random_sqrt_clique,500000,2,42.0,False,2,50,49,True,1.0,1,500000,500000,25249571,707,707,34,275,69,2,3,119.32886420299974,68.44109437999941
gaussian-iid-n500000-d2-seed42,synthetic,gaussian,iid,score_sg_antihub,500000,2,42.0,False,2,50,49,True,1.0,1,500000,500000,25249571,707,707,34,275,69,2,3,119.32886420299974,68.57033618599962
gaussian-separated-n500000-d2-seed42,synthetic,gaussian,separated_clusters,approx_knn_only,500000,2,42.0,False,2,50,49,False,0.0,6,83334,83333,25000000,0,707,22,65,18,1,1,104.5837049820002,67.97873982300007
gaussian-separated-n500000-d2-seed42,synthetic,gaussian,separated_clusters,random_sqrt_clique,500000,2,42.0,False,2,50,49,True,1.0,1,500000,500000,25249571,707,707,22,65,18,1,1,104.5837049820002,70.38019091000024
gaussian-separated-n500000-d2-seed42,synthetic,gaussian,separated_clusters,score_sg_antihub,500000,2,42.0,False,2,50,49,True,1.0,1,500000,500000,25249571,707,707,22,65,18,1,1,104.5837049820002,67.69947998000043
gaussian-iid-n500000-d10-seed42,synthetic,gaussian,iid,approx_knn_only,500000,10,42.0,False,2,50,49,True,1.0,1,500000,500000,25000000,0,707,1,578,390,1,1,137.88216731100056,65.02203243099939
gaussian-iid-n500000-d10-seed42,synthetic,gaussian,iid,random_sqrt_clique,500000,10,42.0,False,2,50,49,True,1.0,1,500000,500000,25249571,707,707,1,578,390,1,1,137.88216731100056,65.26792958900023
gaussian-iid-n500000-d10-seed42,synthetic,gaussian,iid,score_sg_antihub,500000,10,42.0,False,2,50,49,True,1.0,1,500000,500000,25249571,707,707,1,578,390,1,1,137.88216731100056,65.21794913299982
gaussian-separated-n500000-d10-seed42,synthetic,gaussian,separated_clusters,approx_knn_only,500000,10,42.0,False,2,50,49,False,0.0,6,83334,83333,25000000,0,707,1,1061,170,1,3,120.5907359540006,65.5451478469995
gaussian-separated-n500000-d10-seed42,synthetic,gaussian,separated_clusters,random_sqrt_clique,500000,10,42.0,False,2,50,49,True,1.0,1,500000,500000,25249571,707,707,1,1061,170,1,3,120.5907359540006,66.08027613599916
gaussian-separated-n500000-d10-seed42,synthetic,gaussian,separated_clusters,score_sg_antihub,500000,10,42.0,False,2,50,49,True,1.0,1,500000,500000,25249571,707,707,1,1061,170,1,3,120.5907359540006,65.19050457699996
gaussian-iid-n500000-d32-seed42,synthetic,gaussian,iid,approx_knn_only,500000,32,42.0,False,2,50,49,True,1.0,1,500000,500000,25000000,0,707,0,12164,707,3,3,201.4272895590002,64.76132701999995
gaussian-iid-n500000-d32-seed42,synthetic,gaussian,iid,random_sqrt_clique,500000,32,42.0,False,2,50,49,True,1.0,1,500000,500000,25249571,707,707,0,12164,707,3,3,201.4272895590002,64.97667688399997
gaussian-iid-n500000-d32-seed42,synthetic,gaussian,iid,score_sg_antihub,500000,32,42.0,False,2,50,49,True,1.0,1,500000,500000,25249571,707,707,0,12164,707,3,3,201.4272895590002,67.03314401700027
gaussian-separated-n500000-d32-seed42,synthetic,gaussian,separated_clusters,approx_knn_only,500000,32,42.0,False,2,50,49,False,0.0,6,83334,83333,25000000,0,707,0,11758,707,2,2,151.8807465310001,64.89122881299954
gaussian-separated-n500000-d32-seed42,synthetic,gaussian,separated_clusters,random_sqrt_clique,500000,32,42.0,False,2,50,49,True,1.0,1,500000,500000,25249571,707,707,0,11758,707,2,2,151.8807465310001,65.34735438200005
gaussian-separated-n500000-d32-seed42,synthetic,gaussian,separated_clusters,score_sg_antihub,500000,32,42.0,False,2,50,49,True,1.0,1,500000,500000,25249571,707,707,0,11758,707,2,2,151.8807465310001,65.47497695600032
gaussian-iid-n500000-d64-seed42,synthetic,gaussian,iid,approx_knn_only,500000,64,42.0,False,2,50,49,True,1.0,1,500000,500000,25000000,0,707,0,44049,707,1,1,253.9653014449996,63.94908577500064
gaussian-iid-n500000-d64-seed42,synthetic,gaussian,iid,random_sqrt_clique,500000,64,42.0,False,2,50,49,True,1.0,1,500000,500000,25249571,707,707,0,44049,707,1,1,253.9653014449996,64.66070432500055
gaussian-iid-n500000-d64-seed42,synthetic,gaussian,iid,score_sg_antihub,500000,64,42.0,False,2,50,49,True,1.0,1,500000,500000,25249571,707,707,0,44049,707,1,1,253.9653014449996,64.57791142800033
gaussian-separated-n500000-d64-seed42,synthetic,gaussian,separated_clusters,approx_knn_only,500000,64,42.0,False,2,50,49,False,0.0,6,83334,83333,25000000,0,707,0,32399,707,2,2,197.18904270700023,65.20047225599956
gaussian-separated-n500000-d64-seed42,synthetic,gaussian,separated_clusters,random_sqrt_clique,500000,64,42.0,False,2,50,49,True,1.0,1,500000,500000,25249571,707,707,0,32399,707,2,2,197.18904270700023,64.86130544600019
gaussian-separated-n500000-d64-seed42,synthetic,gaussian,separated_clusters,score_sg_antihub,500000,64,42.0,False,2,50,49,True,1.0,1,500000,500000,25249571,707,707,0,32399,707,2,2,197.18904270700023,64.77276927999992
gaussian-iid-n500000-d128-seed42,synthetic,gaussian,iid,approx_knn_only,500000,128,42.0,False,2,50,49,True,1.0,1,500000,500000,25000000,0,707,0,105051,707,1,1,271.2562012829994,63.44819449500028
gaussian-iid-n500000-d128-seed42,synthetic,gaussian,iid,random_sqrt_clique,500000,128,42.0,False,2,50,49,True,1.0,1,500000,500000,25249571,707,707,0,105051,707,1,1,271.2562012829994,69.86649320099968
gaussian-iid-n500000-d128-seed42,synthetic,gaussian,iid,score_sg_antihub,500000,128,42.0,False,2,50,49,True,1.0,1,500000,500000,25249571,707,707,0,105051,707,1,1,271.2562012829994,64.28301813799953
gaussian-separated-n500000-d128-seed42,synthetic,gaussian,separated_clusters,approx_knn_only,500000,128,42.0,False,2,50,49,False,0.0,6,83334,83333,25000000,0,707,0,66734,707,2,2,230.39967615800012,65.70459297799971
gaussian-separated-n500000-d128-seed42,synthetic,gaussian,separated_clusters,random_sqrt_clique,500000,128,42.0,False,2,50,49,True,1.0,1,500000,500000,25249571,707,707,0,66734,707,2,2,230.39967615800012,64.89454319700053
gaussian-separated-n500000-d128-seed42,synthetic,gaussian,separated_clusters,score_sg_antihub,500000,128,42.0,False,2,50,49,True,1.0,1,500000,500000,25249571,707,707,0,66734,707,2,2,230.39967615800012,64.55206165900017
gaussian-iid-n1000000-d2-seed42,synthetic,gaussian,iid,approx_knn_only,1000000,2,42.0,False,2,50,49,True,1.0,1,1000000,1000000,50000000,0,1000,34,537,90,3,3,228.02689146400007,138.72212107699943
gaussian-iid-n1000000-d2-seed42,synthetic,gaussian,iid,random_sqrt_clique,1000000,2,42.0,False,2,50,49,True,1.0,1,1000000,1000000,50499500,1000,1000,34,537,90,3,3,228.02689146400007,137.85135277900008
gaussian-iid-n1000000-d2-seed42,synthetic,gaussian,iid,score_sg_antihub,1000000,2,42.0,False,2,50,49,True,1.0,1,1000000,1000000,50499500,1000,1000,34,537,90,3,3,228.02689146400007,136.0251362509989
gaussian-separated-n1000000-d2-seed42,synthetic,gaussian,separated_clusters,approx_knn_only,1000000,2,42.0,False,2,50,49,False,0.0,6,166667,166666,50000000,0,1000,24,78,66,1,1,211.90014469299967,135.1611455789989
gaussian-separated-n1000000-d2-seed42,synthetic,gaussian,separated_clusters,random_sqrt_clique,1000000,2,42.0,False,2,50,49,True,1.0,1,1000000,1000000,50499500,1000,1000,24,78,66,1,1,211.90014469299967,137.11556825700063
gaussian-separated-n1000000-d2-seed42,synthetic,gaussian,separated_clusters,score_sg_antihub,1000000,2,42.0,False,2,50,49,True,1.0,1,1000000,1000000,50499500,1000,1000,24,78,66,1,1,211.90014469299967,141.93904367600044
gaussian-iid-n1000000-d10-seed42,synthetic,gaussian,iid,approx_knn_only,1000000,10,42.0,False,2,50,49,True,1.0,1,1000000,1000000,50000000,0,1000,1,902,500,4,4,262.3003781949992,129.9355014699995
gaussian-iid-n1000000-d10-seed42,synthetic,gaussian,iid,random_sqrt_clique,1000000,10,42.0,False,2,50,49,True,1.0,1,1000000,1000000,50499500,1000,1000,1,902,500,4,4,262.3003781949992,130.32753116700042
gaussian-iid-n1000000-d10-seed42,synthetic,gaussian,iid,score_sg_antihub,1000000,10,42.0,False,2,50,49,True,1.0,1,1000000,1000000,50499500,1000,1000,1,902,500,4,4,262.3003781949992,130.19971906999854
gaussian-separated-n1000000-d10-seed42,synthetic,gaussian,separated_clusters,approx_knn_only,1000000,10,42.0,False,2,50,49,False,0.0,6,166667,166666,50000000,0,1000,1,1796,96,1,1,247.5111042849985,129.253608119001
gaussian-separated-n1000000-d10-seed42,synthetic,gaussian,separated_clusters,random_sqrt_clique,1000000,10,42.0,False,2,50,49,True,1.0,1,1000000,1000000,50499500,1000,1000,1,1796,96,1,1,247.5111042849985,131.16303300299842
gaussian-separated-n1000000-d10-seed42,synthetic,gaussian,separated_clusters,score_sg_antihub,1000000,10,42.0,False,2,50,49,True,1.0,1,1000000,1000000,50499500,1000,1000,1,1796,96,1,1,247.5111042849985,131.12314106899976
gaussian-iid-n1000000-d32-seed42,synthetic,gaussian,iid,approx_knn_only,1000000,32,42.0,False,2,50,49,True,1.0,1,1000000,1000000,50000000,0,1000,0,24382,1000,4,4,428.9570788290002,129.8994607220011
gaussian-iid-n1000000-d32-seed42,synthetic,gaussian,iid,random_sqrt_clique,1000000,32,42.0,False,2,50,49,True,1.0,1,1000000,1000000,50499500,1000,1000,0,24382,1000,4,4,428.9570788290002,131.36715391899995
gaussian-iid-n1000000-d32-seed42,synthetic,gaussian,iid,score_sg_antihub,1000000,32,42.0,False,2,50,49,True,1.0,1,1000000,1000000,50499500,1000,1000,0,24382,1000,4,4,428.9570788290002,131.6295384469995
gaussian-separated-n1000000-d32-seed42,synthetic,gaussian,separated_clusters,approx_knn_only,1000000,32,42.0,False,2,50,49,False,0.0,6,166667,166666,50000000,0,1000,0,24231,1000,1,2,340.0560118040012,131.40248086700012
gaussian-separated-n1000000-d32-seed42,synthetic,gaussian,separated_clusters,random_sqrt_clique,1000000,32,42.0,False,2,50,49,True,1.0,1,1000000,1000000,50499500,1000,1000,0,24231,1000,1,2,340.0560118040012,132.77766693800004
gaussian-separated-n1000000-d32-seed42,synthetic,gaussian,separated_clusters,score_sg_antihub,1000000,32,42.0,False,2,50,49,True,1.0,1,1000000,1000000,50499500,1000,1000,0,24231,1000,1,2,340.0560118040012,131.0559964969998
gaussian-iid-n1000000-d64-seed42,synthetic,gaussian,iid,approx_knn_only,1000000,64,42.0,False,2,50,49,True,1.0,1,1000000,1000000,50000000,0,1000,0,98784,1000,1,2,535.889975574999,130.00925211100002
gaussian-iid-n1000000-d64-seed42,synthetic,gaussian,iid,random_sqrt_clique,1000000,64,42.0,False,2,50,49,True,1.0,1,1000000,1000000,50499500,1000,1000,0,98784,1000,1,2,535.889975574999,130.78941054700044
gaussian-iid-n1000000-d64-seed42,synthetic,gaussian,iid,score_sg_antihub,1000000,64,42.0,False,2,50,49,True,1.0,1,1000000,1000000,50499500,1000,1000,0,98784,1000,1,2,535.889975574999,130.51741032300015
gaussian-separated-n1000000-d64-seed42,synthetic,gaussian,separated_clusters,approx_knn_only,1000000,64,42.0,False,2,50,49,False,0.0,6,166667,166666,50000000,0,1000,0,73044,1000,1,1,438.5607097039992,133.00239493400113
gaussian-separated-n1000000-d64-seed42,synthetic,gaussian,separated_clusters,random_sqrt_clique,1000000,64,42.0,False,2,50,49,True,1.0,1,1000000,1000000,50499500,1000,1000,0,73044,1000,1,1,438.5607097039992,130.48441104700032
gaussian-separated-n1000000-d64-seed42,synthetic,gaussian,separated_clusters,score_sg_antihub,1000000,64,42.0,False,2,50,49,True,1.0,1,1000000,1000000,50499500,1000,1000,0,73044,1000,1,1,438.5607097039992,130.8782761170005
gaussian-iid-n1000000-d128-seed42,synthetic,gaussian,iid,approx_knn_only,1000000,128,42.0,False,2,50,49,True,1.0,1,1000000,1000000,50000000,0,1000,0,235152,1000,2,2,554.9162285680013,129.9590735469992
gaussian-iid-n1000000-d128-seed42,synthetic,gaussian,iid,random_sqrt_clique,1000000,128,42.0,False,2,50,49,True,1.0,1,1000000,1000000,50499500,1000,1000,0,235152,1000,2,2,554.9162285680013,130.91329483399932
gaussian-iid-n1000000-d128-seed42,synthetic,gaussian,iid,score_sg_antihub,1000000,128,42.0,False,2,50,49,True,1.0,1,1000000,1000000,50499500,1000,1000,0,235152,1000,2,2,554.9162285680013,130.34799433400076
gaussian-separated-n1000000-d128-seed42,synthetic,gaussian,separated_clusters,approx_knn_only,1000000,128,42.0,False,2,50,49,False,0.0,6,166667,166666,50000000,0,1000,0,160095,1000,1,1,506.7185116599994,130.75635869600046
gaussian-separated-n1000000-d128-seed42,synthetic,gaussian,separated_clusters,random_sqrt_clique,1000000,128,42.0,False,2,50,49,True,1.0,1,1000000,1000000,50499500,1000,1000,0,160095,1000,1,1,506.7185116599994,131.98580097000013
gaussian-separated-n1000000-d128-seed42,synthetic,gaussian,separated_clusters,score_sg_antihub,1000000,128,42.0,False,2,50,49,True,1.0,1,1000000,1000000,50499500,1000,1000,0,160095,1000,1,1,506.7185116599994,131.43860989400127
poisson-iid-n1000-d2-seed42,synthetic,poisson,iid,approx_knn_only,1000,2,42.0,False,2,50,49,True,1.0,1,1000,1000,50000,0,31,17,7,2,1,2,17.6505111080005,0.114517910998984
poisson-iid-n1000-d2-seed42,synthetic,poisson,iid,random_sqrt_clique,1000,2,42.0,False,2,50,49,True,1.0,1,1000,1000,50465,31,31,17,7,2,1,2,17.6505111080005,0.1154767589996481
poisson-iid-n1000-d2-seed42,synthetic,poisson,iid,score_sg_antihub,1000,2,42.0,False,2,50,49,True,1.0,1,1000,1000,50465,31,31,17,7,2,1,2,17.6505111080005,0.1068710910003574
poisson-separated-n1000-d2-seed42,synthetic,poisson,separated_clusters,approx_knn_only,1000,2,42.0,False,2,50,49,False,0.0,6,167,166,50000,0,31,13,3,3,1,1,0.3246066880001308,0.1223852659986732
poisson-separated-n1000-d2-seed42,synthetic,poisson,separated_clusters,random_sqrt_clique,1000,2,42.0,False,2,50,49,True,1.0,1,1000,1000,50465,31,31,13,3,3,1,1,0.3246066880001308,0.122299758999361
poisson-separated-n1000-d2-seed42,synthetic,poisson,separated_clusters,score_sg_antihub,1000,2,42.0,False,2,50,49,True,1.0,1,1000,1000,50465,31,31,13,3,3,1,1,0.3246066880001308,0.1281245819991454
poisson-iid-n1000-d10-seed42,synthetic,poisson,iid,approx_knn_only,1000,10,42.0,False,2,50,49,True,1.0,1,1000,1000,50000,0,31,6,10,5,1,1,17.58463482299885,0.1191453890005505
poisson-iid-n1000-d10-seed42,synthetic,poisson,iid,random_sqrt_clique,1000,10,42.0,False,2,50,49,True,1.0,1,1000,1000,50465,31,31,6,10,5,1,1,17.58463482299885,0.1139505079991067
poisson-iid-n1000-d10-seed42,synthetic,poisson,iid,score_sg_antihub,1000,10,42.0,False,2,50,49,True,1.0,1,1000,1000,50465,31,31,6,10,5,1,1,17.58463482299885,0.1133767560004344
poisson-separated-n1000-d10-seed42,synthetic,poisson,separated_clusters,approx_knn_only,1000,10,42.0,False,2,50,49,False,0.0,6,167,166,50000,0,31,6,8,5,1,1,0.3322199670001282,0.1171538449998479
poisson-separated-n1000-d10-seed42,synthetic,poisson,separated_clusters,random_sqrt_clique,1000,10,42.0,False,2,50,49,True,1.0,1,1000,1000,50465,31,31,6,8,5,1,1,0.3322199670001282,0.1074406290008482
poisson-separated-n1000-d10-seed42,synthetic,poisson,separated_clusters,score_sg_antihub,1000,10,42.0,False,2,50,49,True,1.0,1,1000,1000,50465,31,31,6,8,5,1,1,0.3322199670001282,0.1138602489991171
poisson-iid-n1000-d32-seed42,synthetic,poisson,iid,approx_knn_only,1000,32,42.0,False,2,50,49,True,1.0,1,1000,1000,50000,0,31,2,11,7,1,1,17.71253508100017,0.1236337980008102
poisson-iid-n1000-d32-seed42,synthetic,poisson,iid,random_sqrt_clique,1000,32,42.0,False,2,50,49,True,1.0,1,1000,1000,50465,31,31,2,11,7,1,1,17.71253508100017,0.1209172879989637
poisson-iid-n1000-d32-seed42,synthetic,poisson,iid,score_sg_antihub,1000,32,42.0,False,2,50,49,True,1.0,1,1000,1000,50465,31,31,2,11,7,1,1,17.71253508100017,0.1101115139990724
poisson-separated-n1000-d32-seed42,synthetic,poisson,separated_clusters,approx_knn_only,1000,32,42.0,False,2,50,49,False,0.0,6,167,166,50000,0,31,6,12,6,1,1,0.3214065580013994,0.1266228339991357
poisson-separated-n1000-d32-seed42,synthetic,poisson,separated_clusters,random_sqrt_clique,1000,32,42.0,False,2,50,49,True,1.0,1,1000,1000,50465,31,31,6,12,6,1,1,0.3214065580013994,0.1148044059991661
poisson-separated-n1000-d32-seed42,synthetic,poisson,separated_clusters,score_sg_antihub,1000,32,42.0,False,2,50,49,True,1.0,1,1000,1000,50465,31,31,6,12,6,1,1,0.3214065580013994,0.1124445160003233
poisson-iid-n1000-d64-seed42,synthetic,poisson,iid,approx_knn_only,1000,64,42.0,False,2,50,49,True,1.0,1,1000,1000,50000,0,31,1,20,17,1,1,17.66486120100126,0.1221030809992953
poisson-iid-n1000-d64-seed42,synthetic,poisson,iid,random_sqrt_clique,1000,64,42.0,False,2,50,49,True,1.0,1,1000,1000,50465,31,31,1,20,17,1,1,17.66486120100126,0.124843169000087
poisson-iid-n1000-d64-seed42,synthetic,poisson,iid,score_sg_antihub,1000,64,42.0,False,2,50,49,True,1.0,1,1000,1000,50465,31,31,1,20,17,1,1,17.66486120100126,0.1192700829997193
poisson-separated-n1000-d64-seed42,synthetic,poisson,separated_clusters,approx_knn_only,1000,64,42.0,False,2,50,49,False,0.0,6,167,166,50000,0,31,4,13,4,1,1,0.3495100370000727,0.1173329670000384
poisson-separated-n1000-d64-seed42,synthetic,poisson,separated_clusters,random_sqrt_clique,1000,64,42.0,False,2,50,49,True,1.0,1,1000,1000,50465,31,31,4,13,4,1,1,0.3495100370000727,0.1086138659993594
poisson-separated-n1000-d64-seed42,synthetic,poisson,separated_clusters,score_sg_antihub,1000,64,42.0,False,2,50,49,True,1.0,1,1000,1000,50465,31,31,4,13,4,1,1,0.3495100370000727,0.109334671000397
poisson-iid-n1000-d128-seed42,synthetic,poisson,iid,approx_knn_only,1000,128,42.0,False,2,50,49,True,1.0,1,1000,1000,50000,0,31,1,34,3,1,1,17.615508040998975,0.11297968800136
poisson-iid-n1000-d128-seed42,synthetic,poisson,iid,random_sqrt_clique,1000,128,42.0,False,2,50,49,True,1.0,1,1000,1000,50465,31,31,1,34,3,1,1,17.615508040998975,0.1122275779998744
poisson-iid-n1000-d128-seed42,synthetic,poisson,iid,score_sg_antihub,1000,128,42.0,False,2,50,49,True,1.0,1,1000,1000,50465,31,31,1,34,3,1,1,17.615508040998975,0.1133085149995167
poisson-separated-n1000-d128-seed42,synthetic,poisson,separated_clusters,approx_knn_only,1000,128,42.0,False,2,50,49,False,0.0,6,167,166,50000,0,31,3,15,13,1,1,0.341712468998594,0.1246980550004082
poisson-separated-n1000-d128-seed42,synthetic,poisson,separated_clusters,random_sqrt_clique,1000,128,42.0,False,2,50,49,True,1.0,1,1000,1000,50465,31,31,3,15,13,1,1,0.341712468998594,0.1198254320006526
poisson-separated-n1000-d128-seed42,synthetic,poisson,separated_clusters,score_sg_antihub,1000,128,42.0,False,2,50,49,True,1.0,1,1000,1000,50465,31,31,3,15,13,1,1,0.341712468998594,0.1091617350011802
poisson-iid-n5000-d2-seed42,synthetic,poisson,iid,approx_knn_only,5000,2,42.0,False,2,50,49,False,0.0,28,2491,51,250000,0,70,0,195,70,32,34,18.02224746599859,0.6080781069995282
poisson-iid-n5000-d2-seed42,synthetic,poisson,iid,random_sqrt_clique,5000,2,42.0,False,2,50,49,False,0.0,9,4448,51,252415,70,70,0,195,70,32,34,18.02224746599859,0.610831681999116
poisson-iid-n5000-d2-seed42,synthetic,poisson,iid,score_sg_antihub,5000,2,42.0,False,2,50,49,False,0.0,21,2491,51,252415,70,70,0,195,70,32,34,18.02224746599859,0.5743157209999481
poisson-separated-n5000-d2-seed42,synthetic,poisson,separated_clusters,approx_knn_only,5000,2,42.0,False,2,50,49,False,0.0,6,834,833,250000,0,70,13,32,3,2,2,1.1364220109990129,0.6436769800002367
poisson-separated-n5000-d2-seed42,synthetic,poisson,separated_clusters,random_sqrt_clique,5000,2,42.0,False,2,50,49,True,1.0,1,5000,5000,252415,70,70,13,32,3,2,2,1.1364220109990129,0.5787233510000078
poisson-separated-n5000-d2-seed42,synthetic,poisson,separated_clusters,score_sg_antihub,5000,2,42.0,False,2,50,49,True,1.0,1,5000,5000,252415,70,70,13,32,3,2,2,1.1364220109990129,0.6088156240002718
poisson-iid-n5000-d10-seed42,synthetic,poisson,iid,approx_knn_only,5000,10,42.0,False,2,50,49,True,1.0,1,5000,5000,250000,0,70,4,28,22,1,1,18.45659632800016,0.5710349439996207
poisson-iid-n5000-d10-seed42,synthetic,poisson,iid,random_sqrt_clique,5000,10,42.0,False,2,50,49,True,1.0,1,5000,5000,252415,70,70,4,28,22,1,1,18.45659632800016,0.5637169900001027
poisson-iid-n5000-d10-seed42,synthetic,poisson,iid,score_sg_antihub,5000,10,42.0,False,2,50,49,True,1.0,1,5000,5000,252415,70,70,4,28,22,1,1,18.45659632800016,0.5816566199991939
poisson-separated-n5000-d10-seed42,synthetic,poisson,separated_clusters,approx_knn_only,5000,10,42.0,False,2,50,49,False,0.0,6,834,833,250000,0,70,4,33,1,1,1,1.0993874300002062,0.6058351889987534
poisson-separated-n5000-d10-seed42,synthetic,poisson,separated_clusters,random_sqrt_clique,5000,10,42.0,False,2,50,49,True,1.0,1,5000,5000,252415,70,70,4,33,1,1,1,1.0993874300002062,0.5808338730003015
poisson-separated-n5000-d10-seed42,synthetic,poisson,separated_clusters,score_sg_antihub,5000,10,42.0,False,2,50,49,True,1.0,1,5000,5000,252415,70,70,4,33,1,1,1,1.0993874300002062,0.5621712750016741
poisson-iid-n5000-d32-seed42,synthetic,poisson,iid,approx_knn_only,5000,32,42.0,False,2,50,49,True,1.0,1,5000,5000,250000,0,70,1,89,7,1,1,18.534876744999565,0.6221385520002514
poisson-iid-n5000-d32-seed42,synthetic,poisson,iid,random_sqrt_clique,5000,32,42.0,False,2,50,49,True,1.0,1,5000,5000,252415,70,70,1,89,7,1,1,18.534876744999565,0.6103215430011915
poisson-iid-n5000-d32-seed42,synthetic,poisson,iid,score_sg_antihub,5000,32,42.0,False,2,50,49,True,1.0,1,5000,5000,252415,70,70,1,89,7,1,1,18.534876744999565,0.594707127998845
poisson-separated-n5000-d32-seed42,synthetic,poisson,separated_clusters,approx_knn_only,5000,32,42.0,False,2,50,49,False,0.0,6,834,833,250000,0,70,1,65,31,1,1,1.022621746000368,0.6077624709996599
poisson-separated-n5000-d32-seed42,synthetic,poisson,separated_clusters,random_sqrt_clique,5000,32,42.0,False,2,50,49,True,1.0,1,5000,5000,252415,70,70,1,65,31,1,1,1.022621746000368,0.5996660929995414
poisson-separated-n5000-d32-seed42,synthetic,poisson,separated_clusters,score_sg_antihub,5000,32,42.0,False,2,50,49,True,1.0,1,5000,5000,252415,70,70,1,65,31,1,1,1.022621746000368,0.624247067999022
poisson-iid-n5000-d64-seed42,synthetic,poisson,iid,approx_knn_only,5000,64,42.0,False,2,50,49,True,1.0,1,5000,5000,250000,0,70,0,177,70,1,1,18.71815752299881,0.5546806509992166
poisson-iid-n5000-d64-seed42,synthetic,poisson,iid,random_sqrt_clique,5000,64,42.0,False,2,50,49,True,1.0,1,5000,5000,252415,70,70,0,177,70,1,1,18.71815752299881,0.5471029719992657
poisson-iid-n5000-d64-seed42,synthetic,poisson,iid,score_sg_antihub,5000,64,42.0,False,2,50,49,True,1.0,1,5000,5000,252415,70,70,0,177,70,1,1,18.71815752299881,0.5595039379986702
poisson-separated-n5000-d64-seed42,synthetic,poisson,separated_clusters,approx_knn_only,5000,64,42.0,False,2,50,49,False,0.0,6,834,833,250000,0,70,1,91,1,1,1,1.1623341260001323,0.5948989910011733
poisson-separated-n5000-d64-seed42,synthetic,poisson,separated_clusters,random_sqrt_clique,5000,64,42.0,False,2,50,49,True,1.0,1,5000,5000,252415,70,70,1,91,1,1,1,1.1623341260001323,0.5513269309994939
poisson-separated-n5000-d64-seed42,synthetic,poisson,separated_clusters,score_sg_antihub,5000,64,42.0,False,2,50,49,True,1.0,1,5000,5000,252415,70,70,1,91,1,1,1,1.1623341260001323,0.5512642779995076
poisson-iid-n5000-d128-seed42,synthetic,poisson,iid,approx_knn_only,5000,128,42.0,False,2,50,49,True,1.0,1,5000,5000,250000,0,70,0,290,70,1,1,18.81764321800074,0.5706244920002064
poisson-iid-n5000-d128-seed42,synthetic,poisson,iid,random_sqrt_clique,5000,128,42.0,False,2,50,49,True,1.0,1,5000,5000,252415,70,70,0,290,70,1,1,18.81764321800074,0.5679234899998846
poisson-iid-n5000-d128-seed42,synthetic,poisson,iid,score_sg_antihub,5000,128,42.0,False,2,50,49,True,1.0,1,5000,5000,252415,70,70,0,290,70,1,1,18.81764321800074,0.568191927000953
poisson-separated-n5000-d128-seed42,synthetic,poisson,separated_clusters,approx_knn_only,5000,128,42.0,False,2,50,49,False,0.0,6,834,833,250000,0,70,0,120,70,1,1,1.2308715879989904,0.6165771380001388
poisson-separated-n5000-d128-seed42,synthetic,poisson,separated_clusters,random_sqrt_clique,5000,128,42.0,False,2,50,49,True,1.0,1,5000,5000,252415,70,70,0,120,70,1,1,1.2308715879989904,0.6378477169982943
poisson-separated-n5000-d128-seed42,synthetic,poisson,separated_clusters,score_sg_antihub,5000,128,42.0,False,2,50,49,True,1.0,1,5000,5000,252415,70,70,0,120,70,1,1,1.2308715879989904,0.5535164880002412
poisson-iid-n10000-d2-seed42,synthetic,poisson,iid,approx_knn_only,10000,2,42.0,False,2,50,49,False,0.0,49,3232,52,500000,0,100,0,1190,100,10,22,19.03126628399877,1.248607991001336
poisson-iid-n10000-d2-seed42,synthetic,poisson,iid,random_sqrt_clique,10000,2,42.0,False,2,50,49,False,0.0,15,8635,52,504950,100,100,0,1190,100,10,22,19.03126628399877,1.1774380629994994
poisson-iid-n10000-d2-seed42,synthetic,poisson,iid,score_sg_antihub,10000,2,42.0,False,2,50,49,False,0.0,36,3232,74,504950,100,100,0,1190,100,10,22,19.03126628399877,1.1409871949999797
poisson-separated-n10000-d2-seed42,synthetic,poisson,separated_clusters,approx_knn_only,10000,2,42.0,False,2,50,49,False,0.0,17,1560,54,500000,0,100,9,13,8,1,1,2.071874499999467,1.1324478870010353
poisson-separated-n10000-d2-seed42,synthetic,poisson,separated_clusters,random_sqrt_clique,10000,2,42.0,False,2,50,49,False,0.0,6,9675,54,504950,100,100,9,13,8,1,1,2.071874499999467,1.1338681810011622
poisson-separated-n10000-d2-seed42,synthetic,poisson,separated_clusters,score_sg_antihub,10000,2,42.0,False,2,50,49,False,0.0,5,9637,71,504950,100,100,9,13,8,1,1,2.071874499999467,1.217993825999656
poisson-iid-n10000-d10-seed42,synthetic,poisson,iid,approx_knn_only,10000,10,42.0,False,2,50,49,True,1.0,1,10000,10000,500000,0,100,3,26,24,1,1,19.80455579699992,1.2006910700001754
poisson-iid-n10000-d10-seed42,synthetic,poisson,iid,random_sqrt_clique,10000,10,42.0,False,2,50,49,True,1.0,1,10000,10000,504950,100,100,3,26,24,1,1,19.80455579699992,1.1652876400003152
poisson-iid-n10000-d10-seed42,synthetic,poisson,iid,score_sg_antihub,10000,10,42.0,False,2,50,49,True,1.0,1,10000,10000,504950,100,100,3,26,24,1,1,19.80455579699992,1.1190812879995065
poisson-separated-n10000-d10-seed42,synthetic,poisson,separated_clusters,approx_knn_only,10000,10,42.0,False,2,50,49,False,0.0,6,1667,1666,500000,0,100,3,51,9,1,1,2.128562414000044,1.1428077590007888
poisson-separated-n10000-d10-seed42,synthetic,poisson,separated_clusters,random_sqrt_clique,10000,10,42.0,False,2,50,49,True,1.0,1,10000,10000,504950,100,100,3,51,9,1,1,2.128562414000044,1.1444721379994007
poisson-separated-n10000-d10-seed42,synthetic,poisson,separated_clusters,score_sg_antihub,10000,10,42.0,False,2,50,49,True,1.0,1,10000,10000,504950,100,100,3,51,9,1,1,2.128562414000044,1.2193752699986362
poisson-iid-n10000-d32-seed42,synthetic,poisson,iid,approx_knn_only,10000,32,42.0,False,2,50,49,True,1.0,1,10000,10000,500000,0,100,0,134,100,1,1,19.90553385000021,1.2132898439995188
poisson-iid-n10000-d32-seed42,synthetic,poisson,iid,random_sqrt_clique,10000,32,42.0,False,2,50,49,True,1.0,1,10000,10000,504950,100,100,0,134,100,1,1,19.90553385000021,1.177822431000095
poisson-iid-n10000-d32-seed42,synthetic,poisson,iid,score_sg_antihub,10000,32,42.0,False,2,50,49,True,1.0,1,10000,10000,504950,100,100,0,134,100,1,1,19.90553385000021,1.137371593998978
poisson-separated-n10000-d32-seed42,synthetic,poisson,separated_clusters,approx_knn_only,10000,32,42.0,False,2,50,49,False,0.0,6,1667,1666,500000,0,100,0,109,100,1,1,2.208826197000235,1.1674681430013152
poisson-separated-n10000-d32-seed42,synthetic,poisson,separated_clusters,random_sqrt_clique,10000,32,42.0,False,2,50,49,True,1.0,1,10000,10000,504950,100,100,0,109,100,1,1,2.208826197000235,1.151430624000568
poisson-separated-n10000-d32-seed42,synthetic,poisson,separated_clusters,score_sg_antihub,10000,32,42.0,False,2,50,49,True,1.0,1,10000,10000,504950,100,100,0,109,100,1,1,2.208826197000235,1.2388130870003806
poisson-iid-n10000-d64-seed42,synthetic,poisson,iid,approx_knn_only,10000,64,42.0,False,2,50,49,True,1.0,1,10000,10000,500000,0,100,0,360,100,1,1,21.10456892700131,1.5655907170003047
poisson-iid-n10000-d64-seed42,synthetic,poisson,iid,random_sqrt_clique,10000,64,42.0,False,2,50,49,True,1.0,1,10000,10000,504950,100,100,0,360,100,1,1,21.10456892700131,1.2948566150007537
poisson-iid-n10000-d64-seed42,synthetic,poisson,iid,score_sg_antihub,10000,64,42.0,False,2,50,49,True,1.0,1,10000,10000,504950,100,100,0,360,100,1,1,21.10456892700131,1.2735210880000525
poisson-separated-n10000-d64-seed42,synthetic,poisson,separated_clusters,approx_knn_only,10000,64,42.0,False,2,50,49,False,0.0,6,1667,1666,500000,0,100,0,228,100,1,1,2.252332169999136,1.2590794790012296
poisson-separated-n10000-d64-seed42,synthetic,poisson,separated_clusters,random_sqrt_clique,10000,64,42.0,False,2,50,49,True,1.0,1,10000,10000,504950,100,100,0,228,100,1,1,2.252332169999136,1.222613847001412
poisson-separated-n10000-d64-seed42,synthetic,poisson,separated_clusters,score_sg_antihub,10000,64,42.0,False,2,50,49,True,1.0,1,10000,10000,504950,100,100,0,228,100,1,1,2.252332169999136,1.2329972740008088
poisson-iid-n10000-d128-seed42,synthetic,poisson,iid,approx_knn_only,10000,128,42.0,False,2,50,49,True,1.0,1,10000,10000,500000,0,100,0,704,100,1,1,20.808273024998925,1.2177485920001343
poisson-iid-n10000-d128-seed42,synthetic,poisson,iid,random_sqrt_clique,10000,128,42.0,False,2,50,49,True,1.0,1,10000,10000,504950,100,100,0,704,100,1,1,20.808273024998925,1.1670822809992387
poisson-iid-n10000-d128-seed42,synthetic,poisson,iid,score_sg_antihub,10000,128,42.0,False,2,50,49,True,1.0,1,10000,10000,504950,100,100,0,704,100,1,1,20.808273024998925,1.1341222530008963
poisson-separated-n10000-d128-seed42,synthetic,poisson,separated_clusters,approx_knn_only,10000,128,42.0,False,2,50,49,False,0.0,6,1667,1666,500000,0,100,0,344,100,1,2,2.548831414000233,1.1458867250003095
poisson-separated-n10000-d128-seed42,synthetic,poisson,separated_clusters,random_sqrt_clique,10000,128,42.0,False,2,50,49,True,1.0,1,10000,10000,504950,100,100,0,344,100,1,2,2.548831414000233,1.1345680710001034
poisson-separated-n10000-d128-seed42,synthetic,poisson,separated_clusters,score_sg_antihub,10000,128,42.0,False,2,50,49,True,1.0,1,10000,10000,504950,100,100,0,344,100,1,2,2.548831414000233,1.2894353199990292
poisson-iid-n25000-d2-seed42,synthetic,poisson,iid,approx_knn_only,25000,2,42.0,False,2,50,49,False,0.0,143,2678,55,1250000,0,158,0,10492,158,16,30,20.375192668001542,2.987055915999008
poisson-iid-n25000-d2-seed42,synthetic,poisson,iid,random_sqrt_clique,25000,2,42.0,False,2,50,49,False,0.0,59,18775,55,1262403,158,158,0,10492,158,16,30,20.375192668001542,3.027869205998286
poisson-iid-n25000-d2-seed42,synthetic,poisson,iid,score_sg_antihub,25000,2,42.0,False,2,50,49,False,0.0,124,7684,55,1262403,158,158,0,10492,158,16,30,20.375192668001542,3.019656833999761
poisson-separated-n25000-d2-seed42,synthetic,poisson,separated_clusters,approx_knn_only,25000,2,42.0,False,2,50,49,False,0.0,161,2167,51,1250000,0,158,0,4444,158,1,2,3.509165374000077,2.946415069998693
poisson-separated-n25000-d2-seed42,synthetic,poisson,separated_clusters,random_sqrt_clique,25000,2,42.0,False,2,50,49,False,0.0,92,17597,51,1262403,158,158,0,4444,158,1,2,3.509165374000077,3.030267729000116
poisson-separated-n25000-d2-seed42,synthetic,poisson,separated_clusters,score_sg_antihub,25000,2,42.0,False,2,50,49,False,0.0,126,10059,51,1262403,158,158,0,4444,158,1,2,3.509165374000077,3.077228460000697
poisson-iid-n25000-d10-seed42,synthetic,poisson,iid,approx_knn_only,25000,10,42.0,False,2,50,49,True,1.0,1,25000,25000,1250000,0,158,3,67,38,1,1,23.041109189000053,2.931009575000644
poisson-iid-n25000-d10-seed42,synthetic,poisson,iid,random_sqrt_clique,25000,10,42.0,False,2,50,49,True,1.0,1,25000,25000,1262403,158,158,3,67,38,1,1,23.041109189000053,3.0065457399978186
poisson-iid-n25000-d10-seed42,synthetic,poisson,iid,score_sg_antihub,25000,10,42.0,False,2,50,49,True,1.0,1,25000,25000,1262403,158,158,3,67,38,1,1,23.041109189000053,2.9761763839997
poisson-separated-n25000-d10-seed42,synthetic,poisson,separated_clusters,approx_knn_only,25000,10,42.0,False,2,50,49,False,0.0,6,4167,4166,1250000,0,158,2,104,64,1,1,5.10892093000075,2.918080430998089
poisson-separated-n25000-d10-seed42,synthetic,poisson,separated_clusters,random_sqrt_clique,25000,10,42.0,False,2,50,49,True,1.0,1,25000,25000,1262403,158,158,2,104,64,1,1,5.10892093000075,2.893905914999777
poisson-separated-n25000-d10-seed42,synthetic,poisson,separated_clusters,score_sg_antihub,25000,10,42.0,False,2,50,49,True,1.0,1,25000,25000,1262403,158,158,2,104,64,1,1,5.10892093000075,2.981046970002353
poisson-iid-n25000-d32-seed42,synthetic,poisson,iid,approx_knn_only,25000,32,42.0,False,2,50,49,True,1.0,1,25000,25000,1250000,0,158,0,417,158,1,1,23.516637943001115,2.8911728729981405
poisson-iid-n25000-d32-seed42,synthetic,poisson,iid,random_sqrt_clique,25000,32,42.0,False,2,50,49,True,1.0,1,25000,25000,1262403,158,158,0,417,158,1,1,23.516637943001115,2.895252698999684
poisson-iid-n25000-d32-seed42,synthetic,poisson,iid,score_sg_antihub,25000,32,42.0,False,2,50,49,True,1.0,1,25000,25000,1262403,158,158,0,417,158,1,1,23.516637943001115,2.969277885997144
poisson-separated-n25000-d32-seed42,synthetic,poisson,separated_clusters,approx_knn_only,25000,32,42.0,False,2,50,49,False,0.0,6,4167,4166,1250000,0,158,0,326,158,1,1,5.230879186001403,2.9426212619982834
poisson-separated-n25000-d32-seed42,synthetic,poisson,separated_clusters,random_sqrt_clique,25000,32,42.0,False,2,50,49,True,1.0,1,25000,25000,1262403,158,158,0,326,158,1,1,5.230879186001403,2.9737124129969743
poisson-separated-n25000-d32-seed42,synthetic,poisson,separated_clusters,score_sg_antihub,25000,32,42.0,False,2,50,49,True,1.0,1,25000,25000,1262403,158,158,0,326,158,1,1,5.230879186001403,2.921047487001488
poisson-iid-n25000-d64-seed42,synthetic,poisson,iid,approx_knn_only,25000,64,42.0,False,2,50,49,True,1.0,1,25000,25000,1250000,0,158,0,1159,158,1,1,24.785585425001045,2.893198822999693
poisson-iid-n25000-d64-seed42,synthetic,poisson,iid,random_sqrt_clique,25000,64,42.0,False,2,50,49,True,1.0,1,25000,25000,1262403,158,158,0,1159,158,1,1,24.785585425001045,2.994115181001689
poisson-iid-n25000-d64-seed42,synthetic,poisson,iid,score_sg_antihub,25000,64,42.0,False,2,50,49,True,1.0,1,25000,25000,1262403,158,158,0,1159,158,1,1,24.785585425001045,2.994533879998926
poisson-separated-n25000-d64-seed42,synthetic,poisson,separated_clusters,approx_knn_only,25000,64,42.0,False,2,50,49,False,0.0,6,4167,4166,1250000,0,158,0,773,158,1,1,5.875436304999312,2.931129521999537
poisson-separated-n25000-d64-seed42,synthetic,poisson,separated_clusters,random_sqrt_clique,25000,64,42.0,False,2,50,49,True,1.0,1,25000,25000,1262403,158,158,0,773,158,1,1,5.875436304999312,2.985666463999223
poisson-separated-n25000-d64-seed42,synthetic,poisson,separated_clusters,score_sg_antihub,25000,64,42.0,False,2,50,49,True,1.0,1,25000,25000,1262403,158,158,0,773,158,1,1,5.875436304999312,2.96877961899736
poisson-iid-n25000-d128-seed42,synthetic,poisson,iid,approx_knn_only,25000,128,42.0,False,2,50,49,True,1.0,1,25000,25000,1250000,0,158,0,2389,158,1,1,26.187653011002112,2.983075486998132
poisson-iid-n25000-d128-seed42,synthetic,poisson,iid,random_sqrt_clique,25000,128,42.0,False,2,50,49,True,1.0,1,25000,25000,1262403,158,158,0,2389,158,1,1,26.187653011002112,3.0332349310010613
poisson-iid-n25000-d128-seed42,synthetic,poisson,iid,score_sg_antihub,25000,128,42.0,False,2,50,49,True,1.0,1,25000,25000,1262403,158,158,0,2389,158,1,1,26.187653011002112,2.9290993610011355
poisson-separated-n25000-d128-seed42,synthetic,poisson,separated_clusters,approx_knn_only,25000,128,42.0,False,2,50,49,False,0.0,6,4167,4166,1250000,0,158,0,1384,158,1,1,7.119421683000837,3.012529666000773
poisson-separated-n25000-d128-seed42,synthetic,poisson,separated_clusters,random_sqrt_clique,25000,128,42.0,False,2,50,49,True,1.0,1,25000,25000,1262403,158,158,0,1384,158,1,1,7.119421683000837,3.054494183001225
poisson-separated-n25000-d128-seed42,synthetic,poisson,separated_clusters,score_sg_antihub,25000,128,42.0,False,2,50,49,True,1.0,1,25000,25000,1262403,158,158,0,1384,158,1,1,7.119421683000837,2.949712300000101
poisson-iid-n50000-d2-seed42,synthetic,poisson,iid,approx_knn_only,50000,2,42.0,False,2,50,49,False,0.0,268,2915,51,2500000,0,223,0,26011,223,31,42,21.35324104699976,6.189148577999731
poisson-iid-n50000-d2-seed42,synthetic,poisson,iid,random_sqrt_clique,50000,2,42.0,False,2,50,49,False,0.0,144,31293,51,2524753,223,223,0,26011,223,31,42,21.35324104699976,6.313849249003397
poisson-iid-n50000-d2-seed42,synthetic,poisson,iid,score_sg_antihub,50000,2,42.0,False,2,50,49,False,0.0,244,6838,51,2524753,223,223,0,26011,223,31,42,21.35324104699976,6.15323355199871
poisson-separated-n50000-d2-seed42,synthetic,poisson,separated_clusters,approx_knn_only,50000,2,42.0,False,2,50,49,False,0.0,336,2720,51,2500000,0,223,0,14793,223,27,50,6.14189646199884,6.238574270999379
poisson-separated-n50000-d2-seed42,synthetic,poisson,separated_clusters,random_sqrt_clique,50000,2,42.0,False,2,50,49,False,0.0,224,28220,51,2524753,223,223,0,14793,223,27,50,6.14189646199884,6.2394708579995495
poisson-separated-n50000-d2-seed42,synthetic,poisson,separated_clusters,score_sg_antihub,50000,2,42.0,False,2,50,49,False,0.0,289,11472,51,2524753,223,223,0,14793,223,27,50,6.14189646199884,6.322652917002415
poisson-iid-n50000-d10-seed42,synthetic,poisson,iid,approx_knn_only,50000,10,42.0,False,2,50,49,True,1.0,1,50000,50000,2500000,0,223,3,149,19,1,1,29.037459658000444,6.1554192600015085
poisson-iid-n50000-d10-seed42,synthetic,poisson,iid,random_sqrt_clique,50000,10,42.0,False,2,50,49,True,1.0,1,50000,50000,2524753,223,223,3,149,19,1,1,29.037459658000444,6.240560573998664
poisson-iid-n50000-d10-seed42,synthetic,poisson,iid,score_sg_antihub,50000,10,42.0,False,2,50,49,True,1.0,1,50000,50000,2524753,223,223,3,149,19,1,1,29.037459658000444,6.180652906001342
poisson-separated-n50000-d10-seed42,synthetic,poisson,separated_clusters,approx_knn_only,50000,10,42.0,False,2,50,49,False,0.0,6,8334,8333,2500000,0,223,2,157,51,1,1,11.157747966000898,6.202581838999322
poisson-separated-n50000-d10-seed42,synthetic,poisson,separated_clusters,random_sqrt_clique,50000,10,42.0,False,2,50,49,True,1.0,1,50000,50000,2524753,223,223,2,157,51,1,1,11.157747966000898,6.249154813998757
poisson-separated-n50000-d10-seed42,synthetic,poisson,separated_clusters,score_sg_antihub,50000,10,42.0,False,2,50,49,True,1.0,1,50000,50000,2524753,223,223,2,157,51,1,1,11.157747966000898,6.379886466998869
poisson-iid-n50000-d32-seed42,synthetic,poisson,iid,approx_knn_only,50000,32,42.0,False,2,50,49,True,1.0,1,50000,50000,2500000,0,223,0,881,223,1,1,30.972101561001185,6.1087886479981535
poisson-iid-n50000-d32-seed42,synthetic,poisson,iid,random_sqrt_clique,50000,32,42.0,False,2,50,49,True,1.0,1,50000,50000,2524753,223,223,0,881,223,1,1,30.972101561001185,6.080507209000643
poisson-iid-n50000-d32-seed42,synthetic,poisson,iid,score_sg_antihub,50000,32,42.0,False,2,50,49,True,1.0,1,50000,50000,2524753,223,223,0,881,223,1,1,30.972101561001185,6.231297647998872
poisson-separated-n50000-d32-seed42,synthetic,poisson,separated_clusters,approx_knn_only,50000,32,42.0,False,2,50,49,False,0.0,6,8334,8333,2500000,0,223,0,741,223,1,1,11.545293390998268,6.141027814999688
poisson-separated-n50000-d32-seed42,synthetic,poisson,separated_clusters,random_sqrt_clique,50000,32,42.0,False,2,50,49,True,1.0,1,50000,50000,2524753,223,223,0,741,223,1,1,11.545293390998268,6.268470441002137
poisson-separated-n50000-d32-seed42,synthetic,poisson,separated_clusters,score_sg_antihub,50000,32,42.0,False,2,50,49,True,1.0,1,50000,50000,2524753,223,223,0,741,223,1,1,11.545293390998268,6.295690420996834
poisson-iid-n50000-d64-seed42,synthetic,poisson,iid,approx_knn_only,50000,64,42.0,False,2,50,49,True,1.0,1,50000,50000,2500000,0,223,0,2641,223,1,1,33.40894859499895,5.982172227999399
poisson-iid-n50000-d64-seed42,synthetic,poisson,iid,random_sqrt_clique,50000,64,42.0,False,2,50,49,True,1.0,1,50000,50000,2524753,223,223,0,2641,223,1,1,33.40894859499895,6.025527526999213
poisson-iid-n50000-d64-seed42,synthetic,poisson,iid,score_sg_antihub,50000,64,42.0,False,2,50,49,True,1.0,1,50000,50000,2524753,223,223,0,2641,223,1,1,33.40894859499895,5.960536241000227
poisson-separated-n50000-d64-seed42,synthetic,poisson,separated_clusters,approx_knn_only,50000,64,42.0,False,2,50,49,False,0.0,6,8334,8333,2500000,0,223,0,1935,223,1,1,13.016348549001124,5.967929980000918
poisson-separated-n50000-d64-seed42,synthetic,poisson,separated_clusters,random_sqrt_clique,50000,64,42.0,False,2,50,49,True,1.0,1,50000,50000,2524753,223,223,0,1935,223,1,1,13.016348549001124,6.147206369001651
poisson-separated-n50000-d64-seed42,synthetic,poisson,separated_clusters,score_sg_antihub,50000,64,42.0,False,2,50,49,True,1.0,1,50000,50000,2524753,223,223,0,1935,223,1,1,13.016348549001124,5.974491708002461
poisson-iid-n50000-d128-seed42,synthetic,poisson,iid,approx_knn_only,50000,128,42.0,False,2,50,49,True,1.0,1,50000,50000,2500000,0,223,0,5776,223,1,1,36.59055540099871,6.378215150001779
poisson-iid-n50000-d128-seed42,synthetic,poisson,iid,random_sqrt_clique,50000,128,42.0,False,2,50,49,True,1.0,1,50000,50000,2524753,223,223,0,5776,223,1,1,36.59055540099871,6.49105199800033
poisson-iid-n50000-d128-seed42,synthetic,poisson,iid,score_sg_antihub,50000,128,42.0,False,2,50,49,True,1.0,1,50000,50000,2524753,223,223,0,5776,223,1,1,36.59055540099871,6.390900107999187
poisson-separated-n50000-d128-seed42,synthetic,poisson,separated_clusters,approx_knn_only,50000,128,42.0,False,2,50,49,False,0.0,6,8334,8333,2500000,0,223,0,3448,223,1,1,16.220830902999296,6.352671530999942
poisson-separated-n50000-d128-seed42,synthetic,poisson,separated_clusters,random_sqrt_clique,50000,128,42.0,False,2,50,49,True,1.0,1,50000,50000,2524753,223,223,0,3448,223,1,1,16.220830902999296,6.460915136001859
poisson-separated-n50000-d128-seed42,synthetic,poisson,separated_clusters,score_sg_antihub,50000,128,42.0,False,2,50,49,True,1.0,1,50000,50000,2524753,223,223,0,3448,223,1,1,16.220830902999296,6.3417765669983055
poisson-iid-n100000-d2-seed42,synthetic,poisson,iid,approx_knn_only,100000,2,42.0,False,2,50,49,False,0.0,544,2616,52,5000000,0,316,0,56356,316,1,1,24.985341086001423,12.906678069000918
poisson-iid-n100000-d2-seed42,synthetic,poisson,iid,random_sqrt_clique,100000,2,42.0,False,2,50,49,False,0.0,337,52489,52,5049770,316,316,0,56356,316,1,1,24.985341086001423,12.892141303000244
poisson-iid-n100000-d2-seed42,synthetic,poisson,iid,score_sg_antihub,100000,2,42.0,False,2,50,49,False,0.0,508,17829,59,5049770,316,316,0,56356,316,1,1,24.985341086001423,12.884671069001342
poisson-separated-n100000-d2-seed42,synthetic,poisson,separated_clusters,approx_knn_only,100000,2,42.0,False,2,50,49,False,0.0,677,2457,51,5000000,0,316,0,44085,316,1,8,11.3303602019987,14.184419312998216
poisson-separated-n100000-d2-seed42,synthetic,poisson,separated_clusters,random_sqrt_clique,100000,2,42.0,False,2,50,49,False,0.0,457,48266,51,5049770,316,316,0,44085,316,1,8,11.3303602019987,14.214728379996814
poisson-separated-n100000-d2-seed42,synthetic,poisson,separated_clusters,score_sg_antihub,100000,2,42.0,False,2,50,49,False,0.0,617,13319,51,5049770,316,316,0,44085,316,1,8,11.3303602019987,13.212792690999777
poisson-iid-n100000-d10-seed42,synthetic,poisson,iid,approx_knn_only,100000,10,42.0,False,2,50,49,True,1.0,1,100000,100000,5000000,0,316,2,187,162,1,1,41.02749057999972,12.586846793001314
poisson-iid-n100000-d10-seed42,synthetic,poisson,iid,random_sqrt_clique,100000,10,42.0,False,2,50,49,True,1.0,1,100000,100000,5049770,316,316,2,187,162,1,1,41.02749057999972,12.815245073998083
poisson-iid-n100000-d10-seed42,synthetic,poisson,iid,score_sg_antihub,100000,10,42.0,False,2,50,49,True,1.0,1,100000,100000,5049770,316,316,2,187,162,1,1,41.02749057999972,12.645263972000976
poisson-separated-n100000-d10-seed42,synthetic,poisson,separated_clusters,approx_knn_only,100000,10,42.0,False,2,50,49,False,0.0,6,16667,16666,5000000,0,316,2,302,31,1,1,23.209170004000043,12.708103146000212
poisson-separated-n100000-d10-seed42,synthetic,poisson,separated_clusters,random_sqrt_clique,100000,10,42.0,False,2,50,49,True,1.0,1,100000,100000,5049770,316,316,2,302,31,1,1,23.209170004000043,12.786756355999389
poisson-separated-n100000-d10-seed42,synthetic,poisson,separated_clusters,score_sg_antihub,100000,10,42.0,False,2,50,49,True,1.0,1,100000,100000,5049770,316,316,2,302,31,1,1,23.209170004000043,12.796215369002311
poisson-iid-n100000-d32-seed42,synthetic,poisson,iid,approx_knn_only,100000,32,42.0,False,2,50,49,True,1.0,1,100000,100000,5000000,0,316,0,1777,316,1,1,45.821452967997175,12.99830933600242
poisson-iid-n100000-d32-seed42,synthetic,poisson,iid,random_sqrt_clique,100000,32,42.0,False,2,50,49,True,1.0,1,100000,100000,5049770,316,316,0,1777,316,1,1,45.821452967997175,12.904967875998407
poisson-iid-n100000-d32-seed42,synthetic,poisson,iid,score_sg_antihub,100000,32,42.0,False,2,50,49,True,1.0,1,100000,100000,5049770,316,316,0,1777,316,1,1,45.821452967997175,12.829080996998528
poisson-separated-n100000-d32-seed42,synthetic,poisson,separated_clusters,approx_knn_only,100000,32,42.0,False,2,50,49,False,0.0,6,16667,16666,5000000,0,316,0,1614,316,1,1,24.55640254500031,12.85855996400278
poisson-separated-n100000-d32-seed42,synthetic,poisson,separated_clusters,random_sqrt_clique,100000,32,42.0,False,2,50,49,True,1.0,1,100000,100000,5049770,316,316,0,1614,316,1,1,24.55640254500031,13.054079375000583
poisson-separated-n100000-d32-seed42,synthetic,poisson,separated_clusters,score_sg_antihub,100000,32,42.0,False,2,50,49,True,1.0,1,100000,100000,5049770,316,316,0,1614,316,1,1,24.55640254500031,12.861586489001638
poisson-iid-n100000-d64-seed42,synthetic,poisson,iid,approx_knn_only,100000,64,42.0,False,2,50,49,True,1.0,1,100000,100000,5000000,0,316,0,5842,316,1,1,53.70466114100054,12.496695400001045
poisson-iid-n100000-d64-seed42,synthetic,poisson,iid,random_sqrt_clique,100000,64,42.0,False,2,50,49,True,1.0,1,100000,100000,5049770,316,316,0,5842,316,1,1,53.70466114100054,12.653014006002197
poisson-iid-n100000-d64-seed42,synthetic,poisson,iid,score_sg_antihub,100000,64,42.0,False,2,50,49,True,1.0,1,100000,100000,5049770,316,316,0,5842,316,1,1,53.70466114100054,12.702287981999689
poisson-separated-n100000-d64-seed42,synthetic,poisson,separated_clusters,approx_knn_only,100000,64,42.0,False,2,50,49,False,0.0,6,16667,16666,5000000,0,316,0,4505,316,1,1,28.93567394099955,12.75257491100274
poisson-separated-n100000-d64-seed42,synthetic,poisson,separated_clusters,random_sqrt_clique,100000,64,42.0,False,2,50,49,True,1.0,1,100000,100000,5049770,316,316,0,4505,316,1,1,28.93567394099955,12.717373428000428
poisson-separated-n100000-d64-seed42,synthetic,poisson,separated_clusters,score_sg_antihub,100000,64,42.0,False,2,50,49,True,1.0,1,100000,100000,5049770,316,316,0,4505,316,1,1,28.93567394099955,12.879685194999183
poisson-iid-n100000-d128-seed42,synthetic,poisson,iid,approx_knn_only,100000,128,42.0,False,2,50,49,True,1.0,1,100000,100000,5000000,0,316,0,13767,316,2,2,60.471024179998494,12.451607831000729
poisson-iid-n100000-d128-seed42,synthetic,poisson,iid,random_sqrt_clique,100000,128,42.0,False,2,50,49,True,1.0,1,100000,100000,5049770,316,316,0,13767,316,2,2,60.471024179998494,12.649908512001277
poisson-iid-n100000-d128-seed42,synthetic,poisson,iid,score_sg_antihub,100000,128,42.0,False,2,50,49,True,1.0,1,100000,100000,5049770,316,316,0,13767,316,2,2,60.471024179998494,12.411706265000248
poisson-separated-n100000-d128-seed42,synthetic,poisson,separated_clusters,approx_knn_only,100000,128,42.0,False,2,50,49,False,0.0,6,16667,16666,5000000,0,316,0,8502,316,1,1,36.23620536800081,12.586665481998352
poisson-separated-n100000-d128-seed42,synthetic,poisson,separated_clusters,random_sqrt_clique,100000,128,42.0,False,2,50,49,True,1.0,1,100000,100000,5049770,316,316,0,8502,316,1,1,36.23620536800081,12.526990618000127
poisson-separated-n100000-d128-seed42,synthetic,poisson,separated_clusters,score_sg_antihub,100000,128,42.0,False,2,50,49,True,1.0,1,100000,100000,5049770,316,316,0,8502,316,1,1,36.23620536800081,12.8233195219982
poisson-iid-n200000-d2-seed42,synthetic,poisson,iid,approx_knn_only,200000,2,42.0,False,2,50,49,False,0.0,818,6239,51,10000000,0,447,0,121990,447,13,42,32.64636419899762,26.004252888000337
poisson-iid-n200000-d2-seed42,synthetic,poisson,iid,random_sqrt_clique,200000,2,42.0,False,2,50,49,False,0.0,564,109954,51,10099681,447,447,0,121990,447,13,42,32.64636419899762,26.358299006999005
poisson-iid-n200000-d2-seed42,synthetic,poisson,iid,score_sg_antihub,200000,2,42.0,False,2,50,49,False,0.0,778,50800,51,10099681,447,447,0,121990,447,13,42,32.64636419899762,26.32254551699953
poisson-separated-n200000-d2-seed42,synthetic,poisson,separated_clusters,approx_knn_only,200000,2,42.0,False,2,50,49,False,0.0,1269,2537,51,10000000,0,447,0,111070,447,88,99,22.304305589997966,26.851185488998453
poisson-separated-n200000-d2-seed42,synthetic,poisson,separated_clusters,random_sqrt_clique,200000,2,42.0,False,2,50,49,False,0.0,921,75078,51,10099681,447,447,0,111070,447,88,99,22.304305589997966,28.044632911001827
poisson-separated-n200000-d2-seed42,synthetic,poisson,separated_clusters,score_sg_antihub,200000,2,42.0,False,2,50,49,False,0.0,1189,12930,51,10099681,447,447,0,111070,447,88,99,22.304305589997966,27.513178732999226
poisson-iid-n200000-d10-seed42,synthetic,poisson,iid,approx_knn_only,200000,10,42.0,False,2,50,49,True,1.0,1,200000,200000,10000000,0,447,2,289,177,1,1,64.81895380199785,25.198744279001403
poisson-iid-n200000-d10-seed42,synthetic,poisson,iid,random_sqrt_clique,200000,10,42.0,False,2,50,49,True,1.0,1,200000,200000,10099681,447,447,2,289,177,1,1,64.81895380199785,25.318404163001105
poisson-iid-n200000-d10-seed42,synthetic,poisson,iid,score_sg_antihub,200000,10,42.0,False,2,50,49,True,1.0,1,200000,200000,10099681,447,447,2,289,177,1,1,64.81895380199785,25.279390313997283
poisson-separated-n200000-d10-seed42,synthetic,poisson,separated_clusters,approx_knn_only,200000,10,42.0,False,2,50,49,False,0.0,6,33334,33333,10000000,0,447,1,321,312,1,1,47.34534101100144,25.296230394000304
poisson-separated-n200000-d10-seed42,synthetic,poisson,separated_clusters,random_sqrt_clique,200000,10,42.0,False,2,50,49,True,1.0,1,200000,200000,10099681,447,447,1,321,312,1,1,47.34534101100144,25.773593555000843
poisson-separated-n200000-d10-seed42,synthetic,poisson,separated_clusters,score_sg_antihub,200000,10,42.0,False,2,50,49,True,1.0,1,200000,200000,10099681,447,447,1,321,312,1,1,47.34534101100144,25.697133231999032
poisson-iid-n200000-d32-seed42,synthetic,poisson,iid,approx_knn_only,200000,32,42.0,False,2,50,49,True,1.0,1,200000,200000,10000000,0,447,0,3477,447,1,1,81.82266262399935,25.815019935002056
poisson-iid-n200000-d32-seed42,synthetic,poisson,iid,random_sqrt_clique,200000,32,42.0,False,2,50,49,True,1.0,1,200000,200000,10099681,447,447,0,3477,447,1,1,81.82266262399935,26.18811984400236
poisson-iid-n200000-d32-seed42,synthetic,poisson,iid,score_sg_antihub,200000,32,42.0,False,2,50,49,True,1.0,1,200000,200000,10099681,447,447,0,3477,447,1,1,81.82266262399935,26.03465428999698
poisson-separated-n200000-d32-seed42,synthetic,poisson,separated_clusters,approx_knn_only,200000,32,42.0,False,2,50,49,False,0.0,6,33334,33333,10000000,0,447,0,3459,447,1,1,55.5409813059996,26.364949013001024
poisson-separated-n200000-d32-seed42,synthetic,poisson,separated_clusters,random_sqrt_clique,200000,32,42.0,False,2,50,49,True,1.0,1,200000,200000,10099681,447,447,0,3459,447,1,1,55.5409813059996,26.364326097998852
poisson-separated-n200000-d32-seed42,synthetic,poisson,separated_clusters,score_sg_antihub,200000,32,42.0,False,2,50,49,True,1.0,1,200000,200000,10099681,447,447,0,3459,447,1,1,55.5409813059996,26.218769584000256
poisson-iid-n200000-d64-seed42,synthetic,poisson,iid,approx_knn_only,200000,64,42.0,False,2,50,49,True,1.0,1,200000,200000,10000000,0,447,0,12787,447,1,1,98.61304068699974,25.353595984001004
poisson-iid-n200000-d64-seed42,synthetic,poisson,iid,random_sqrt_clique,200000,64,42.0,False,2,50,49,True,1.0,1,200000,200000,10099681,447,447,0,12787,447,1,1,98.61304068699974,25.198701847002667
poisson-iid-n200000-d64-seed42,synthetic,poisson,iid,score_sg_antihub,200000,64,42.0,False,2,50,49,True,1.0,1,200000,200000,10099681,447,447,0,12787,447,1,1,98.61304068699974,25.1956683770004
poisson-separated-n200000-d64-seed42,synthetic,poisson,separated_clusters,approx_knn_only,200000,64,42.0,False,2,50,49,False,0.0,6,33334,33333,10000000,0,447,0,9846,447,1,1,65.21991933200115,25.35125796799912
poisson-separated-n200000-d64-seed42,synthetic,poisson,separated_clusters,random_sqrt_clique,200000,64,42.0,False,2,50,49,True,1.0,1,200000,200000,10099681,447,447,0,9846,447,1,1,65.21991933200115,26.25719308299813
poisson-separated-n200000-d64-seed42,synthetic,poisson,separated_clusters,score_sg_antihub,200000,64,42.0,False,2,50,49,True,1.0,1,200000,200000,10099681,447,447,0,9846,447,1,1,65.21991933200115,25.75474366099661
poisson-iid-n200000-d128-seed42,synthetic,poisson,iid,approx_knn_only,200000,128,42.0,False,2,50,49,True,1.0,1,200000,200000,10000000,0,447,0,32536,447,1,1,109.72513090099892,26.15709839999909
poisson-iid-n200000-d128-seed42,synthetic,poisson,iid,random_sqrt_clique,200000,128,42.0,False,2,50,49,True,1.0,1,200000,200000,10099681,447,447,0,32536,447,1,1,109.72513090099892,26.33198941900264
poisson-iid-n200000-d128-seed42,synthetic,poisson,iid,score_sg_antihub,200000,128,42.0,False,2,50,49,True,1.0,1,200000,200000,10099681,447,447,0,32536,447,1,1,109.72513090099892,26.3080231870008
poisson-separated-n200000-d128-seed42,synthetic,poisson,separated_clusters,approx_knn_only,200000,128,42.0,False,2,50,49,False,0.0,6,33334,33333,10000000,0,447,0,20311,447,2,2,81.71921426599874,26.319289461000157
poisson-separated-n200000-d128-seed42,synthetic,poisson,separated_clusters,random_sqrt_clique,200000,128,42.0,False,2,50,49,True,1.0,1,200000,200000,10099681,447,447,0,20311,447,2,2,81.71921426599874,27.0177766980014
poisson-separated-n200000-d128-seed42,synthetic,poisson,separated_clusters,score_sg_antihub,200000,128,42.0,False,2,50,49,True,1.0,1,200000,200000,10099681,447,447,0,20311,447,2,2,81.71921426599874,26.748894770000334
poisson-iid-n500000-d2-seed42,synthetic,poisson,iid,approx_knn_only,500000,2,42.0,False,2,50,49,False,0.0,2291,15323,51,25000000,0,707,0,339043,707,41,68,55.825329996998335,65.93831714800035
poisson-iid-n500000-d2-seed42,synthetic,poisson,iid,random_sqrt_clique,500000,2,42.0,False,2,50,49,False,0.0,1776,191771,51,25249571,707,707,0,339043,707,41,68,55.825329996998335,66.31726366100338
poisson-iid-n500000-d2-seed42,synthetic,poisson,iid,score_sg_antihub,500000,2,42.0,False,2,50,49,False,0.0,2236,65650,51,25249571,707,707,0,339043,707,41,68,55.825329996998335,66.2886633809976
poisson-separated-n500000-d2-seed42,synthetic,poisson,separated_clusters,approx_knn_only,500000,2,42.0,False,2,50,49,False,0.0,3046,2568,51,25000000,0,707,0,303987,707,8,18,38.91969463100031,65.84993631500038
poisson-separated-n500000-d2-seed42,synthetic,poisson,separated_clusters,random_sqrt_clique,500000,2,42.0,False,2,50,49,False,0.0,2455,131777,51,25249571,707,707,0,303987,707,8,18,38.91969463100031,67.81642096599899
poisson-separated-n500000-d2-seed42,synthetic,poisson,separated_clusters,score_sg_antihub,500000,2,42.0,False,2,50,49,False,0.0,2925,37498,51,25249571,707,707,0,303987,707,8,18,38.91969463100031,69.21466940699975
poisson-iid-n500000-d10-seed42,synthetic,poisson,iid,approx_knn_only,500000,10,42.0,False,2,50,49,True,1.0,1,500000,500000,25000000,0,707,2,519,257,1,1,136.2988696229986,64.3911319889994
poisson-iid-n500000-d10-seed42,synthetic,poisson,iid,random_sqrt_clique,500000,10,42.0,False,2,50,49,True,1.0,1,500000,500000,25249571,707,707,2,519,257,1,1,136.2988696229986,64.61006192900095
poisson-iid-n500000-d10-seed42,synthetic,poisson,iid,score_sg_antihub,500000,10,42.0,False,2,50,49,True,1.0,1,500000,500000,25249571,707,707,2,519,257,1,1,136.2988696229986,64.51036211199971
poisson-separated-n500000-d10-seed42,synthetic,poisson,separated_clusters,approx_knn_only,500000,10,42.0,False,2,50,49,False,0.0,6,83334,83333,25000000,0,707,1,607,452,2,2,119.85502485100004,64.74332012099694
poisson-separated-n500000-d10-seed42,synthetic,poisson,separated_clusters,random_sqrt_clique,500000,10,42.0,False,2,50,49,True,1.0,1,500000,500000,25249571,707,707,1,607,452,2,2,119.85502485100004,64.71270099300091
poisson-separated-n500000-d10-seed42,synthetic,poisson,separated_clusters,score_sg_antihub,500000,10,42.0,False,2,50,49,True,1.0,1,500000,500000,25249571,707,707,1,607,452,2,2,119.85502485100004,64.87531085499722
poisson-iid-n500000-d32-seed42,synthetic,poisson,iid,approx_knn_only,500000,32,42.0,False,2,50,49,True,1.0,1,500000,500000,25000000,0,707,0,8601,707,1,4,200.36504218799743,65.35695763900003
poisson-iid-n500000-d32-seed42,synthetic,poisson,iid,random_sqrt_clique,500000,32,42.0,False,2,50,49,True,1.0,1,500000,500000,25249571,707,707,0,8601,707,1,4,200.36504218799743,64.36912155800019
poisson-iid-n500000-d32-seed42,synthetic,poisson,iid,score_sg_antihub,500000,32,42.0,False,2,50,49,True,1.0,1,500000,500000,25249571,707,707,0,8601,707,1,4,200.36504218799743,64.21902794400012
poisson-separated-n500000-d32-seed42,synthetic,poisson,separated_clusters,approx_knn_only,500000,32,42.0,False,2,50,49,False,0.0,6,83334,83333,25000000,0,707,0,8780,707,4,4,151.5083032950024,64.9363773139994
poisson-separated-n500000-d32-seed42,synthetic,poisson,separated_clusters,random_sqrt_clique,500000,32,42.0,False,2,50,49,True,1.0,1,500000,500000,25249571,707,707,0,8780,707,4,4,151.5083032950024,64.65350463100185
poisson-separated-n500000-d32-seed42,synthetic,poisson,separated_clusters,score_sg_antihub,500000,32,42.0,False,2,50,49,True,1.0,1,500000,500000,25249571,707,707,0,8780,707,4,4,151.5083032950024,64.44571817999895
poisson-iid-n500000-d64-seed42,synthetic,poisson,iid,approx_knn_only,500000,64,42.0,False,2,50,49,True,1.0,1,500000,500000,25000000,0,707,0,35938,707,1,1,248.23354387400104,64.76689317100318
poisson-iid-n500000-d64-seed42,synthetic,poisson,iid,random_sqrt_clique,500000,64,42.0,False,2,50,49,True,1.0,1,500000,500000,25249571,707,707,0,35938,707,1,1,248.23354387400104,66.16101588699894
poisson-iid-n500000-d64-seed42,synthetic,poisson,iid,score_sg_antihub,500000,64,42.0,False,2,50,49,True,1.0,1,500000,500000,25249571,707,707,0,35938,707,1,1,248.23354387400104,64.47535872799926
poisson-separated-n500000-d64-seed42,synthetic,poisson,separated_clusters,approx_knn_only,500000,64,42.0,False,2,50,49,False,0.0,6,83334,83333,25000000,0,707,0,28407,707,1,2,196.595382558,64.28535900000134
poisson-separated-n500000-d64-seed42,synthetic,poisson,separated_clusters,random_sqrt_clique,500000,64,42.0,False,2,50,49,True,1.0,1,500000,500000,25249571,707,707,0,28407,707,1,2,196.595382558,64.86419205499988
poisson-separated-n500000-d64-seed42,synthetic,poisson,separated_clusters,score_sg_antihub,500000,64,42.0,False,2,50,49,True,1.0,1,500000,500000,25249571,707,707,0,28407,707,1,2,196.595382558,64.55190266199861
poisson-iid-n500000-d128-seed42,synthetic,poisson,iid,approx_knn_only,500000,128,42.0,False,2,50,49,True,1.0,1,500000,500000,25000000,0,707,0,98788,707,1,1,275.5530786710005,64.43620185100008
poisson-iid-n500000-d128-seed42,synthetic,poisson,iid,random_sqrt_clique,500000,128,42.0,False,2,50,49,True,1.0,1,500000,500000,25249571,707,707,0,98788,707,1,1,275.5530786710005,66.08940984600122
poisson-iid-n500000-d128-seed42,synthetic,poisson,iid,score_sg_antihub,500000,128,42.0,False,2,50,49,True,1.0,1,500000,500000,25249571,707,707,0,98788,707,1,1,275.5530786710005,64.32949912299955
poisson-separated-n500000-d128-seed42,synthetic,poisson,separated_clusters,approx_knn_only,500000,128,42.0,False,2,50,49,False,0.0,6,83334,83333,25000000,0,707,0,65460,707,1,1,230.32514676500068,64.63916134600004
poisson-separated-n500000-d128-seed42,synthetic,poisson,separated_clusters,random_sqrt_clique,500000,128,42.0,False,2,50,49,True,1.0,1,500000,500000,25249571,707,707,0,65460,707,1,1,230.32514676500068,65.84672348399909
poisson-separated-n500000-d128-seed42,synthetic,poisson,separated_clusters,score_sg_antihub,500000,128,42.0,False,2,50,49,True,1.0,1,500000,500000,25249571,707,707,0,65460,707,1,1,230.32514676500068,65.15678128699801
poisson-iid-n1000000-d2-seed42,synthetic,poisson,iid,approx_knn_only,1000000,2,42.0,False,2,50,49,False,0.0,4620,24642,51,50000000,0,1000,0,692367,1000,7,25,96.56860901400069,140.2431590289998
poisson-iid-n1000000-d2-seed42,synthetic,poisson,iid,random_sqrt_clique,1000000,2,42.0,False,2,50,49,False,0.0,3856,315895,51,50499500,1000,1000,0,692367,1000,7,25,96.56860901400069,138.69589649200134
poisson-iid-n1000000-d2-seed42,synthetic,poisson,iid,score_sg_antihub,1000000,2,42.0,False,2,50,49,False,0.0,4555,143976,51,50499500,1000,1000,0,692367,1000,7,25,96.56860901400069,136.5352678570016
poisson-separated-n1000000-d2-seed42,synthetic,poisson,separated_clusters,approx_knn_only,1000000,2,42.0,False,2,50,49,False,0.0,5724,4290,51,50000000,0,1000,0,638639,1000,69,133,79.0126748870025,135.83008397899903
poisson-separated-n1000000-d2-seed42,synthetic,poisson,separated_clusters,random_sqrt_clique,1000000,2,42.0,False,2,50,49,False,0.0,4857,217143,51,50499500,1000,1000,0,638639,1000,69,133,79.0126748870025,136.05951967700094
poisson-separated-n1000000-d2-seed42,synthetic,poisson,separated_clusters,score_sg_antihub,1000000,2,42.0,False,2,50,49,False,0.0,5547,73260,51,50499500,1000,1000,0,638639,1000,69,133,79.0126748870025,135.56968240900096
poisson-iid-n1000000-d10-seed42,synthetic,poisson,iid,approx_knn_only,1000000,10,42.0,False,2,50,49,True,1.0,1,1000000,1000000,50000000,0,1000,2,802,345,1,1,261.2133424569984,130.69711529800043
poisson-iid-n1000000-d10-seed42,synthetic,poisson,iid,random_sqrt_clique,1000000,10,42.0,False,2,50,49,True,1.0,1,1000000,1000000,50499500,1000,1000,2,802,345,1,1,261.2133424569984,130.23452932000146
poisson-iid-n1000000-d10-seed42,synthetic,poisson,iid,score_sg_antihub,1000000,10,42.0,False,2,50,49,True,1.0,1,1000000,1000000,50499500,1000,1000,2,802,345,1,1,261.2133424569984,131.00597185199877
poisson-separated-n1000000-d10-seed42,synthetic,poisson,separated_clusters,approx_knn_only,1000000,10,42.0,False,2,50,49,False,0.0,6,166667,166666,50000000,0,1000,1,919,569,3,3,245.01389543099867,131.6513292799973
poisson-separated-n1000000-d10-seed42,synthetic,poisson,separated_clusters,random_sqrt_clique,1000000,10,42.0,False,2,50,49,True,1.0,1,1000000,1000000,50499500,1000,1000,1,919,569,3,3,245.01389543099867,134.58747715500067
poisson-separated-n1000000-d10-seed42,synthetic,poisson,separated_clusters,score_sg_antihub,1000000,10,42.0,False,2,50,49,True,1.0,1,1000000,1000000,50499500,1000,1000,1,919,569,3,3,245.01389543099867,131.93940396299877
poisson-iid-n1000000-d32-seed42,synthetic,poisson,iid,approx_knn_only,1000000,32,42.0,False,2,50,49,True,1.0,1,1000000,1000000,50000000,0,1000,0,16482,1000,4,4,406.8591605299989,130.22684428200228
poisson-iid-n1000000-d32-seed42,synthetic,poisson,iid,random_sqrt_clique,1000000,32,42.0,False,2,50,49,True,1.0,1,1000000,1000000,50499500,1000,1000,0,16482,1000,4,4,406.8591605299989,131.7375347019988
poisson-iid-n1000000-d32-seed42,synthetic,poisson,iid,score_sg_antihub,1000000,32,42.0,False,2,50,49,True,1.0,1,1000000,1000000,50499500,1000,1000,0,16482,1000,4,4,406.8591605299989,133.02002563800124
poisson-separated-n1000000-d32-seed42,synthetic,poisson,separated_clusters,approx_knn_only,1000000,32,42.0,False,2,50,49,False,0.0,6,166667,166666,50000000,0,1000,0,17450,1000,1,5,338.5638374150003,129.71604048399968
poisson-separated-n1000000-d32-seed42,synthetic,poisson,separated_clusters,random_sqrt_clique,1000000,32,42.0,False,2,50,49,True,1.0,1,1000000,1000000,50499500,1000,1000,0,17450,1000,1,5,338.5638374150003,131.03544197000156
poisson-separated-n1000000-d32-seed42,synthetic,poisson,separated_clusters,score_sg_antihub,1000000,32,42.0,False,2,50,49,True,1.0,1,1000000,1000000,50499500,1000,1000,0,17450,1000,1,5,338.5638374150003,133.27237857399814
poisson-iid-n1000000-d64-seed42,synthetic,poisson,iid,approx_knn_only,1000000,64,42.0,False,2,50,49,True,1.0,1,1000000,1000000,50000000,0,1000,0,77895,1000,1,1,532.0887571130006,132.43768980099776
poisson-iid-n1000000-d64-seed42,synthetic,poisson,iid,random_sqrt_clique,1000000,64,42.0,False,2,50,49,True,1.0,1,1000000,1000000,50499500,1000,1000,0,77895,1000,1,1,532.0887571130006,133.62245002499913
poisson-iid-n1000000-d64-seed42,synthetic,poisson,iid,score_sg_antihub,1000000,64,42.0,False,2,50,49,True,1.0,1,1000000,1000000,50499500,1000,1000,0,77895,1000,1,1,532.0887571130006,133.84885868300262
poisson-separated-n1000000-d64-seed42,synthetic,poisson,separated_clusters,approx_knn_only,1000000,64,42.0,False,2,50,49,False,0.0,6,166667,166666,50000000,0,1000,0,61979,1000,3,4,443.9215693430015,132.7742252149983
poisson-separated-n1000000-d64-seed42,synthetic,poisson,separated_clusters,random_sqrt_clique,1000000,64,42.0,False,2,50,49,True,1.0,1,1000000,1000000,50499500,1000,1000,0,61979,1000,3,4,443.9215693430015,134.54438843800017
poisson-separated-n1000000-d64-seed42,synthetic,poisson,separated_clusters,score_sg_antihub,1000000,64,42.0,False,2,50,49,True,1.0,1,1000000,1000000,50499500,1000,1000,0,61979,1000,3,4,443.9215693430015,135.61802537500262
poisson-iid-n1000000-d128-seed42,synthetic,poisson,iid,approx_knn_only,1000000,128,42.0,False,2,50,49,True,1.0,1,1000000,1000000,50000000,0,1000,0,222063,1000,1,1,560.2291595839997,132.14373992199762
poisson-iid-n1000000-d128-seed42,synthetic,poisson,iid,random_sqrt_clique,1000000,128,42.0,False,2,50,49,True,1.0,1,1000000,1000000,50499500,1000,1000,0,222063,1000,1,1,560.2291595839997,132.17172668700005
poisson-iid-n1000000-d128-seed42,synthetic,poisson,iid,score_sg_antihub,1000000,128,42.0,False,2,50,49,True,1.0,1,1000000,1000000,50499500,1000,1000,0,222063,1000,1,1,560.2291595839997,135.2577823310021
poisson-separated-n1000000-d128-seed42,synthetic,poisson,separated_clusters,approx_knn_only,1000000,128,42.0,False,2,50,49,False,0.0,6,166667,166666,50000000,0,1000,0,154957,1000,1,1,507.7406420679981,134.08255402299983
poisson-separated-n1000000-d128-seed42,synthetic,poisson,separated_clusters,random_sqrt_clique,1000000,128,42.0,False,2,50,49,True,1.0,1,1000000,1000000,50499500,1000,1000,0,154957,1000,1,1,507.7406420679981,132.66363796599762
poisson-separated-n1000000-d128-seed42,synthetic,poisson,separated_clusters,score_sg_antihub,1000000,128,42.0,False,2,50,49,True,1.0,1,1000000,1000000,50499500,1000,1000,0,154957,1000,1,1,507.7406420679981,135.687488380001
chi_square-iid-n1000-d2-seed42,synthetic,chi_square,iid,approx_knn_only,1000,2,42.0,False,2,50,49,True,1.0,1,1000,1000,50000,0,31,27,3,1,1,1,17.65410029600025,0.1142398770025465
chi_square-iid-n1000-d2-seed42,synthetic,chi_square,iid,random_sqrt_clique,1000,2,42.0,False,2,50,49,True,1.0,1,1000,1000,50465,31,31,27,3,1,1,1,17.65410029600025,0.1098428570003307
chi_square-iid-n1000-d2-seed42,synthetic,chi_square,iid,score_sg_antihub,1000,2,42.0,False,2,50,49,True,1.0,1,1000,1000,50465,31,31,27,3,1,1,1,17.65410029600025,0.1128833160000795
chi_square-separated-n1000-d2-seed42,synthetic,chi_square,separated_clusters,approx_knn_only,1000,2,42.0,False,2,50,49,False,0.0,4,499,167,50000,0,31,9,6,6,1,1,0.3314579620018776,0.1124915399996098
chi_square-separated-n1000-d2-seed42,synthetic,chi_square,separated_clusters,random_sqrt_clique,1000,2,42.0,False,2,50,49,True,1.0,1,1000,1000,50465,31,31,9,6,6,1,1,0.3314579620018776,0.1201181450014701
chi_square-separated-n1000-d2-seed42,synthetic,chi_square,separated_clusters,score_sg_antihub,1000,2,42.0,False,2,50,49,True,1.0,1,1000,1000,50465,31,31,9,6,6,1,1,0.3314579620018776,0.1236811310009216
chi_square-iid-n1000-d10-seed42,synthetic,chi_square,iid,approx_knn_only,1000,10,42.0,False,2,50,49,True,1.0,1,1000,1000,50000,0,31,7,6,6,1,1,17.62079765800081,0.1133892049983842
chi_square-iid-n1000-d10-seed42,synthetic,chi_square,iid,random_sqrt_clique,1000,10,42.0,False,2,50,49,True,1.0,1,1000,1000,50465,31,31,7,6,6,1,1,17.62079765800081,0.1223652249973383
chi_square-iid-n1000-d10-seed42,synthetic,chi_square,iid,score_sg_antihub,1000,10,42.0,False,2,50,49,True,1.0,1,1000,1000,50465,31,31,7,6,6,1,1,17.62079765800081,0.1137177540003904
chi_square-separated-n1000-d10-seed42,synthetic,chi_square,separated_clusters,approx_knn_only,1000,10,42.0,False,2,50,49,False,0.0,6,167,166,50000,0,31,4,4,4,1,1,0.3554754489996412,0.1137827659986214
chi_square-separated-n1000-d10-seed42,synthetic,chi_square,separated_clusters,random_sqrt_clique,1000,10,42.0,False,2,50,49,True,1.0,1,1000,1000,50465,31,31,4,4,4,1,1,0.3554754489996412,0.1110214070031361
chi_square-separated-n1000-d10-seed42,synthetic,chi_square,separated_clusters,score_sg_antihub,1000,10,42.0,False,2,50,49,True,1.0,1,1000,1000,50465,31,31,4,4,4,1,1,0.3554754489996412,0.1182478649971017
chi_square-iid-n1000-d32-seed42,synthetic,chi_square,iid,approx_knn_only,1000,32,42.0,False,2,50,49,True,1.0,1,1000,1000,50000,0,31,2,21,1,1,1,17.810376421999536,0.1193966319988248
chi_square-iid-n1000-d32-seed42,synthetic,chi_square,iid,random_sqrt_clique,1000,32,42.0,False,2,50,49,True,1.0,1,1000,1000,50465,31,31,2,21,1,1,1,17.810376421999536,0.1242978189984569
chi_square-iid-n1000-d32-seed42,synthetic,chi_square,iid,score_sg_antihub,1000,32,42.0,False,2,50,49,True,1.0,1,1000,1000,50465,31,31,2,21,1,1,1,17.810376421999536,0.1245897489970957
chi_square-separated-n1000-d32-seed42,synthetic,chi_square,separated_clusters,approx_knn_only,1000,32,42.0,False,2,50,49,False,0.0,6,167,166,50000,0,31,1,21,17,1,1,0.3542184059988358,0.1292695880001702
chi_square-separated-n1000-d32-seed42,synthetic,chi_square,separated_clusters,random_sqrt_clique,1000,32,42.0,False,2,50,49,True,1.0,1,1000,1000,50465,31,31,1,21,17,1,1,0.3542184059988358,0.1238359829985711
chi_square-separated-n1000-d32-seed42,synthetic,chi_square,separated_clusters,score_sg_antihub,1000,32,42.0,False,2,50,49,True,1.0,1,1000,1000,50465,31,31,1,21,17,1,1,0.3542184059988358,0.1270168170012766
chi_square-iid-n1000-d64-seed42,synthetic,chi_square,iid,approx_knn_only,1000,64,42.0,False,2,50,49,True,1.0,1,1000,1000,50000,0,31,0,35,31,1,1,17.755267598997307,0.1177208879998943
chi_square-iid-n1000-d64-seed42,synthetic,chi_square,iid,random_sqrt_clique,1000,64,42.0,False,2,50,49,True,1.0,1,1000,1000,50465,31,31,0,35,31,1,1,17.755267598997307,0.1101312540013168
chi_square-iid-n1000-d64-seed42,synthetic,chi_square,iid,score_sg_antihub,1000,64,42.0,False,2,50,49,True,1.0,1,1000,1000,50465,31,31,0,35,31,1,1,17.755267598997307,0.1114461200013465
chi_square-separated-n1000-d64-seed42,synthetic,chi_square,separated_clusters,approx_knn_only,1000,64,42.0,False,2,50,49,False,0.0,6,167,166,50000,0,31,1,31,1,1,1,0.3543785080000816,0.1185563510007341
chi_square-separated-n1000-d64-seed42,synthetic,chi_square,separated_clusters,random_sqrt_clique,1000,64,42.0,False,2,50,49,True,1.0,1,1000,1000,50465,31,31,1,31,1,1,1,0.3543785080000816,0.1283978419996856
chi_square-separated-n1000-d64-seed42,synthetic,chi_square,separated_clusters,score_sg_antihub,1000,64,42.0,False,2,50,49,True,1.0,1,1000,1000,50465,31,31,1,31,1,1,1,0.3543785080000816,0.1216066179986228
chi_square-iid-n1000-d128-seed42,synthetic,chi_square,iid,approx_knn_only,1000,128,42.0,False,2,50,49,True,1.0,1,1000,1000,50000,0,31,0,98,31,1,1,17.707102840002335,0.1262598819994309
chi_square-iid-n1000-d128-seed42,synthetic,chi_square,iid,random_sqrt_clique,1000,128,42.0,False,2,50,49,True,1.0,1,1000,1000,50465,31,31,0,98,31,1,1,17.707102840002335,0.1237580779998097
chi_square-iid-n1000-d128-seed42,synthetic,chi_square,iid,score_sg_antihub,1000,128,42.0,False,2,50,49,True,1.0,1,1000,1000,50465,31,31,0,98,31,1,1,17.707102840002335,0.1243418929989275
chi_square-separated-n1000-d128-seed42,synthetic,chi_square,separated_clusters,approx_knn_only,1000,128,42.0,False,2,50,49,False,0.0,6,167,166,50000,0,31,0,38,31,1,1,0.3797368630002893,0.1275010050012497
chi_square-separated-n1000-d128-seed42,synthetic,chi_square,separated_clusters,random_sqrt_clique,1000,128,42.0,False,2,50,49,True,1.0,1,1000,1000,50465,31,31,0,38,31,1,1,0.3797368630002893,0.1262020180001855
chi_square-separated-n1000-d128-seed42,synthetic,chi_square,separated_clusters,score_sg_antihub,1000,128,42.0,False,2,50,49,True,1.0,1,1000,1000,50465,31,31,0,38,31,1,1,0.3797368630002893,0.1241024500013736
chi_square-iid-n5000-d2-seed42,synthetic,chi_square,iid,approx_knn_only,5000,2,42.0,False,2,50,49,True,1.0,1,5000,5000,250000,0,70,29,15,7,1,1,18.475428812002065,0.5541597320006986
chi_square-iid-n5000-d2-seed42,synthetic,chi_square,iid,random_sqrt_clique,5000,2,42.0,False,2,50,49,True,1.0,1,5000,5000,252415,70,70,29,15,7,1,1,18.475428812002065,0.5676252669982205
chi_square-iid-n5000-d2-seed42,synthetic,chi_square,iid,score_sg_antihub,5000,2,42.0,False,2,50,49,True,1.0,1,5000,5000,252415,70,70,29,15,7,1,1,18.475428812002065,0.6162369569974544
chi_square-separated-n5000-d2-seed42,synthetic,chi_square,separated_clusters,approx_knn_only,5000,2,42.0,False,2,50,49,False,0.0,2,2501,2499,250000,0,70,17,9,8,2,2,1.124592150998069,0.5885679759994673
chi_square-separated-n5000-d2-seed42,synthetic,chi_square,separated_clusters,random_sqrt_clique,5000,2,42.0,False,2,50,49,True,1.0,1,5000,5000,252415,70,70,17,9,8,2,2,1.124592150998069,0.5658750769980543
chi_square-separated-n5000-d2-seed42,synthetic,chi_square,separated_clusters,score_sg_antihub,5000,2,42.0,False,2,50,49,True,1.0,1,5000,5000,252415,70,70,17,9,8,2,2,1.124592150998069,0.565013421997719
chi_square-iid-n5000-d10-seed42,synthetic,chi_square,iid,approx_knn_only,5000,10,42.0,False,2,50,49,True,1.0,1,5000,5000,250000,0,70,6,22,13,1,1,18.563723172999744,0.603001490002498
chi_square-iid-n5000-d10-seed42,synthetic,chi_square,iid,random_sqrt_clique,5000,10,42.0,False,2,50,49,True,1.0,1,5000,5000,252415,70,70,6,22,13,1,1,18.563723172999744,0.5905525189991749
chi_square-iid-n5000-d10-seed42,synthetic,chi_square,iid,score_sg_antihub,5000,10,42.0,False,2,50,49,True,1.0,1,5000,5000,252415,70,70,6,22,13,1,1,18.563723172999744,0.6116768819993013
chi_square-separated-n5000-d10-seed42,synthetic,chi_square,separated_clusters,approx_knn_only,5000,10,42.0,False,2,50,49,False,0.0,6,834,833,250000,0,70,4,32,14,1,1,1.212507750999066,0.7160297419977724
chi_square-separated-n5000-d10-seed42,synthetic,chi_square,separated_clusters,random_sqrt_clique,5000,10,42.0,False,2,50,49,True,1.0,1,5000,5000,252415,70,70,4,32,14,1,1,1.212507750999066,0.6165415409996058
chi_square-separated-n5000-d10-seed42,synthetic,chi_square,separated_clusters,score_sg_antihub,5000,10,42.0,False,2,50,49,True,1.0,1,5000,5000,252415,70,70,4,32,14,1,1,1.212507750999066,0.6198684250011866
chi_square-iid-n5000-d32-seed42,synthetic,chi_square,iid,approx_knn_only,5000,32,42.0,False,2,50,49,True,1.0,1,5000,5000,250000,0,70,1,76,16,1,1,18.72134874800031,0.6056244520004839
chi_square-iid-n5000-d32-seed42,synthetic,chi_square,iid,random_sqrt_clique,5000,32,42.0,False,2,50,49,True,1.0,1,5000,5000,252415,70,70,1,76,16,1,1,18.72134874800031,0.5806918249982118
chi_square-iid-n5000-d32-seed42,synthetic,chi_square,iid,score_sg_antihub,5000,32,42.0,False,2,50,49,True,1.0,1,5000,5000,252415,70,70,1,76,16,1,1,18.72134874800031,0.5743043500006024
chi_square-separated-n5000-d32-seed42,synthetic,chi_square,separated_clusters,approx_knn_only,5000,32,42.0,False,2,50,49,False,0.0,6,834,833,250000,0,70,1,77,8,1,1,1.1362688439985504,0.6319317819979915
chi_square-separated-n5000-d32-seed42,synthetic,chi_square,separated_clusters,random_sqrt_clique,5000,32,42.0,False,2,50,49,True,1.0,1,5000,5000,252415,70,70,1,77,8,1,1,1.1362688439985504,0.6244228380019194
chi_square-separated-n5000-d32-seed42,synthetic,chi_square,separated_clusters,score_sg_antihub,5000,32,42.0,False,2,50,49,True,1.0,1,5000,5000,252415,70,70,1,77,8,1,1,1.1362688439985504,0.6045511529991927
chi_square-iid-n5000-d64-seed42,synthetic,chi_square,iid,approx_knn_only,5000,64,42.0,False,2,50,49,True,1.0,1,5000,5000,250000,0,70,0,211,70,1,1,18.72038429399981,0.6010468299973581
chi_square-iid-n5000-d64-seed42,synthetic,chi_square,iid,random_sqrt_clique,5000,64,42.0,False,2,50,49,True,1.0,1,5000,5000,252415,70,70,0,211,70,1,1,18.72038429399981,0.6225050199973339
chi_square-iid-n5000-d64-seed42,synthetic,chi_square,iid,score_sg_antihub,5000,64,42.0,False,2,50,49,True,1.0,1,5000,5000,252415,70,70,0,211,70,1,1,18.72038429399981,0.5951387499990233
chi_square-separated-n5000-d64-seed42,synthetic,chi_square,separated_clusters,approx_knn_only,5000,64,42.0,False,2,50,49,False,0.0,6,834,833,250000,0,70,0,207,70,1,1,1.27440657400075,0.6377109909990395
chi_square-separated-n5000-d64-seed42,synthetic,chi_square,separated_clusters,random_sqrt_clique,5000,64,42.0,False,2,50,49,True,1.0,1,5000,5000,252415,70,70,0,207,70,1,1,1.27440657400075,0.5850758779997705
chi_square-separated-n5000-d64-seed42,synthetic,chi_square,separated_clusters,score_sg_antihub,5000,64,42.0,False,2,50,49,True,1.0,1,5000,5000,252415,70,70,0,207,70,1,1,1.27440657400075,0.633045103000768
chi_square-iid-n5000-d128-seed42,synthetic,chi_square,iid,approx_knn_only,5000,128,42.0,False,2,50,49,True,1.0,1,5000,5000,250000,0,70,0,571,70,1,1,18.80276127599791,0.5994714829976147
chi_square-iid-n5000-d128-seed42,synthetic,chi_square,iid,random_sqrt_clique,5000,128,42.0,False,2,50,49,True,1.0,1,5000,5000,252415,70,70,0,571,70,1,1,18.80276127599791,0.6075596880000376
chi_square-iid-n5000-d128-seed42,synthetic,chi_square,iid,score_sg_antihub,5000,128,42.0,False,2,50,49,True,1.0,1,5000,5000,252415,70,70,0,571,70,1,1,18.80276127599791,0.6522311350017844
chi_square-separated-n5000-d128-seed42,synthetic,chi_square,separated_clusters,approx_knn_only,5000,128,42.0,False,2,50,49,False,0.0,6,834,833,250000,0,70,0,478,70,1,1,1.3643008819999525,0.6195246249990305
chi_square-separated-n5000-d128-seed42,synthetic,chi_square,separated_clusters,random_sqrt_clique,5000,128,42.0,False,2,50,49,True,1.0,1,5000,5000,252415,70,70,0,478,70,1,1,1.3643008819999525,0.5842369250021875
chi_square-separated-n5000-d128-seed42,synthetic,chi_square,separated_clusters,score_sg_antihub,5000,128,42.0,False,2,50,49,True,1.0,1,5000,5000,252415,70,70,0,478,70,1,1,1.3643008819999525,0.5890033430005133
chi_square-iid-n10000-d2-seed42,synthetic,chi_square,iid,approx_knn_only,10000,2,42.0,False,2,50,49,True,1.0,1,10000,10000,500000,0,100,29,24,16,1,1,19.602648252999643,1.1283981609994953
chi_square-iid-n10000-d2-seed42,synthetic,chi_square,iid,random_sqrt_clique,10000,2,42.0,False,2,50,49,True,1.0,1,10000,10000,504950,100,100,29,24,16,1,1,19.602648252999643,1.1939140840004256
chi_square-iid-n10000-d2-seed42,synthetic,chi_square,iid,score_sg_antihub,10000,2,42.0,False,2,50,49,True,1.0,1,10000,10000,504950,100,100,29,24,16,1,1,19.602648252999643,1.1214036470009887
chi_square-separated-n10000-d2-seed42,synthetic,chi_square,separated_clusters,approx_knn_only,10000,2,42.0,False,2,50,49,False,0.0,4,3334,1666,500000,0,100,17,11,11,1,1,2.1436488309991546,1.1574882109998723
chi_square-separated-n10000-d2-seed42,synthetic,chi_square,separated_clusters,random_sqrt_clique,10000,2,42.0,False,2,50,49,True,1.0,1,10000,10000,504950,100,100,17,11,11,1,1,2.1436488309991546,1.1271689189998142
chi_square-separated-n10000-d2-seed42,synthetic,chi_square,separated_clusters,score_sg_antihub,10000,2,42.0,False,2,50,49,True,1.0,1,10000,10000,504950,100,100,17,11,11,1,1,2.1436488309991546,1.1144578870007535
chi_square-iid-n10000-d10-seed42,synthetic,chi_square,iid,approx_knn_only,10000,10,42.0,False,2,50,49,True,1.0,1,10000,10000,500000,0,100,6,25,12,1,1,19.797435638000024,1.2730258230003528
chi_square-iid-n10000-d10-seed42,synthetic,chi_square,iid,random_sqrt_clique,10000,10,42.0,False,2,50,49,True,1.0,1,10000,10000,504950,100,100,6,25,12,1,1,19.797435638000024,1.2718561519977811
chi_square-iid-n10000-d10-seed42,synthetic,chi_square,iid,score_sg_antihub,10000,10,42.0,False,2,50,49,True,1.0,1,10000,10000,504950,100,100,6,25,12,1,1,19.797435638000024,1.1954716619984538
chi_square-separated-n10000-d10-seed42,synthetic,chi_square,separated_clusters,approx_knn_only,10000,10,42.0,False,2,50,49,False,0.0,6,1667,1666,500000,0,100,4,39,19,1,1,2.320472212999448,1.1985282440000449
chi_square-separated-n10000-d10-seed42,synthetic,chi_square,separated_clusters,random_sqrt_clique,10000,10,42.0,False,2,50,49,True,1.0,1,10000,10000,504950,100,100,4,39,19,1,1,2.320472212999448,1.2041193100012606
chi_square-separated-n10000-d10-seed42,synthetic,chi_square,separated_clusters,score_sg_antihub,10000,10,42.0,False,2,50,49,True,1.0,1,10000,10000,504950,100,100,4,39,19,1,1,2.320472212999448,1.3131620550011576
chi_square-iid-n10000-d32-seed42,synthetic,chi_square,iid,approx_knn_only,10000,32,42.0,False,2,50,49,True,1.0,1,10000,10000,500000,0,100,1,149,1,1,1,19.835759591998794,1.2066044559978764
chi_square-iid-n10000-d32-seed42,synthetic,chi_square,iid,random_sqrt_clique,10000,32,42.0,False,2,50,49,True,1.0,1,10000,10000,504950,100,100,1,149,1,1,1,19.835759591998794,1.1736500560000422
chi_square-iid-n10000-d32-seed42,synthetic,chi_square,iid,score_sg_antihub,10000,32,42.0,False,2,50,49,True,1.0,1,10000,10000,504950,100,100,1,149,1,1,1,19.835759591998794,1.1807116150012007
chi_square-separated-n10000-d32-seed42,synthetic,chi_square,separated_clusters,approx_knn_only,10000,32,42.0,False,2,50,49,False,0.0,6,1667,1666,500000,0,100,0,131,100,1,1,2.3191058020020137,1.1689653130015358
chi_square-separated-n10000-d32-seed42,synthetic,chi_square,separated_clusters,random_sqrt_clique,10000,32,42.0,False,2,50,49,True,1.0,1,10000,10000,504950,100,100,0,131,100,1,1,2.3191058020020137,1.2301995999987412
chi_square-separated-n10000-d32-seed42,synthetic,chi_square,separated_clusters,score_sg_antihub,10000,32,42.0,False,2,50,49,True,1.0,1,10000,10000,504950,100,100,0,131,100,1,1,2.3191058020020137,1.2199745760008227
chi_square-iid-n10000-d64-seed42,synthetic,chi_square,iid,approx_knn_only,10000,64,42.0,False,2,50,49,True,1.0,1,10000,10000,500000,0,100,0,435,100,1,1,19.998125988000535,1.1376176660014607
chi_square-iid-n10000-d64-seed42,synthetic,chi_square,iid,random_sqrt_clique,10000,64,42.0,False,2,50,49,True,1.0,1,10000,10000,504950,100,100,0,435,100,1,1,19.998125988000535,1.127030179999565
chi_square-iid-n10000-d64-seed42,synthetic,chi_square,iid,score_sg_antihub,10000,64,42.0,False,2,50,49,True,1.0,1,10000,10000,504950,100,100,0,435,100,1,1,19.998125988000535,1.2189695819979534
chi_square-separated-n10000-d64-seed42,synthetic,chi_square,separated_clusters,approx_knn_only,10000,64,42.0,False,2,50,49,False,0.0,6,1667,1666,500000,0,100,0,450,100,1,1,2.384195192000334,1.191995973000303
chi_square-separated-n10000-d64-seed42,synthetic,chi_square,separated_clusters,random_sqrt_clique,10000,64,42.0,False,2,50,49,True,1.0,1,10000,10000,504950,100,100,0,450,100,1,1,2.384195192000334,1.1644755879970037
chi_square-separated-n10000-d64-seed42,synthetic,chi_square,separated_clusters,score_sg_antihub,10000,64,42.0,False,2,50,49,True,1.0,1,10000,10000,504950,100,100,0,450,100,1,1,2.384195192000334,1.1615161749978142
chi_square-iid-n10000-d128-seed42,synthetic,chi_square,iid,approx_knn_only,10000,128,42.0,False,2,50,49,True,1.0,1,10000,10000,500000,0,100,0,1190,100,1,1,20.86076996599877,1.210065343999304
chi_square-iid-n10000-d128-seed42,synthetic,chi_square,iid,random_sqrt_clique,10000,128,42.0,False,2,50,49,True,1.0,1,10000,10000,504950,100,100,0,1190,100,1,1,20.86076996599877,1.1528626429972064
chi_square-iid-n10000-d128-seed42,synthetic,chi_square,iid,score_sg_antihub,10000,128,42.0,False,2,50,49,True,1.0,1,10000,10000,504950,100,100,0,1190,100,1,1,20.86076996599877,1.127245284998935
chi_square-separated-n10000-d128-seed42,synthetic,chi_square,separated_clusters,approx_knn_only,10000,128,42.0,False,2,50,49,False,0.0,6,1667,1666,500000,0,100,0,1015,100,1,1,2.660345333002624,1.1581958589995338
chi_square-separated-n10000-d128-seed42,synthetic,chi_square,separated_clusters,random_sqrt_clique,10000,128,42.0,False,2,50,49,True,1.0,1,10000,10000,504950,100,100,0,1015,100,1,1,2.660345333002624,1.1594420399997034
chi_square-separated-n10000-d128-seed42,synthetic,chi_square,separated_clusters,score_sg_antihub,10000,128,42.0,False,2,50,49,True,1.0,1,10000,10000,504950,100,100,0,1015,100,1,1,2.660345333002624,1.215121998997347
chi_square-iid-n25000-d2-seed42,synthetic,chi_square,iid,approx_knn_only,25000,2,42.0,False,2,50,49,True,1.0,1,25000,25000,1250000,0,158,30,26,16,1,1,22.35348999100097,2.9485378520003
chi_square-iid-n25000-d2-seed42,synthetic,chi_square,iid,random_sqrt_clique,25000,2,42.0,False,2,50,49,True,1.0,1,25000,25000,1262403,158,158,30,26,16,1,1,22.35348999100097,2.9807211740007915
chi_square-iid-n25000-d2-seed42,synthetic,chi_square,iid,score_sg_antihub,25000,2,42.0,False,2,50,49,True,1.0,1,25000,25000,1262403,158,158,30,26,16,1,1,22.35348999100097,2.881305480001174
chi_square-separated-n25000-d2-seed42,synthetic,chi_square,separated_clusters,approx_knn_only,25000,2,42.0,False,2,50,49,False,0.0,3,12500,4167,1250000,0,158,23,16,1,1,1,5.08550986499904,2.870092097997258
chi_square-separated-n25000-d2-seed42,synthetic,chi_square,separated_clusters,random_sqrt_clique,25000,2,42.0,False,2,50,49,True,1.0,1,25000,25000,1262403,158,158,23,16,1,1,1,5.08550986499904,3.022522688999743
chi_square-separated-n25000-d2-seed42,synthetic,chi_square,separated_clusters,score_sg_antihub,25000,2,42.0,False,2,50,49,True,1.0,1,25000,25000,1262403,158,158,23,16,1,1,1,5.08550986499904,2.97404041000118
chi_square-iid-n25000-d10-seed42,synthetic,chi_square,iid,approx_knn_only,25000,10,42.0,False,2,50,49,True,1.0,1,25000,25000,1250000,0,158,6,45,18,1,1,23.22225988699938,2.9582791389984777
chi_square-iid-n25000-d10-seed42,synthetic,chi_square,iid,random_sqrt_clique,25000,10,42.0,False,2,50,49,True,1.0,1,25000,25000,1262403,158,158,6,45,18,1,1,23.22225988699938,3.192438115998812
chi_square-iid-n25000-d10-seed42,synthetic,chi_square,iid,score_sg_antihub,25000,10,42.0,False,2,50,49,True,1.0,1,25000,25000,1262403,158,158,6,45,18,1,1,23.22225988699938,3.135803576999024
chi_square-separated-n25000-d10-seed42,synthetic,chi_square,separated_clusters,approx_knn_only,25000,10,42.0,False,2,50,49,False,0.0,6,4167,4166,1250000,0,158,4,70,24,1,1,5.618641736000427,3.09836913899926
chi_square-separated-n25000-d10-seed42,synthetic,chi_square,separated_clusters,random_sqrt_clique,25000,10,42.0,False,2,50,49,True,1.0,1,25000,25000,1262403,158,158,4,70,24,1,1,5.618641736000427,3.158903315998032
chi_square-separated-n25000-d10-seed42,synthetic,chi_square,separated_clusters,score_sg_antihub,25000,10,42.0,False,2,50,49,True,1.0,1,25000,25000,1262403,158,158,4,70,24,1,1,5.618641736000427,3.0941600740006834
chi_square-iid-n25000-d32-seed42,synthetic,chi_square,iid,approx_knn_only,25000,32,42.0,False,2,50,49,True,1.0,1,25000,25000,1250000,0,158,0,204,158,1,1,23.68470686999717,2.8713894239990623
chi_square-iid-n25000-d32-seed42,synthetic,chi_square,iid,random_sqrt_clique,25000,32,42.0,False,2,50,49,True,1.0,1,25000,25000,1262403,158,158,0,204,158,1,1,23.68470686999717,3.029626678002387
chi_square-iid-n25000-d32-seed42,synthetic,chi_square,iid,score_sg_antihub,25000,32,42.0,False,2,50,49,True,1.0,1,25000,25000,1262403,158,158,0,204,158,1,1,23.68470686999717,2.9582637899984547
chi_square-separated-n25000-d32-seed42,synthetic,chi_square,separated_clusters,approx_knn_only,25000,32,42.0,False,2,50,49,False,0.0,6,4167,4166,1250000,0,158,0,300,158,1,1,5.65060680699753,3.034073704999173
chi_square-separated-n25000-d32-seed42,synthetic,chi_square,separated_clusters,random_sqrt_clique,25000,32,42.0,False,2,50,49,True,1.0,1,25000,25000,1262403,158,158,0,300,158,1,1,5.65060680699753,3.029641196000739
chi_square-separated-n25000-d32-seed42,synthetic,chi_square,separated_clusters,score_sg_antihub,25000,32,42.0,False,2,50,49,True,1.0,1,25000,25000,1262403,158,158,0,300,158,1,1,5.65060680699753,2.94546757200078
chi_square-iid-n25000-d64-seed42,synthetic,chi_square,iid,approx_knn_only,25000,64,42.0,False,2,50,49,True,1.0,1,25000,25000,1250000,0,158,0,1061,158,2,2,24.431762176998745,2.8625079119992733
chi_square-iid-n25000-d64-seed42,synthetic,chi_square,iid,random_sqrt_clique,25000,64,42.0,False,2,50,49,True,1.0,1,25000,25000,1262403,158,158,0,1061,158,2,2,24.431762176998745,3.062451055000565
chi_square-iid-n25000-d64-seed42,synthetic,chi_square,iid,score_sg_antihub,25000,64,42.0,False,2,50,49,True,1.0,1,25000,25000,1262403,158,158,0,1061,158,2,2,24.431762176998745,3.018828961001418
chi_square-separated-n25000-d64-seed42,synthetic,chi_square,separated_clusters,approx_knn_only,25000,64,42.0,False,2,50,49,False,0.0,6,4167,4166,1250000,0,158,0,1127,158,1,2,6.041348697999638,3.0208256320001965
chi_square-separated-n25000-d64-seed42,synthetic,chi_square,separated_clusters,random_sqrt_clique,25000,64,42.0,False,2,50,49,True,1.0,1,25000,25000,1262403,158,158,0,1127,158,1,2,6.041348697999638,3.0308504669992544
chi_square-separated-n25000-d64-seed42,synthetic,chi_square,separated_clusters,score_sg_antihub,25000,64,42.0,False,2,50,49,True,1.0,1,25000,25000,1262403,158,158,0,1127,158,1,2,6.041348697999638,3.017524759998196
chi_square-iid-n25000-d128-seed42,synthetic,chi_square,iid,approx_knn_only,25000,128,42.0,False,2,50,49,True,1.0,1,25000,25000,1250000,0,158,0,3253,158,1,1,25.856280561001768,3.156677808998211
chi_square-iid-n25000-d128-seed42,synthetic,chi_square,iid,random_sqrt_clique,25000,128,42.0,False,2,50,49,True,1.0,1,25000,25000,1262403,158,158,0,3253,158,1,1,25.856280561001768,3.2075335389999964
chi_square-iid-n25000-d128-seed42,synthetic,chi_square,iid,score_sg_antihub,25000,128,42.0,False,2,50,49,True,1.0,1,25000,25000,1262403,158,158,0,3253,158,1,1,25.856280561001768,3.8409485579977622
chi_square-separated-n25000-d128-seed42,synthetic,chi_square,separated_clusters,approx_knn_only,25000,128,42.0,False,2,50,49,False,0.0,6,4167,4166,1250000,0,158,0,2975,158,2,2,7.307273037000414,2.958118898000976
chi_square-separated-n25000-d128-seed42,synthetic,chi_square,separated_clusters,random_sqrt_clique,25000,128,42.0,False,2,50,49,True,1.0,1,25000,25000,1262403,158,158,0,2975,158,2,2,7.307273037000414,3.007072301999869
chi_square-separated-n25000-d128-seed42,synthetic,chi_square,separated_clusters,score_sg_antihub,25000,128,42.0,False,2,50,49,True,1.0,1,25000,25000,1262403,158,158,0,2975,158,2,2,7.307273037000414,2.9883607769988885
chi_square-iid-n50000-d2-seed42,synthetic,chi_square,iid,approx_knn_only,50000,2,42.0,False,2,50,49,True,1.0,1,50000,50000,2500000,0,223,30,46,44,1,1,27.224186876999735,6.504368186000647
chi_square-iid-n50000-d2-seed42,synthetic,chi_square,iid,random_sqrt_clique,50000,2,42.0,False,2,50,49,True,1.0,1,50000,50000,2524753,223,223,30,46,44,1,1,27.224186876999735,6.525847795997834
chi_square-iid-n50000-d2-seed42,synthetic,chi_square,iid,score_sg_antihub,50000,2,42.0,False,2,50,49,True,1.0,1,50000,50000,2524753,223,223,30,46,44,1,1,27.224186876999735,6.513242941000499
chi_square-separated-n50000-d2-seed42,synthetic,chi_square,separated_clusters,approx_knn_only,50000,2,42.0,False,2,50,49,False,0.0,2,33334,16666,2500000,0,223,24,29,19,1,1,9.918821551000292,6.2201288110009045
chi_square-separated-n50000-d2-seed42,synthetic,chi_square,separated_clusters,random_sqrt_clique,50000,2,42.0,False,2,50,49,True,1.0,1,50000,50000,2524753,223,223,24,29,19,1,1,9.918821551000292,6.308175013000437
chi_square-separated-n50000-d2-seed42,synthetic,chi_square,separated_clusters,score_sg_antihub,50000,2,42.0,False,2,50,49,True,1.0,1,50000,50000,2524753,223,223,24,29,19,1,1,9.918821551000292,6.359309074003249
chi_square-iid-n50000-d10-seed42,synthetic,chi_square,iid,approx_knn_only,50000,10,42.0,False,2,50,49,True,1.0,1,50000,50000,2500000,0,223,6,69,20,1,1,29.411613660999137,6.079947384998377
chi_square-iid-n50000-d10-seed42,synthetic,chi_square,iid,random_sqrt_clique,50000,10,42.0,False,2,50,49,True,1.0,1,50000,50000,2524753,223,223,6,69,20,1,1,29.411613660999137,6.294035151000571
chi_square-iid-n50000-d10-seed42,synthetic,chi_square,iid,score_sg_antihub,50000,10,42.0,False,2,50,49,True,1.0,1,50000,50000,2524753,223,223,6,69,20,1,1,29.411613660999137,6.157050002999313
chi_square-separated-n50000-d10-seed42,synthetic,chi_square,separated_clusters,approx_knn_only,50000,10,42.0,False,2,50,49,False,0.0,6,8334,8333,2500000,0,223,4,93,6,1,1,11.138925526000094,6.24849291099963
chi_square-separated-n50000-d10-seed42,synthetic,chi_square,separated_clusters,random_sqrt_clique,50000,10,42.0,False,2,50,49,True,1.0,1,50000,50000,2524753,223,223,4,93,6,1,1,11.138925526000094,6.189171272999374
chi_square-separated-n50000-d10-seed42,synthetic,chi_square,separated_clusters,score_sg_antihub,50000,10,42.0,False,2,50,49,True,1.0,1,50000,50000,2524753,223,223,4,93,6,1,1,11.138925526000094,6.201169350999408
chi_square-iid-n50000-d32-seed42,synthetic,chi_square,iid,approx_knn_only,50000,32,42.0,False,2,50,49,True,1.0,1,50000,50000,2500000,0,223,0,396,223,2,2,30.797567453999363,6.143936141997983
chi_square-iid-n50000-d32-seed42,synthetic,chi_square,iid,random_sqrt_clique,50000,32,42.0,False,2,50,49,True,1.0,1,50000,50000,2524753,223,223,0,396,223,2,2,30.797567453999363,6.325835160998395
chi_square-iid-n50000-d32-seed42,synthetic,chi_square,iid,score_sg_antihub,50000,32,42.0,False,2,50,49,True,1.0,1,50000,50000,2524753,223,223,0,396,223,2,2,30.797567453999363,6.235547977001261
chi_square-separated-n50000-d32-seed42,synthetic,chi_square,separated_clusters,approx_knn_only,50000,32,42.0,False,2,50,49,False,0.0,6,8334,8333,2500000,0,223,0,530,223,1,1,11.856691487999342,6.304316345998814
chi_square-separated-n50000-d32-seed42,synthetic,chi_square,separated_clusters,random_sqrt_clique,50000,32,42.0,False,2,50,49,True,1.0,1,50000,50000,2524753,223,223,0,530,223,1,1,11.856691487999342,6.293478485000378
chi_square-separated-n50000-d32-seed42,synthetic,chi_square,separated_clusters,score_sg_antihub,50000,32,42.0,False,2,50,49,True,1.0,1,50000,50000,2524753,223,223,0,530,223,1,1,11.856691487999342,6.2565367790011805
chi_square-iid-n50000-d64-seed42,synthetic,chi_square,iid,approx_knn_only,50000,64,42.0,False,2,50,49,True,1.0,1,50000,50000,2500000,0,223,0,2099,223,1,1,33.29692571400301,6.127318816998013
chi_square-iid-n50000-d64-seed42,synthetic,chi_square,iid,random_sqrt_clique,50000,64,42.0,False,2,50,49,True,1.0,1,50000,50000,2524753,223,223,0,2099,223,1,1,33.29692571400301,6.2765676300005
chi_square-iid-n50000-d64-seed42,synthetic,chi_square,iid,score_sg_antihub,50000,64,42.0,False,2,50,49,True,1.0,1,50000,50000,2524753,223,223,0,2099,223,1,1,33.29692571400301,6.098270628001046
chi_square-separated-n50000-d64-seed42,synthetic,chi_square,separated_clusters,approx_knn_only,50000,64,42.0,False,2,50,49,False,0.0,6,8334,8333,2500000,0,223,0,2166,223,1,1,13.25457826300044,5.956704698000976
chi_square-separated-n50000-d64-seed42,synthetic,chi_square,separated_clusters,random_sqrt_clique,50000,64,42.0,False,2,50,49,True,1.0,1,50000,50000,2524753,223,223,0,2166,223,1,1,13.25457826300044,5.975227118000476
chi_square-separated-n50000-d64-seed42,synthetic,chi_square,separated_clusters,score_sg_antihub,50000,64,42.0,False,2,50,49,True,1.0,1,50000,50000,2524753,223,223,0,2166,223,1,1,13.25457826300044,6.071234004000871
chi_square-iid-n50000-d128-seed42,synthetic,chi_square,iid,approx_knn_only,50000,128,42.0,False,2,50,49,True,1.0,1,50000,50000,2500000,0,223,0,6728,223,1,1,36.19106350400034,6.1332546880003065
chi_square-iid-n50000-d128-seed42,synthetic,chi_square,iid,random_sqrt_clique,50000,128,42.0,False,2,50,49,True,1.0,1,50000,50000,2524753,223,223,0,6728,223,1,1,36.19106350400034,6.270584144000168
chi_square-iid-n50000-d128-seed42,synthetic,chi_square,iid,score_sg_antihub,50000,128,42.0,False,2,50,49,True,1.0,1,50000,50000,2524753,223,223,0,6728,223,1,1,36.19106350400034,6.186147617998358
chi_square-separated-n50000-d128-seed42,synthetic,chi_square,separated_clusters,approx_knn_only,50000,128,42.0,False,2,50,49,False,0.0,6,8334,8333,2500000,0,223,0,6139,223,2,2,16.013368051000725,6.214747926002019
chi_square-separated-n50000-d128-seed42,synthetic,chi_square,separated_clusters,random_sqrt_clique,50000,128,42.0,False,2,50,49,True,1.0,1,50000,50000,2524753,223,223,0,6139,223,2,2,16.013368051000725,6.177378303000296
chi_square-separated-n50000-d128-seed42,synthetic,chi_square,separated_clusters,score_sg_antihub,50000,128,42.0,False,2,50,49,True,1.0,1,50000,50000,2524753,223,223,0,6139,223,2,2,16.013368051000725,6.312262997998914
chi_square-iid-n100000-d2-seed42,synthetic,chi_square,iid,approx_knn_only,100000,2,42.0,False,2,50,49,True,1.0,1,100000,100000,5000000,0,316,31,108,8,1,1,37.16652056599924,12.696817159001512
chi_square-iid-n100000-d2-seed42,synthetic,chi_square,iid,random_sqrt_clique,100000,2,42.0,False,2,50,49,True,1.0,1,100000,100000,5049770,316,316,31,108,8,1,1,37.16652056599924,12.762247821003257
chi_square-iid-n100000-d2-seed42,synthetic,chi_square,iid,score_sg_antihub,100000,2,42.0,False,2,50,49,True,1.0,1,100000,100000,5049770,316,316,31,108,8,1,1,37.16652056599924,12.8910685310002
chi_square-separated-n100000-d2-seed42,synthetic,chi_square,separated_clusters,approx_knn_only,100000,2,42.0,False,2,50,49,True,1.0,1,100000,100000,5000000,0,316,25,53,40,1,1,20.288977560001516,13.008582122998632
chi_square-separated-n100000-d2-seed42,synthetic,chi_square,separated_clusters,random_sqrt_clique,100000,2,42.0,False,2,50,49,True,1.0,1,100000,100000,5049770,316,316,25,53,40,1,1,20.288977560001516,13.222958839000055
chi_square-separated-n100000-d2-seed42,synthetic,chi_square,separated_clusters,score_sg_antihub,100000,2,42.0,False,2,50,49,True,1.0,1,100000,100000,5049770,316,316,25,53,40,1,1,20.288977560001516,13.329753900001378
chi_square-iid-n100000-d10-seed42,synthetic,chi_square,iid,approx_knn_only,100000,10,42.0,False,2,50,49,True,1.0,1,100000,100000,5000000,0,316,6,109,44,1,2,41.18886828599716,12.581821540999954
chi_square-iid-n100000-d10-seed42,synthetic,chi_square,iid,random_sqrt_clique,100000,10,42.0,False,2,50,49,True,1.0,1,100000,100000,5049770,316,316,6,109,44,1,2,41.18886828599716,12.542252121002091
chi_square-iid-n100000-d10-seed42,synthetic,chi_square,iid,score_sg_antihub,100000,10,42.0,False,2,50,49,True,1.0,1,100000,100000,5049770,316,316,6,109,44,1,2,41.18886828599716,12.508394713997404
chi_square-separated-n100000-d10-seed42,synthetic,chi_square,separated_clusters,approx_knn_only,100000,10,42.0,False,2,50,49,False,0.0,5,33334,16666,5000000,0,316,3,131,126,1,1,22.70791283799917,12.42236263200175
chi_square-separated-n100000-d10-seed42,synthetic,chi_square,separated_clusters,random_sqrt_clique,100000,10,42.0,False,2,50,49,True,1.0,1,100000,100000,5049770,316,316,3,131,126,1,1,22.70791283799917,12.867135333999611
chi_square-separated-n100000-d10-seed42,synthetic,chi_square,separated_clusters,score_sg_antihub,100000,10,42.0,False,2,50,49,True,1.0,1,100000,100000,5049770,316,316,3,131,126,1,1,22.70791283799917,12.603896958000403
chi_square-iid-n100000-d32-seed42,synthetic,chi_square,iid,approx_knn_only,100000,32,42.0,False,2,50,49,True,1.0,1,100000,100000,5000000,0,316,0,717,316,1,1,45.14357562800069,12.94075076700028
chi_square-iid-n100000-d32-seed42,synthetic,chi_square,iid,random_sqrt_clique,100000,32,42.0,False,2,50,49,True,1.0,1,100000,100000,5049770,316,316,0,717,316,1,1,45.14357562800069,12.777947108999795
chi_square-iid-n100000-d32-seed42,synthetic,chi_square,iid,score_sg_antihub,100000,32,42.0,False,2,50,49,True,1.0,1,100000,100000,5049770,316,316,0,717,316,1,1,45.14357562800069,12.85050809400127
chi_square-separated-n100000-d32-seed42,synthetic,chi_square,separated_clusters,approx_knn_only,100000,32,42.0,False,2,50,49,False,0.0,6,16667,16666,5000000,0,316,0,964,316,2,2,27.032433718999528,13.126322431999142
chi_square-separated-n100000-d32-seed42,synthetic,chi_square,separated_clusters,random_sqrt_clique,100000,32,42.0,False,2,50,49,True,1.0,1,100000,100000,5049770,316,316,0,964,316,2,2,27.032433718999528,13.059436243001985
chi_square-separated-n100000-d32-seed42,synthetic,chi_square,separated_clusters,score_sg_antihub,100000,32,42.0,False,2,50,49,True,1.0,1,100000,100000,5049770,316,316,0,964,316,2,2,27.032433718999528,13.109144092999486
chi_square-iid-n100000-d64-seed42,synthetic,chi_square,iid,approx_knn_only,100000,64,42.0,False,2,50,49,True,1.0,1,100000,100000,5000000,0,316,0,4064,316,1,1,51.82329195100101,12.189892869002506
chi_square-iid-n100000-d64-seed42,synthetic,chi_square,iid,random_sqrt_clique,100000,64,42.0,False,2,50,49,True,1.0,1,100000,100000,5049770,316,316,0,4064,316,1,1,51.82329195100101,12.243635949002057
chi_square-iid-n100000-d64-seed42,synthetic,chi_square,iid,score_sg_antihub,100000,64,42.0,False,2,50,49,True,1.0,1,100000,100000,5049770,316,316,0,4064,316,1,1,51.82329195100101,12.289729410000293
chi_square-separated-n100000-d64-seed42,synthetic,chi_square,separated_clusters,approx_knn_only,100000,64,42.0,False,2,50,49,False,0.0,6,16667,16666,5000000,0,316,0,4245,316,1,1,28.884485934999248,12.403300835001572
chi_square-separated-n100000-d64-seed42,synthetic,chi_square,separated_clusters,random_sqrt_clique,100000,64,42.0,False,2,50,49,True,1.0,1,100000,100000,5049770,316,316,0,4245,316,1,1,28.884485934999248,12.376562895999086
chi_square-separated-n100000-d64-seed42,synthetic,chi_square,separated_clusters,score_sg_antihub,100000,64,42.0,False,2,50,49,True,1.0,1,100000,100000,5049770,316,316,0,4245,316,1,1,28.884485934999248,12.458960492000188
chi_square-iid-n100000-d128-seed42,synthetic,chi_square,iid,approx_knn_only,100000,128,42.0,False,2,50,49,True,1.0,1,100000,100000,5000000,0,316,0,14051,316,1,1,59.05195550999997,12.116531945997847
chi_square-iid-n100000-d128-seed42,synthetic,chi_square,iid,random_sqrt_clique,100000,128,42.0,False,2,50,49,True,1.0,1,100000,100000,5049770,316,316,0,14051,316,1,1,59.05195550999997,12.50556611600041
chi_square-iid-n100000-d128-seed42,synthetic,chi_square,iid,score_sg_antihub,100000,128,42.0,False,2,50,49,True,1.0,1,100000,100000,5049770,316,316,0,14051,316,1,1,59.05195550999997,12.263837492995664
chi_square-separated-n100000-d128-seed42,synthetic,chi_square,separated_clusters,approx_knn_only,100000,128,42.0,False,2,50,49,False,0.0,6,16667,16666,5000000,0,316,0,13022,316,1,1,35.906260684998415,12.30345830499573
chi_square-separated-n100000-d128-seed42,synthetic,chi_square,separated_clusters,random_sqrt_clique,100000,128,42.0,False,2,50,49,True,1.0,1,100000,100000,5049770,316,316,0,13022,316,1,1,35.906260684998415,12.355008530001214
chi_square-separated-n100000-d128-seed42,synthetic,chi_square,separated_clusters,score_sg_antihub,100000,128,42.0,False,2,50,49,True,1.0,1,100000,100000,5049770,316,316,0,13022,316,1,1,35.906260684998415,12.287275324000802
chi_square-iid-n200000-d2-seed42,synthetic,chi_square,iid,approx_knn_only,200000,2,42.0,False,2,50,49,True,1.0,1,200000,200000,10000000,0,447,31,131,16,1,1,58.177183981999406,27.02194210699963
chi_square-iid-n200000-d2-seed42,synthetic,chi_square,iid,random_sqrt_clique,200000,2,42.0,False,2,50,49,True,1.0,1,200000,200000,10099681,447,447,31,131,16,1,1,58.177183981999406,27.00488454099832
chi_square-iid-n200000-d2-seed42,synthetic,chi_square,iid,score_sg_antihub,200000,2,42.0,False,2,50,49,True,1.0,1,200000,200000,10099681,447,447,31,131,16,1,1,58.177183981999406,26.734695434002788
chi_square-separated-n200000-d2-seed42,synthetic,chi_square,separated_clusters,approx_knn_only,200000,2,42.0,False,2,50,49,True,1.0,1,200000,200000,10000000,0,447,26,67,31,1,1,41.07618886500131,25.93446049799968
chi_square-separated-n200000-d2-seed42,synthetic,chi_square,separated_clusters,random_sqrt_clique,200000,2,42.0,False,2,50,49,True,1.0,1,200000,200000,10099681,447,447,26,67,31,1,1,41.07618886500131,26.063506183003483
chi_square-separated-n200000-d2-seed42,synthetic,chi_square,separated_clusters,score_sg_antihub,200000,2,42.0,False,2,50,49,True,1.0,1,200000,200000,10099681,447,447,26,67,31,1,1,41.07618886500131,25.8706566280016
chi_square-iid-n200000-d10-seed42,synthetic,chi_square,iid,approx_knn_only,200000,10,42.0,False,2,50,49,True,1.0,1,200000,200000,10000000,0,447,6,141,44,1,1,64.5479317040008,25.795865133004558
chi_square-iid-n200000-d10-seed42,synthetic,chi_square,iid,random_sqrt_clique,200000,10,42.0,False,2,50,49,True,1.0,1,200000,200000,10099681,447,447,6,141,44,1,1,64.5479317040008,25.8782975169961
chi_square-iid-n200000-d10-seed42,synthetic,chi_square,iid,score_sg_antihub,200000,10,42.0,False,2,50,49,True,1.0,1,200000,200000,10099681,447,447,6,141,44,1,1,64.5479317040008,25.988213065997115
chi_square-separated-n200000-d10-seed42,synthetic,chi_square,separated_clusters,approx_knn_only,200000,10,42.0,False,2,50,49,False,0.0,6,33334,33333,10000000,0,447,3,192,191,1,1,45.1836142079992,26.46455738700024
chi_square-separated-n200000-d10-seed42,synthetic,chi_square,separated_clusters,random_sqrt_clique,200000,10,42.0,False,2,50,49,True,1.0,1,200000,200000,10099681,447,447,3,192,191,1,1,45.1836142079992,26.898710813002253
chi_square-separated-n200000-d10-seed42,synthetic,chi_square,separated_clusters,score_sg_antihub,200000,10,42.0,False,2,50,49,True,1.0,1,200000,200000,10099681,447,447,3,192,191,1,1,45.1836142079992,26.228252958004305
chi_square-iid-n200000-d32-seed42,synthetic,chi_square,iid,approx_knn_only,200000,32,42.0,False,2,50,49,True,1.0,1,200000,200000,10000000,0,447,0,1250,447,1,1,78.63297339700512,24.65430907100381
chi_square-iid-n200000-d32-seed42,synthetic,chi_square,iid,random_sqrt_clique,200000,32,42.0,False,2,50,49,True,1.0,1,200000,200000,10099681,447,447,0,1250,447,1,1,78.63297339700512,24.988497890000872
chi_square-iid-n200000-d32-seed42,synthetic,chi_square,iid,score_sg_antihub,200000,32,42.0,False,2,50,49,True,1.0,1,200000,200000,10099681,447,447,0,1250,447,1,1,78.63297339700512,25.01024314999813
chi_square-separated-n200000-d32-seed42,synthetic,chi_square,separated_clusters,approx_knn_only,200000,32,42.0,False,2,50,49,False,0.0,6,33334,33333,10000000,0,447,0,1745,447,1,1,53.92706191900652,24.597096691002665
chi_square-separated-n200000-d32-seed42,synthetic,chi_square,separated_clusters,random_sqrt_clique,200000,32,42.0,False,2,50,49,True,1.0,1,200000,200000,10099681,447,447,0,1745,447,1,1,53.92706191900652,25.31037799800106
chi_square-separated-n200000-d32-seed42,synthetic,chi_square,separated_clusters,score_sg_antihub,200000,32,42.0,False,2,50,49,True,1.0,1,200000,200000,10099681,447,447,0,1745,447,1,1,53.92706191900652,25.512685440000496
chi_square-iid-n200000-d64-seed42,synthetic,chi_square,iid,approx_knn_only,200000,64,42.0,False,2,50,49,True,1.0,1,200000,200000,10000000,0,447,0,7998,447,1,1,93.27158153799974,25.532225138995276
chi_square-iid-n200000-d64-seed42,synthetic,chi_square,iid,random_sqrt_clique,200000,64,42.0,False,2,50,49,True,1.0,1,200000,200000,10099681,447,447,0,7998,447,1,1,93.27158153799974,25.650399729995115
chi_square-iid-n200000-d64-seed42,synthetic,chi_square,iid,score_sg_antihub,200000,64,42.0,False,2,50,49,True,1.0,1,200000,200000,10099681,447,447,0,7998,447,1,1,93.27158153799974,25.345333769997524
chi_square-separated-n200000-d64-seed42,synthetic,chi_square,separated_clusters,approx_knn_only,200000,64,42.0,False,2,50,49,False,0.0,6,33334,33333,10000000,0,447,0,8646,447,1,2,62.80647461100307,25.50023776099988
chi_square-separated-n200000-d64-seed42,synthetic,chi_square,separated_clusters,random_sqrt_clique,200000,64,42.0,False,2,50,49,True,1.0,1,200000,200000,10099681,447,447,0,8646,447,1,2,62.80647461100307,25.361388811004872
chi_square-separated-n200000-d64-seed42,synthetic,chi_square,separated_clusters,score_sg_antihub,200000,64,42.0,False,2,50,49,True,1.0,1,200000,200000,10099681,447,447,0,8646,447,1,2,62.80647461100307,25.78493812699889
chi_square-iid-n200000-d128-seed42,synthetic,chi_square,iid,approx_knn_only,200000,128,42.0,False,2,50,49,True,1.0,1,200000,200000,10000000,0,447,0,29479,447,1,1,109.36849431799784,25.654679288003532
chi_square-iid-n200000-d128-seed42,synthetic,chi_square,iid,random_sqrt_clique,200000,128,42.0,False,2,50,49,True,1.0,1,200000,200000,10099681,447,447,0,29479,447,1,1,109.36849431799784,26.04585321500053
chi_square-iid-n200000-d128-seed42,synthetic,chi_square,iid,score_sg_antihub,200000,128,42.0,False,2,50,49,True,1.0,1,200000,200000,10099681,447,447,0,29479,447,1,1,109.36849431799784,25.86086357300519
chi_square-separated-n200000-d128-seed42,synthetic,chi_square,separated_clusters,approx_knn_only,200000,128,42.0,False,2,50,49,False,0.0,6,33334,33333,10000000,0,447,0,27022,447,1,1,78.91364273599902,25.653267457004404
chi_square-separated-n200000-d128-seed42,synthetic,chi_square,separated_clusters,random_sqrt_clique,200000,128,42.0,False,2,50,49,True,1.0,1,200000,200000,10099681,447,447,0,27022,447,1,1,78.91364273599902,26.010638318002748
chi_square-separated-n200000-d128-seed42,synthetic,chi_square,separated_clusters,score_sg_antihub,200000,128,42.0,False,2,50,49,True,1.0,1,200000,200000,10099681,447,447,0,27022,447,1,1,78.91364273599902,26.082923494999704
chi_square-iid-n500000-d2-seed42,synthetic,chi_square,iid,approx_knn_only,500000,2,42.0,False,2,50,49,True,1.0,1,500000,500000,25000000,0,707,31,223,2,1,1,119.8937624070022,68.53618092599936
chi_square-iid-n500000-d2-seed42,synthetic,chi_square,iid,random_sqrt_clique,500000,2,42.0,False,2,50,49,True,1.0,1,500000,500000,25249571,707,707,31,223,2,1,1,119.8937624070022,68.58281498300494
chi_square-iid-n500000-d2-seed42,synthetic,chi_square,iid,score_sg_antihub,500000,2,42.0,False,2,50,49,True,1.0,1,500000,500000,25249571,707,707,31,223,2,1,1,119.8937624070022,67.9431314800022
chi_square-separated-n500000-d2-seed42,synthetic,chi_square,separated_clusters,approx_knn_only,500000,2,42.0,False,2,50,49,True,1.0,1,500000,500000,25000000,0,707,27,183,61,1,1,103.19865607400423,69.24486424600036
chi_square-separated-n500000-d2-seed42,synthetic,chi_square,separated_clusters,random_sqrt_clique,500000,2,42.0,False,2,50,49,True,1.0,1,500000,500000,25249571,707,707,27,183,61,1,1,103.19865607400423,69.50001034099841
chi_square-separated-n500000-d2-seed42,synthetic,chi_square,separated_clusters,score_sg_antihub,500000,2,42.0,False,2,50,49,True,1.0,1,500000,500000,25249571,707,707,27,183,61,1,1,103.19865607400423,68.7200564090017
chi_square-iid-n500000-d10-seed42,synthetic,chi_square,iid,approx_knn_only,500000,10,42.0,False,2,50,49,True,1.0,1,500000,500000,25000000,0,707,6,233,77,1,1,136.20298726899637,65.78002534499683
chi_square-iid-n500000-d10-seed42,synthetic,chi_square,iid,random_sqrt_clique,500000,10,42.0,False,2,50,49,True,1.0,1,500000,500000,25249571,707,707,6,233,77,1,1,136.20298726899637,66.02301689700107
chi_square-iid-n500000-d10-seed42,synthetic,chi_square,iid,score_sg_antihub,500000,10,42.0,False,2,50,49,True,1.0,1,500000,500000,25249571,707,707,6,233,77,1,1,136.20298726899637,65.70304585099802
chi_square-separated-n500000-d10-seed42,synthetic,chi_square,separated_clusters,approx_knn_only,500000,10,42.0,False,2,50,49,False,0.0,6,83334,83333,25000000,0,707,4,383,15,1,1,121.09013614399736,65.01013718700415
chi_square-separated-n500000-d10-seed42,synthetic,chi_square,separated_clusters,random_sqrt_clique,500000,10,42.0,False,2,50,49,True,1.0,1,500000,500000,25249571,707,707,4,383,15,1,1,121.09013614399736,65.0296512040004
chi_square-separated-n500000-d10-seed42,synthetic,chi_square,separated_clusters,score_sg_antihub,500000,10,42.0,False,2,50,49,True,1.0,1,500000,500000,25249571,707,707,4,383,15,1,1,121.09013614399736,64.52185118800116
chi_square-iid-n500000-d32-seed42,synthetic,chi_square,iid,approx_knn_only,500000,32,42.0,False,2,50,49,True,1.0,1,500000,500000,25000000,0,707,0,2662,707,3,3,176.45567581800424,65.63538184299978
chi_square-iid-n500000-d32-seed42,synthetic,chi_square,iid,random_sqrt_clique,500000,32,42.0,False,2,50,49,True,1.0,1,500000,500000,25249571,707,707,0,2662,707,3,3,176.45567581800424,66.94111135399726
chi_square-iid-n500000-d32-seed42,synthetic,chi_square,iid,score_sg_antihub,500000,32,42.0,False,2,50,49,True,1.0,1,500000,500000,25249571,707,707,0,2662,707,3,3,176.45567581800424,68.57605537400377
chi_square-separated-n500000-d32-seed42,synthetic,chi_square,separated_clusters,approx_knn_only,500000,32,42.0,False,2,50,49,False,0.0,6,83334,83333,25000000,0,707,0,3619,707,3,3,143.11538767499587,65.45780086299783
chi_square-separated-n500000-d32-seed42,synthetic,chi_square,separated_clusters,random_sqrt_clique,500000,32,42.0,False,2,50,49,True,1.0,1,500000,500000,25249571,707,707,0,3619,707,3,3,143.11538767499587,66.62954693600477
chi_square-separated-n500000-d32-seed42,synthetic,chi_square,separated_clusters,score_sg_antihub,500000,32,42.0,False,2,50,49,True,1.0,1,500000,500000,25249571,707,707,0,3619,707,3,3,143.11538767499587,66.721928484003
chi_square-iid-n500000-d64-seed42,synthetic,chi_square,iid,approx_knn_only,500000,64,42.0,False,2,50,49,True,1.0,1,500000,500000,25000000,0,707,0,18934,707,1,3,232.38760850800463,65.30806669100275
chi_square-iid-n500000-d64-seed42,synthetic,chi_square,iid,random_sqrt_clique,500000,64,42.0,False,2,50,49,True,1.0,1,500000,500000,25249571,707,707,0,18934,707,1,3,232.38760850800463,64.99576586799958
chi_square-iid-n500000-d64-seed42,synthetic,chi_square,iid,score_sg_antihub,500000,64,42.0,False,2,50,49,True,1.0,1,500000,500000,25249571,707,707,0,18934,707,1,3,232.38760850800463,65.01762970900018
chi_square-separated-n500000-d64-seed42,synthetic,chi_square,separated_clusters,approx_knn_only,500000,64,42.0,False,2,50,49,False,0.0,6,83334,83333,25000000,0,707,0,20657,707,2,2,179.67586260800454,65.23012641799869
chi_square-separated-n500000-d64-seed42,synthetic,chi_square,separated_clusters,random_sqrt_clique,500000,64,42.0,False,2,50,49,True,1.0,1,500000,500000,25249571,707,707,0,20657,707,2,2,179.67586260800454,65.11112261200469
chi_square-separated-n500000-d64-seed42,synthetic,chi_square,separated_clusters,score_sg_antihub,500000,64,42.0,False,2,50,49,True,1.0,1,500000,500000,25249571,707,707,0,20657,707,2,2,179.67586260800454,65.76397860999714
chi_square-iid-n500000-d128-seed42,synthetic,chi_square,iid,approx_knn_only,500000,128,42.0,False,2,50,49,True,1.0,1,500000,500000,25000000,0,707,0,78420,707,1,1,278.09100821000175,65.84132134800166
chi_square-iid-n500000-d128-seed42,synthetic,chi_square,iid,random_sqrt_clique,500000,128,42.0,False,2,50,49,True,1.0,1,500000,500000,25249571,707,707,0,78420,707,1,1,278.09100821000175,65.54517174400098
chi_square-iid-n500000-d128-seed42,synthetic,chi_square,iid,score_sg_antihub,500000,128,42.0,False,2,50,49,True,1.0,1,500000,500000,25249571,707,707,0,78420,707,1,1,278.09100821000175,65.8483006519964
chi_square-separated-n500000-d128-seed42,synthetic,chi_square,separated_clusters,approx_knn_only,500000,128,42.0,False,2,50,49,False,0.0,6,83334,83333,25000000,0,707,0,69966,707,2,2,226.11504334799972,66.269239690002
chi_square-separated-n500000-d128-seed42,synthetic,chi_square,separated_clusters,random_sqrt_clique,500000,128,42.0,False,2,50,49,True,1.0,1,500000,500000,25249571,707,707,0,69966,707,2,2,226.11504334799972,65.7745369730037
chi_square-separated-n500000-d128-seed42,synthetic,chi_square,separated_clusters,score_sg_antihub,500000,128,42.0,False,2,50,49,True,1.0,1,500000,500000,25249571,707,707,0,69966,707,2,2,226.11504334799972,66.93344254399562
chi_square-iid-n1000000-d2-seed42,synthetic,chi_square,iid,approx_knn_only,1000000,2,42.0,False,2,50,49,True,1.0,1,1000000,1000000,50000000,0,1000,30,280,262,1,1,227.7363142329996,135.96983909499977
chi_square-iid-n1000000-d2-seed42,synthetic,chi_square,iid,random_sqrt_clique,1000000,2,42.0,False,2,50,49,True,1.0,1,1000000,1000000,50499500,1000,1000,30,280,262,1,1,227.7363142329996,137.91132102499978
chi_square-iid-n1000000-d2-seed42,synthetic,chi_square,iid,score_sg_antihub,1000000,2,42.0,False,2,50,49,True,1.0,1,1000000,1000000,50499500,1000,1000,30,280,262,1,1,227.7363142329996,138.57249531300477
chi_square-separated-n1000000-d2-seed42,synthetic,chi_square,separated_clusters,approx_knn_only,1000000,2,42.0,False,2,50,49,True,1.0,1,1000000,1000000,50000000,0,1000,27,234,195,1,2,211.75490193899896,138.14559771499626
chi_square-separated-n1000000-d2-seed42,synthetic,chi_square,separated_clusters,random_sqrt_clique,1000000,2,42.0,False,2,50,49,True,1.0,1,1000000,1000000,50499500,1000,1000,27,234,195,1,2,211.75490193899896,141.90377897599683
chi_square-separated-n1000000-d2-seed42,synthetic,chi_square,separated_clusters,score_sg_antihub,1000000,2,42.0,False,2,50,49,True,1.0,1,1000000,1000000,50499500,1000,1000,27,234,195,1,2,211.75490193899896,139.68925456999568
chi_square-iid-n1000000-d10-seed42,synthetic,chi_square,iid,approx_knn_only,1000000,10,42.0,False,2,50,49,True,1.0,1,1000000,1000000,50000000,0,1000,6,346,139,2,3,258.0147644960016,130.94115541700012
chi_square-iid-n1000000-d10-seed42,synthetic,chi_square,iid,random_sqrt_clique,1000000,10,42.0,False,2,50,49,True,1.0,1,1000000,1000000,50499500,1000,1000,6,346,139,2,3,258.0147644960016,133.55665205999685
chi_square-iid-n1000000-d10-seed42,synthetic,chi_square,iid,score_sg_antihub,1000000,10,42.0,False,2,50,49,True,1.0,1,1000000,1000000,50499500,1000,1000,6,346,139,2,3,258.0147644960016,133.77568622700346
chi_square-separated-n1000000-d10-seed42,synthetic,chi_square,separated_clusters,approx_knn_only,1000000,10,42.0,False,2,50,49,False,0.0,6,166667,166666,50000000,0,1000,3,437,435,1,1,246.1145798639991,137.68326752499706
chi_square-separated-n1000000-d10-seed42,synthetic,chi_square,separated_clusters,random_sqrt_clique,1000000,10,42.0,False,2,50,49,True,1.0,1,1000000,1000000,50499500,1000,1000,3,437,435,1,1,246.1145798639991,136.77799554900412
chi_square-separated-n1000000-d10-seed42,synthetic,chi_square,separated_clusters,score_sg_antihub,1000000,10,42.0,False,2,50,49,True,1.0,1,1000000,1000000,50499500,1000,1000,3,437,435,1,1,246.1145798639991,135.06017048999638
chi_square-iid-n1000000-d32-seed42,synthetic,chi_square,iid,approx_knn_only,1000000,32,42.0,False,2,50,49,True,1.0,1,1000000,1000000,50000000,0,1000,0,4553,1000,3,3,352.49084486300126,129.8557157200048
chi_square-iid-n1000000-d32-seed42,synthetic,chi_square,iid,random_sqrt_clique,1000000,32,42.0,False,2,50,49,True,1.0,1,1000000,1000000,50499500,1000,1000,0,4553,1000,3,3,352.49084486300126,132.86657544600166
chi_square-iid-n1000000-d32-seed42,synthetic,chi_square,iid,score_sg_antihub,1000000,32,42.0,False,2,50,49,True,1.0,1,1000000,1000000,50499500,1000,1000,0,4553,1000,3,3,352.49084486300126,130.91558175200043
chi_square-separated-n1000000-d32-seed42,synthetic,chi_square,separated_clusters,approx_knn_only,1000000,32,42.0,False,2,50,49,False,0.0,6,166667,166666,50000000,0,1000,0,6420,1000,5,5,318.98440634399594,130.15110137699958
chi_square-separated-n1000000-d32-seed42,synthetic,chi_square,separated_clusters,random_sqrt_clique,1000000,32,42.0,False,2,50,49,True,1.0,1,1000000,1000000,50499500,1000,1000,0,6420,1000,5,5,318.98440634399594,131.0194428879986
chi_square-separated-n1000000-d32-seed42,synthetic,chi_square,separated_clusters,score_sg_antihub,1000000,32,42.0,False,2,50,49,True,1.0,1,1000000,1000000,50499500,1000,1000,0,6420,1000,5,5,318.98440634399594,130.5756243959986
chi_square-iid-n1000000-d64-seed42,synthetic,chi_square,iid,approx_knn_only,1000000,64,42.0,False,2,50,49,True,1.0,1,1000000,1000000,50000000,0,1000,0,36458,1000,6,10,477.11888526200346,134.1709450470007
chi_square-iid-n1000000-d64-seed42,synthetic,chi_square,iid,random_sqrt_clique,1000000,64,42.0,False,2,50,49,True,1.0,1,1000000,1000000,50499500,1000,1000,0,36458,1000,6,10,477.11888526200346,134.80309647299873
chi_square-iid-n1000000-d64-seed42,synthetic,chi_square,iid,score_sg_antihub,1000000,64,42.0,False,2,50,49,True,1.0,1,1000000,1000000,50499500,1000,1000,0,36458,1000,6,10,477.11888526200346,135.4890026370049
chi_square-separated-n1000000-d64-seed42,synthetic,chi_square,separated_clusters,approx_knn_only,1000000,64,42.0,False,2,50,49,False,0.0,6,166667,166666,50000000,0,1000,0,40133,1000,4,5,389.12146572599886,132.62536222700146
chi_square-separated-n1000000-d64-seed42,synthetic,chi_square,separated_clusters,random_sqrt_clique,1000000,64,42.0,False,2,50,49,True,1.0,1,1000000,1000000,50499500,1000,1000,0,40133,1000,4,5,389.12146572599886,134.2245719909988
chi_square-separated-n1000000-d64-seed42,synthetic,chi_square,separated_clusters,score_sg_antihub,1000000,64,42.0,False,2,50,49,True,1.0,1,1000000,1000000,50499500,1000,1000,0,40133,1000,4,5,389.12146572599886,133.72194299499824
chi_square-iid-n1000000-d128-seed42,synthetic,chi_square,iid,approx_knn_only,1000000,128,42.0,False,2,50,49,True,1.0,1,1000000,1000000,50000000,0,1000,0,162988,1000,1,2,595.1037326119986,131.20291216599435
chi_square-iid-n1000000-d128-seed42,synthetic,chi_square,iid,random_sqrt_clique,1000000,128,42.0,False,2,50,49,True,1.0,1,1000000,1000000,50499500,1000,1000,0,162988,1000,1,2,595.1037326119986,132.02845178400457
chi_square-iid-n1000000-d128-seed42,synthetic,chi_square,iid,score_sg_antihub,1000000,128,42.0,False,2,50,49,True,1.0,1,1000000,1000000,50499500,1000,1000,0,162988,1000,1,2,595.1037326119986,133.77270294000482
chi_square-separated-n1000000-d128-seed42,synthetic,chi_square,separated_clusters,approx_knn_only,1000000,128,42.0,False,2,50,49,False,0.0,6,166667,166666,50000000,0,1000,0,145524,1000,2,2,500.2495285820041,132.30620646199532
chi_square-separated-n1000000-d128-seed42,synthetic,chi_square,separated_clusters,random_sqrt_clique,1000000,128,42.0,False,2,50,49,True,1.0,1,1000000,1000000,50499500,1000,1000,0,145524,1000,2,2,500.2495285820041,132.43405013900338
chi_square-separated-n1000000-d128-seed42,synthetic,chi_square,separated_clusters,score_sg_antihub,1000000,128,42.0,False,2,50,49,True,1.0,1,1000000,1000000,50499500,1000,1000,0,145524,1000,2,2,500.2495285820041,134.77298628500284
gamma-iid-n1000-d2-seed42,synthetic,gamma,iid,approx_knn_only,1000,2,42.0,False,2,50,49,True,1.0,1,1000,1000,50000,0,31,22,2,1,1,1,17.64272510199953,0.1173215509988949
gamma-iid-n1000-d2-seed42,synthetic,gamma,iid,random_sqrt_clique,1000,2,42.0,False,2,50,49,True,1.0,1,1000,1000,50465,31,31,22,2,1,1,1,17.64272510199953,0.1193276269987109
gamma-iid-n1000-d2-seed42,synthetic,gamma,iid,score_sg_antihub,1000,2,42.0,False,2,50,49,True,1.0,1,1000,1000,50465,31,31,22,2,1,1,1,17.64272510199953,0.1150463270023465
gamma-separated-n1000-d2-seed42,synthetic,gamma,separated_clusters,approx_knn_only,1000,2,42.0,False,2,50,49,False,0.0,6,167,166,50000,0,31,10,5,3,1,1,0.3349511889973655,0.1360501410017605
gamma-separated-n1000-d2-seed42,synthetic,gamma,separated_clusters,random_sqrt_clique,1000,2,42.0,False,2,50,49,True,1.0,1,1000,1000,50465,31,31,10,5,3,1,1,0.3349511889973655,0.1267079829995054
gamma-separated-n1000-d2-seed42,synthetic,gamma,separated_clusters,score_sg_antihub,1000,2,42.0,False,2,50,49,True,1.0,1,1000,1000,50465,31,31,10,5,3,1,1,0.3349511889973655,0.1275358450002386
gamma-iid-n1000-d10-seed42,synthetic,gamma,iid,approx_knn_only,1000,10,42.0,False,2,50,49,True,1.0,1,1000,1000,50000,0,31,6,9,9,1,1,17.524716040003113,0.1238965800002915
gamma-iid-n1000-d10-seed42,synthetic,gamma,iid,random_sqrt_clique,1000,10,42.0,False,2,50,49,True,1.0,1,1000,1000,50465,31,31,6,9,9,1,1,17.524716040003113,0.119055085000582
gamma-iid-n1000-d10-seed42,synthetic,gamma,iid,score_sg_antihub,1000,10,42.0,False,2,50,49,True,1.0,1,1000,1000,50465,31,31,6,9,9,1,1,17.524716040003113,0.117786659997364
gamma-separated-n1000-d10-seed42,synthetic,gamma,separated_clusters,approx_knn_only,1000,10,42.0,False,2,50,49,False,0.0,6,167,166,50000,0,31,5,9,6,1,1,0.3374895169981755,0.1321138929997687
gamma-separated-n1000-d10-seed42,synthetic,gamma,separated_clusters,random_sqrt_clique,1000,10,42.0,False,2,50,49,True,1.0,1,1000,1000,50465,31,31,5,9,6,1,1,0.3374895169981755,0.1249563790042884
gamma-separated-n1000-d10-seed42,synthetic,gamma,separated_clusters,score_sg_antihub,1000,10,42.0,False,2,50,49,True,1.0,1,1000,1000,50465,31,31,5,9,6,1,1,0.3374895169981755,0.1207172880021971
gamma-iid-n1000-d32-seed42,synthetic,gamma,iid,approx_knn_only,1000,32,42.0,False,2,50,49,True,1.0,1,1000,1000,50000,0,31,1,15,12,1,1,17.586631869002304,0.125480153998069
gamma-iid-n1000-d32-seed42,synthetic,gamma,iid,random_sqrt_clique,1000,32,42.0,False,2,50,49,True,1.0,1,1000,1000,50465,31,31,1,15,12,1,1,17.586631869002304,0.1290795980021357
gamma-iid-n1000-d32-seed42,synthetic,gamma,iid,score_sg_antihub,1000,32,42.0,False,2,50,49,True,1.0,1,1000,1000,50465,31,31,1,15,12,1,1,17.586631869002304,0.1278941260025021
gamma-separated-n1000-d32-seed42,synthetic,gamma,separated_clusters,approx_knn_only,1000,32,42.0,False,2,50,49,False,0.0,6,167,166,50000,0,31,2,12,5,1,1,0.3829466630049865,0.1194643580020056
gamma-separated-n1000-d32-seed42,synthetic,gamma,separated_clusters,random_sqrt_clique,1000,32,42.0,False,2,50,49,True,1.0,1,1000,1000,50465,31,31,2,12,5,1,1,0.3829466630049865,0.1169929890020284
gamma-separated-n1000-d32-seed42,synthetic,gamma,separated_clusters,score_sg_antihub,1000,32,42.0,False,2,50,49,True,1.0,1,1000,1000,50465,31,31,2,12,5,1,1,0.3829466630049865,0.1128169069997966
gamma-iid-n1000-d64-seed42,synthetic,gamma,iid,approx_knn_only,1000,64,42.0,False,2,50,49,True,1.0,1,1000,1000,50000,0,31,0,40,31,1,1,17.46693624999898,0.1213259340001968
gamma-iid-n1000-d64-seed42,synthetic,gamma,iid,random_sqrt_clique,1000,64,42.0,False,2,50,49,True,1.0,1,1000,1000,50465,31,31,0,40,31,1,1,17.46693624999898,0.1113601769975503
gamma-iid-n1000-d64-seed42,synthetic,gamma,iid,score_sg_antihub,1000,64,42.0,False,2,50,49,True,1.0,1,1000,1000,50465,31,31,0,40,31,1,1,17.46693624999898,0.110422705001838
gamma-separated-n1000-d64-seed42,synthetic,gamma,separated_clusters,approx_knn_only,1000,64,42.0,False,2,50,49,False,0.0,6,167,166,50000,0,31,1,20,15,1,1,0.34302930800186,0.1236598020041128
gamma-separated-n1000-d64-seed42,synthetic,gamma,separated_clusters,random_sqrt_clique,1000,64,42.0,False,2,50,49,True,1.0,1,1000,1000,50465,31,31,1,20,15,1,1,0.34302930800186,0.1160657810032717
gamma-separated-n1000-d64-seed42,synthetic,gamma,separated_clusters,score_sg_antihub,1000,64,42.0,False,2,50,49,True,1.0,1,1000,1000,50465,31,31,1,20,15,1,1,0.34302930800186,0.1091847400020924
gamma-iid-n1000-d128-seed42,synthetic,gamma,iid,approx_knn_only,1000,128,42.0,False,2,50,49,True,1.0,1,1000,1000,50000,0,31,0,72,31,1,1,17.564753777005535,0.1156534320034552
gamma-iid-n1000-d128-seed42,synthetic,gamma,iid,random_sqrt_clique,1000,128,42.0,False,2,50,49,True,1.0,1,1000,1000,50465,31,31,0,72,31,1,1,17.564753777005535,0.1136308299974189
gamma-iid-n1000-d128-seed42,synthetic,gamma,iid,score_sg_antihub,1000,128,42.0,False,2,50,49,True,1.0,1,1000,1000,50465,31,31,0,72,31,1,1,17.564753777005535,0.1099250170009327
gamma-separated-n1000-d128-seed42,synthetic,gamma,separated_clusters,approx_knn_only,1000,128,42.0,False,2,50,49,False,0.0,6,167,166,50000,0,31,0,31,31,1,1,0.3662049199992907,0.1149650250008562
gamma-separated-n1000-d128-seed42,synthetic,gamma,separated_clusters,random_sqrt_clique,1000,128,42.0,False,2,50,49,True,1.0,1,1000,1000,50465,31,31,0,31,31,1,1,0.3662049199992907,0.1119599700032267
gamma-separated-n1000-d128-seed42,synthetic,gamma,separated_clusters,score_sg_antihub,1000,128,42.0,False,2,50,49,True,1.0,1,1000,1000,50465,31,31,0,31,31,1,1,0.3662049199992907,0.110929918999318
gamma-iid-n5000-d2-seed42,synthetic,gamma,iid,approx_knn_only,5000,2,42.0,False,2,50,49,True,1.0,1,5000,5000,250000,0,70,24,8,2,1,1,18.31343114700576,0.6394875910045812
gamma-iid-n5000-d2-seed42,synthetic,gamma,iid,random_sqrt_clique,5000,2,42.0,False,2,50,49,True,1.0,1,5000,5000,252415,70,70,24,8,2,1,1,18.31343114700576,0.5863877929950831
gamma-iid-n5000-d2-seed42,synthetic,gamma,iid,score_sg_antihub,5000,2,42.0,False,2,50,49,True,1.0,1,5000,5000,252415,70,70,24,8,2,1,1,18.31343114700576,0.579618998002843
gamma-separated-n5000-d2-seed42,synthetic,gamma,separated_clusters,approx_knn_only,5000,2,42.0,False,2,50,49,False,0.0,6,834,833,250000,0,70,15,6,1,1,1,1.0989325310001732,0.65496146499936
gamma-separated-n5000-d2-seed42,synthetic,gamma,separated_clusters,random_sqrt_clique,5000,2,42.0,False,2,50,49,True,1.0,1,5000,5000,252415,70,70,15,6,1,1,1,1.0989325310001732,0.6290035889978753
gamma-separated-n5000-d2-seed42,synthetic,gamma,separated_clusters,score_sg_antihub,5000,2,42.0,False,2,50,49,True,1.0,1,5000,5000,252415,70,70,15,6,1,1,1,1.0989325310001732,0.6389081859961152
gamma-iid-n5000-d10-seed42,synthetic,gamma,iid,approx_knn_only,5000,10,42.0,False,2,50,49,True,1.0,1,5000,5000,250000,0,70,6,20,5,1,1,18.384002886996317,0.5752775549990474
gamma-iid-n5000-d10-seed42,synthetic,gamma,iid,random_sqrt_clique,5000,10,42.0,False,2,50,49,True,1.0,1,5000,5000,252415,70,70,6,20,5,1,1,18.384002886996317,0.6104314149997663
gamma-iid-n5000-d10-seed42,synthetic,gamma,iid,score_sg_antihub,5000,10,42.0,False,2,50,49,True,1.0,1,5000,5000,252415,70,70,6,20,5,1,1,18.384002886996317,0.62712501900387
gamma-separated-n5000-d10-seed42,synthetic,gamma,separated_clusters,approx_knn_only,5000,10,42.0,False,2,50,49,False,0.0,6,834,833,250000,0,70,4,30,7,1,1,1.1508917800019844,0.6299778390020947
gamma-separated-n5000-d10-seed42,synthetic,gamma,separated_clusters,random_sqrt_clique,5000,10,42.0,False,2,50,49,True,1.0,1,5000,5000,252415,70,70,4,30,7,1,1,1.1508917800019844,0.5439187570009381
gamma-separated-n5000-d10-seed42,synthetic,gamma,separated_clusters,score_sg_antihub,5000,10,42.0,False,2,50,49,True,1.0,1,5000,5000,252415,70,70,4,30,7,1,1,1.1508917800019844,0.5741665239984286
gamma-iid-n5000-d32-seed42,synthetic,gamma,iid,approx_knn_only,5000,32,42.0,False,2,50,49,True,1.0,1,5000,5000,250000,0,70,1,92,8,1,1,18.49022231499839,0.5712539550004294
gamma-iid-n5000-d32-seed42,synthetic,gamma,iid,random_sqrt_clique,5000,32,42.0,False,2,50,49,True,1.0,1,5000,5000,252415,70,70,1,92,8,1,1,18.49022231499839,0.5870384340014425
gamma-iid-n5000-d32-seed42,synthetic,gamma,iid,score_sg_antihub,5000,32,42.0,False,2,50,49,True,1.0,1,5000,5000,252415,70,70,1,92,8,1,1,18.49022231499839,0.6107997500002966
gamma-separated-n5000-d32-seed42,synthetic,gamma,separated_clusters,approx_knn_only,5000,32,42.0,False,2,50,49,False,0.0,6,834,833,250000,0,70,1,83,7,1,1,1.1068301609993796,0.6318744890013477
gamma-separated-n5000-d32-seed42,synthetic,gamma,separated_clusters,random_sqrt_clique,5000,32,42.0,False,2,50,49,True,1.0,1,5000,5000,252415,70,70,1,83,7,1,1,1.1068301609993796,0.5900650519979536
gamma-separated-n5000-d32-seed42,synthetic,gamma,separated_clusters,score_sg_antihub,5000,32,42.0,False,2,50,49,True,1.0,1,5000,5000,252415,70,70,1,83,7,1,1,1.1068301609993796,0.5782659879987477
gamma-iid-n5000-d64-seed42,synthetic,gamma,iid,approx_knn_only,5000,64,42.0,False,2,50,49,True,1.0,1,5000,5000,250000,0,70,0,216,70,1,1,18.565280659000564,0.5590699070016854
gamma-iid-n5000-d64-seed42,synthetic,gamma,iid,random_sqrt_clique,5000,64,42.0,False,2,50,49,True,1.0,1,5000,5000,252415,70,70,0,216,70,1,1,18.565280659000564,0.5692244420060888
gamma-iid-n5000-d64-seed42,synthetic,gamma,iid,score_sg_antihub,5000,64,42.0,False,2,50,49,True,1.0,1,5000,5000,252415,70,70,0,216,70,1,1,18.565280659000564,0.5531234990048688
gamma-separated-n5000-d64-seed42,synthetic,gamma,separated_clusters,approx_knn_only,5000,64,42.0,False,2,50,49,False,0.0,6,834,833,250000,0,70,0,190,70,1,1,1.341741850003018,0.6960711630017613
gamma-separated-n5000-d64-seed42,synthetic,gamma,separated_clusters,random_sqrt_clique,5000,64,42.0,False,2,50,49,True,1.0,1,5000,5000,252415,70,70,0,190,70,1,1,1.341741850003018,0.6686539319998701
gamma-separated-n5000-d64-seed42,synthetic,gamma,separated_clusters,score_sg_antihub,5000,64,42.0,False,2,50,49,True,1.0,1,5000,5000,252415,70,70,0,190,70,1,1,1.341741850003018,0.6985227500044857
gamma-iid-n5000-d128-seed42,synthetic,gamma,iid,approx_knn_only,5000,128,42.0,False,2,50,49,True,1.0,1,5000,5000,250000,0,70,0,539,70,1,1,18.812995036998476,0.5576915459969314
gamma-iid-n5000-d128-seed42,synthetic,gamma,iid,random_sqrt_clique,5000,128,42.0,False,2,50,49,True,1.0,1,5000,5000,252415,70,70,0,539,70,1,1,18.812995036998476,0.5697852450030041
gamma-iid-n5000-d128-seed42,synthetic,gamma,iid,score_sg_antihub,5000,128,42.0,False,2,50,49,True,1.0,1,5000,5000,252415,70,70,0,539,70,1,1,18.812995036998476,0.5536361259946716
gamma-separated-n5000-d128-seed42,synthetic,gamma,separated_clusters,approx_knn_only,5000,128,42.0,False,2,50,49,False,0.0,6,834,833,250000,0,70,0,364,70,1,1,1.296174470000551,0.6075151319964789
gamma-separated-n5000-d128-seed42,synthetic,gamma,separated_clusters,random_sqrt_clique,5000,128,42.0,False,2,50,49,True,1.0,1,5000,5000,252415,70,70,0,364,70,1,1,1.296174470000551,0.5810370589970262
gamma-separated-n5000-d128-seed42,synthetic,gamma,separated_clusters,score_sg_antihub,5000,128,42.0,False,2,50,49,True,1.0,1,5000,5000,252415,70,70,0,364,70,1,1,1.296174470000551,0.5575386239943327
gamma-iid-n10000-d2-seed42,synthetic,gamma,iid,approx_knn_only,10000,2,42.0,False,2,50,49,True,1.0,1,10000,10000,500000,0,100,25,13,6,1,1,19.439944628997186,1.1238711219994002
gamma-iid-n10000-d2-seed42,synthetic,gamma,iid,random_sqrt_clique,10000,2,42.0,False,2,50,49,True,1.0,1,10000,10000,504950,100,100,25,13,6,1,1,19.439944628997186,1.165893444995163
gamma-iid-n10000-d2-seed42,synthetic,gamma,iid,score_sg_antihub,10000,2,42.0,False,2,50,49,True,1.0,1,10000,10000,504950,100,100,25,13,6,1,1,19.439944628997186,1.238303198995709
gamma-separated-n10000-d2-seed42,synthetic,gamma,separated_clusters,approx_knn_only,10000,2,42.0,False,2,50,49,False,0.0,5,3333,1666,500000,0,100,18,14,4,1,1,2.140451655999641,1.2264110010000877
gamma-separated-n10000-d2-seed42,synthetic,gamma,separated_clusters,random_sqrt_clique,10000,2,42.0,False,2,50,49,True,1.0,1,10000,10000,504950,100,100,18,14,4,1,1,2.140451655999641,1.1685496829959447
gamma-separated-n10000-d2-seed42,synthetic,gamma,separated_clusters,score_sg_antihub,10000,2,42.0,False,2,50,49,True,1.0,1,10000,10000,504950,100,100,18,14,4,1,1,2.140451655999641,1.1329082879965426
gamma-iid-n10000-d10-seed42,synthetic,gamma,iid,approx_knn_only,10000,10,42.0,False,2,50,49,True,1.0,1,10000,10000,500000,0,100,6,30,4,1,1,19.78028089000145,1.1081931189983152
gamma-iid-n10000-d10-seed42,synthetic,gamma,iid,random_sqrt_clique,10000,10,42.0,False,2,50,49,True,1.0,1,10000,10000,504950,100,100,6,30,4,1,1,19.78028089000145,1.2375381619931431
gamma-iid-n10000-d10-seed42,synthetic,gamma,iid,score_sg_antihub,10000,10,42.0,False,2,50,49,True,1.0,1,10000,10000,504950,100,100,6,30,4,1,1,19.78028089000145,1.1058508119967885
gamma-separated-n10000-d10-seed42,synthetic,gamma,separated_clusters,approx_knn_only,10000,10,42.0,False,2,50,49,False,0.0,6,1667,1666,500000,0,100,3,35,30,1,1,2.2523219240028998,1.178718100003607
gamma-separated-n10000-d10-seed42,synthetic,gamma,separated_clusters,random_sqrt_clique,10000,10,42.0,False,2,50,49,True,1.0,1,10000,10000,504950,100,100,3,35,30,1,1,2.2523219240028998,1.105892744002631
gamma-separated-n10000-d10-seed42,synthetic,gamma,separated_clusters,score_sg_antihub,10000,10,42.0,False,2,50,49,True,1.0,1,10000,10000,504950,100,100,3,35,30,1,1,2.2523219240028998,1.1179887949983822
gamma-iid-n10000-d32-seed42,synthetic,gamma,iid,approx_knn_only,10000,32,42.0,False,2,50,49,True,1.0,1,10000,10000,500000,0,100,0,124,100,1,1,19.785179591002816,1.1902963989996351
gamma-iid-n10000-d32-seed42,synthetic,gamma,iid,random_sqrt_clique,10000,32,42.0,False,2,50,49,True,1.0,1,10000,10000,504950,100,100,0,124,100,1,1,19.785179591002816,1.1339957559976028
gamma-iid-n10000-d32-seed42,synthetic,gamma,iid,score_sg_antihub,10000,32,42.0,False,2,50,49,True,1.0,1,10000,10000,504950,100,100,0,124,100,1,1,19.785179591002816,1.1138078940057312
gamma-separated-n10000-d32-seed42,synthetic,gamma,separated_clusters,approx_knn_only,10000,32,42.0,False,2,50,49,False,0.0,6,1667,1666,500000,0,100,0,138,100,1,1,2.2656539710005745,1.12272193699755
gamma-separated-n10000-d32-seed42,synthetic,gamma,separated_clusters,random_sqrt_clique,10000,32,42.0,False,2,50,49,True,1.0,1,10000,10000,504950,100,100,0,138,100,1,1,2.2656539710005745,1.1283296330002486
gamma-separated-n10000-d32-seed42,synthetic,gamma,separated_clusters,score_sg_antihub,10000,32,42.0,False,2,50,49,True,1.0,1,10000,10000,504950,100,100,0,138,100,1,1,2.2656539710005745,1.2000639050020254
gamma-iid-n10000-d64-seed42,synthetic,gamma,iid,approx_knn_only,10000,64,42.0,False,2,50,49,True,1.0,1,10000,10000,500000,0,100,0,456,100,1,1,20.024458059000608,1.1419078619946958
gamma-iid-n10000-d64-seed42,synthetic,gamma,iid,random_sqrt_clique,10000,64,42.0,False,2,50,49,True,1.0,1,10000,10000,504950,100,100,0,456,100,1,1,20.024458059000608,1.1110533149985713
gamma-iid-n10000-d64-seed42,synthetic,gamma,iid,score_sg_antihub,10000,64,42.0,False,2,50,49,True,1.0,1,10000,10000,504950,100,100,0,456,100,1,1,20.024458059000608,1.1398217820024
gamma-separated-n10000-d64-seed42,synthetic,gamma,separated_clusters,approx_knn_only,10000,64,42.0,False,2,50,49,False,0.0,6,1667,1666,500000,0,100,0,415,100,1,1,2.313883572998748,1.114122792998387
gamma-separated-n10000-d64-seed42,synthetic,gamma,separated_clusters,random_sqrt_clique,10000,64,42.0,False,2,50,49,True,1.0,1,10000,10000,504950,100,100,0,415,100,1,1,2.313883572998748,1.2333712899999227
gamma-separated-n10000-d64-seed42,synthetic,gamma,separated_clusters,score_sg_antihub,10000,64,42.0,False,2,50,49,True,1.0,1,10000,10000,504950,100,100,0,415,100,1,1,2.313883572998748,1.1707886529984537
gamma-iid-n10000-d128-seed42,synthetic,gamma,iid,approx_knn_only,10000,128,42.0,False,2,50,49,True,1.0,1,10000,10000,500000,0,100,0,1183,100,1,1,20.587026178996894,1.103226747000008
gamma-iid-n10000-d128-seed42,synthetic,gamma,iid,random_sqrt_clique,10000,128,42.0,False,2,50,49,True,1.0,1,10000,10000,504950,100,100,0,1183,100,1,1,20.587026178996894,1.2313441670048633
gamma-iid-n10000-d128-seed42,synthetic,gamma,iid,score_sg_antihub,10000,128,42.0,False,2,50,49,True,1.0,1,10000,10000,504950,100,100,0,1183,100,1,1,20.587026178996894,1.0787884059973294
gamma-separated-n10000-d128-seed42,synthetic,gamma,separated_clusters,approx_knn_only,10000,128,42.0,False,2,50,49,False,0.0,6,1667,1666,500000,0,100,0,882,100,1,1,2.606539022999641,1.1093427020023228
gamma-separated-n10000-d128-seed42,synthetic,gamma,separated_clusters,random_sqrt_clique,10000,128,42.0,False,2,50,49,True,1.0,1,10000,10000,504950,100,100,0,882,100,1,1,2.606539022999641,1.0992898669937858
gamma-separated-n10000-d128-seed42,synthetic,gamma,separated_clusters,score_sg_antihub,10000,128,42.0,False,2,50,49,True,1.0,1,10000,10000,504950,100,100,0,882,100,1,1,2.606539022999641,1.1351322029950095
gamma-iid-n25000-d2-seed42,synthetic,gamma,iid,approx_knn_only,25000,2,42.0,False,2,50,49,True,1.0,1,25000,25000,1250000,0,158,25,19,7,1,1,22.19439784000133,2.9466697640018538
gamma-iid-n25000-d2-seed42,synthetic,gamma,iid,random_sqrt_clique,25000,2,42.0,False,2,50,49,True,1.0,1,25000,25000,1262403,158,158,25,19,7,1,1,22.19439784000133,2.859433926998463
gamma-iid-n25000-d2-seed42,synthetic,gamma,iid,score_sg_antihub,25000,2,42.0,False,2,50,49,True,1.0,1,25000,25000,1262403,158,158,25,19,7,1,1,22.19439784000133,2.966041651001433
gamma-separated-n25000-d2-seed42,synthetic,gamma,separated_clusters,approx_knn_only,25000,2,42.0,False,2,50,49,False,0.0,5,8333,4166,1250000,0,158,19,28,1,1,1,4.97033976700186,2.95045346400002
gamma-separated-n25000-d2-seed42,synthetic,gamma,separated_clusters,random_sqrt_clique,25000,2,42.0,False,2,50,49,True,1.0,1,25000,25000,1262403,158,158,19,28,1,1,1,4.97033976700186,2.9661199699985445
gamma-separated-n25000-d2-seed42,synthetic,gamma,separated_clusters,score_sg_antihub,25000,2,42.0,False,2,50,49,True,1.0,1,25000,25000,1262403,158,158,19,28,1,1,1,4.97033976700186,2.930973038994125
gamma-iid-n25000-d10-seed42,synthetic,gamma,iid,approx_knn_only,25000,10,42.0,False,2,50,49,True,1.0,1,25000,25000,1250000,0,158,5,47,38,1,1,23.245523736004543,2.812506050002412
gamma-iid-n25000-d10-seed42,synthetic,gamma,iid,random_sqrt_clique,25000,10,42.0,False,2,50,49,True,1.0,1,25000,25000,1262403,158,158,5,47,38,1,1,23.245523736004543,2.928080300000147
gamma-iid-n25000-d10-seed42,synthetic,gamma,iid,score_sg_antihub,25000,10,42.0,False,2,50,49,True,1.0,1,25000,25000,1262403,158,158,5,47,38,1,1,23.245523736004543,2.8985484370059567
gamma-separated-n25000-d10-seed42,synthetic,gamma,separated_clusters,approx_knn_only,25000,10,42.0,False,2,50,49,False,0.0,6,4167,4166,1250000,0,158,3,69,45,1,1,5.390564283996355,2.94951359800325
gamma-separated-n25000-d10-seed42,synthetic,gamma,separated_clusters,random_sqrt_clique,25000,10,42.0,False,2,50,49,True,1.0,1,25000,25000,1262403,158,158,3,69,45,1,1,5.390564283996355,2.9192080840002745
gamma-separated-n25000-d10-seed42,synthetic,gamma,separated_clusters,score_sg_antihub,25000,10,42.0,False,2,50,49,True,1.0,1,25000,25000,1262403,158,158,3,69,45,1,1,5.390564283996355,2.9405227320021368
gamma-iid-n25000-d32-seed42,synthetic,gamma,iid,approx_knn_only,25000,32,42.0,False,2,50,49,True,1.0,1,25000,25000,1250000,0,158,0,242,158,1,1,23.57256110299932,2.932047746005992
gamma-iid-n25000-d32-seed42,synthetic,gamma,iid,random_sqrt_clique,25000,32,42.0,False,2,50,49,True,1.0,1,25000,25000,1262403,158,158,0,242,158,1,1,23.57256110299932,3.006335723999655
gamma-iid-n25000-d32-seed42,synthetic,gamma,iid,score_sg_antihub,25000,32,42.0,False,2,50,49,True,1.0,1,25000,25000,1262403,158,158,0,242,158,1,1,23.57256110299932,2.876348770994809
gamma-separated-n25000-d32-seed42,synthetic,gamma,separated_clusters,approx_knn_only,25000,32,42.0,False,2,50,49,False,0.0,6,4167,4166,1250000,0,158,0,322,158,1,1,5.4345172040048055,2.9555523050003103
gamma-separated-n25000-d32-seed42,synthetic,gamma,separated_clusters,random_sqrt_clique,25000,32,42.0,False,2,50,49,True,1.0,1,25000,25000,1262403,158,158,0,322,158,1,1,5.4345172040048055,2.956975417000649
gamma-separated-n25000-d32-seed42,synthetic,gamma,separated_clusters,score_sg_antihub,25000,32,42.0,False,2,50,49,True,1.0,1,25000,25000,1262403,158,158,0,322,158,1,1,5.4345172040048055,3.0087510750017827
gamma-iid-n25000-d64-seed42,synthetic,gamma,iid,approx_knn_only,25000,64,42.0,False,2,50,49,True,1.0,1,25000,25000,1250000,0,158,0,1198,158,1,1,24.233242936999886,2.9516348430042854
gamma-iid-n25000-d64-seed42,synthetic,gamma,iid,random_sqrt_clique,25000,64,42.0,False,2,50,49,True,1.0,1,25000,25000,1262403,158,158,0,1198,158,1,1,24.233242936999886,2.979286581998167
gamma-iid-n25000-d64-seed42,synthetic,gamma,iid,score_sg_antihub,25000,64,42.0,False,2,50,49,True,1.0,1,25000,25000,1262403,158,158,0,1198,158,1,1,24.233242936999886,2.852844670997001
gamma-separated-n25000-d64-seed42,synthetic,gamma,separated_clusters,approx_knn_only,25000,64,42.0,False,2,50,49,False,0.0,6,4167,4166,1250000,0,158,0,1068,158,1,1,5.952930211999046,2.90379166600178
gamma-separated-n25000-d64-seed42,synthetic,gamma,separated_clusters,random_sqrt_clique,25000,64,42.0,False,2,50,49,True,1.0,1,25000,25000,1262403,158,158,0,1068,158,1,1,5.952930211999046,2.818679724994581
gamma-separated-n25000-d64-seed42,synthetic,gamma,separated_clusters,score_sg_antihub,25000,64,42.0,False,2,50,49,True,1.0,1,25000,25000,1262403,158,158,0,1068,158,1,1,5.952930211999046,2.915830140002072
gamma-iid-n25000-d128-seed42,synthetic,gamma,iid,approx_knn_only,25000,128,42.0,False,2,50,49,True,1.0,1,25000,25000,1250000,0,158,0,3344,158,1,1,25.980784700004733,2.9254550429977826
gamma-iid-n25000-d128-seed42,synthetic,gamma,iid,random_sqrt_clique,25000,128,42.0,False,2,50,49,True,1.0,1,25000,25000,1262403,158,158,0,3344,158,1,1,25.980784700004733,2.9473657279959298
gamma-iid-n25000-d128-seed42,synthetic,gamma,iid,score_sg_antihub,25000,128,42.0,False,2,50,49,True,1.0,1,25000,25000,1262403,158,158,0,3344,158,1,1,25.980784700004733,2.986611328000436
gamma-separated-n25000-d128-seed42,synthetic,gamma,separated_clusters,approx_knn_only,25000,128,42.0,False,2,50,49,False,0.0,6,4167,4166,1250000,0,158,0,2530,158,1,1,6.716998703996069,2.857450529001653
gamma-separated-n25000-d128-seed42,synthetic,gamma,separated_clusters,random_sqrt_clique,25000,128,42.0,False,2,50,49,True,1.0,1,25000,25000,1262403,158,158,0,2530,158,1,1,6.716998703996069,2.996357583993813
gamma-separated-n25000-d128-seed42,synthetic,gamma,separated_clusters,score_sg_antihub,25000,128,42.0,False,2,50,49,True,1.0,1,25000,25000,1262403,158,158,0,2530,158,1,1,6.716998703996069,3.0243440459962585
gamma-iid-n50000-d2-seed42,synthetic,gamma,iid,approx_knn_only,50000,2,42.0,False,2,50,49,True,1.0,1,50000,50000,2500000,0,223,26,36,9,1,1,28.169019639004546,6.162776203003887
gamma-iid-n50000-d2-seed42,synthetic,gamma,iid,random_sqrt_clique,50000,2,42.0,False,2,50,49,True,1.0,1,50000,50000,2524753,223,223,26,36,9,1,1,28.169019639004546,6.1121819139953
gamma-iid-n50000-d2-seed42,synthetic,gamma,iid,score_sg_antihub,50000,2,42.0,False,2,50,49,True,1.0,1,50000,50000,2524753,223,223,26,36,9,1,1,28.169019639004546,6.239534772001207
gamma-separated-n50000-d2-seed42,synthetic,gamma,separated_clusters,approx_knn_only,50000,2,42.0,False,2,50,49,False,0.0,5,16667,8333,2500000,0,223,19,44,27,1,1,10.051672242996574,6.361534236995794
gamma-separated-n50000-d2-seed42,synthetic,gamma,separated_clusters,random_sqrt_clique,50000,2,42.0,False,2,50,49,True,1.0,1,50000,50000,2524753,223,223,19,44,27,1,1,10.051672242996574,6.193027025001356
gamma-separated-n50000-d2-seed42,synthetic,gamma,separated_clusters,score_sg_antihub,50000,2,42.0,False,2,50,49,True,1.0,1,50000,50000,2524753,223,223,19,44,27,1,1,10.051672242996574,6.267724254001223
gamma-iid-n50000-d10-seed42,synthetic,gamma,iid,approx_knn_only,50000,10,42.0,False,2,50,49,True,1.0,1,50000,50000,2500000,0,223,5,74,63,1,1,28.99177125300048,6.148879385000328
gamma-iid-n50000-d10-seed42,synthetic,gamma,iid,random_sqrt_clique,50000,10,42.0,False,2,50,49,True,1.0,1,50000,50000,2524753,223,223,5,74,63,1,1,28.99177125300048,6.025554984000337
gamma-iid-n50000-d10-seed42,synthetic,gamma,iid,score_sg_antihub,50000,10,42.0,False,2,50,49,True,1.0,1,50000,50000,2524753,223,223,5,74,63,1,1,28.99177125300048,6.13314958599949
gamma-separated-n50000-d10-seed42,synthetic,gamma,separated_clusters,approx_knn_only,50000,10,42.0,False,2,50,49,False,0.0,6,8334,8333,2500000,0,223,3,102,57,1,1,10.762807551996955,6.159807730997272
gamma-separated-n50000-d10-seed42,synthetic,gamma,separated_clusters,random_sqrt_clique,50000,10,42.0,False,2,50,49,True,1.0,1,50000,50000,2524753,223,223,3,102,57,1,1,10.762807551996955,6.226591553997423
gamma-separated-n50000-d10-seed42,synthetic,gamma,separated_clusters,score_sg_antihub,50000,10,42.0,False,2,50,49,True,1.0,1,50000,50000,2524753,223,223,3,102,57,1,1,10.762807551996955,6.251397275002091
gamma-iid-n50000-d32-seed42,synthetic,gamma,iid,approx_knn_only,50000,32,42.0,False,2,50,49,True,1.0,1,50000,50000,2500000,0,223,0,426,223,1,1,30.607837818999545,6.076895079000678
gamma-iid-n50000-d32-seed42,synthetic,gamma,iid,random_sqrt_clique,50000,32,42.0,False,2,50,49,True,1.0,1,50000,50000,2524753,223,223,0,426,223,1,1,30.607837818999545,6.2583813769961125
gamma-iid-n50000-d32-seed42,synthetic,gamma,iid,score_sg_antihub,50000,32,42.0,False,2,50,49,True,1.0,1,50000,50000,2524753,223,223,0,426,223,1,1,30.607837818999545,6.120310224003333
gamma-separated-n50000-d32-seed42,synthetic,gamma,separated_clusters,approx_knn_only,50000,32,42.0,False,2,50,49,False,0.0,6,8334,8333,2500000,0,223,0,607,223,1,1,11.278722671995638,6.110572473000502
gamma-separated-n50000-d32-seed42,synthetic,gamma,separated_clusters,random_sqrt_clique,50000,32,42.0,False,2,50,49,True,1.0,1,50000,50000,2524753,223,223,0,607,223,1,1,11.278722671995638,6.151248061003571
gamma-separated-n50000-d32-seed42,synthetic,gamma,separated_clusters,score_sg_antihub,50000,32,42.0,False,2,50,49,True,1.0,1,50000,50000,2524753,223,223,0,607,223,1,1,11.278722671995638,6.147923409000214
gamma-iid-n50000-d64-seed42,synthetic,gamma,iid,approx_knn_only,50000,64,42.0,False,2,50,49,True,1.0,1,50000,50000,2500000,0,223,0,2394,223,1,1,32.81116150999878,6.089363684004638
gamma-iid-n50000-d64-seed42,synthetic,gamma,iid,random_sqrt_clique,50000,64,42.0,False,2,50,49,True,1.0,1,50000,50000,2524753,223,223,0,2394,223,1,1,32.81116150999878,6.088182314000733
gamma-iid-n50000-d64-seed42,synthetic,gamma,iid,score_sg_antihub,50000,64,42.0,False,2,50,49,True,1.0,1,50000,50000,2524753,223,223,0,2394,223,1,1,32.81116150999878,6.167442417005077
gamma-separated-n50000-d64-seed42,synthetic,gamma,separated_clusters,approx_knn_only,50000,64,42.0,False,2,50,49,False,0.0,6,8334,8333,2500000,0,223,0,2251,223,1,1,12.561251152998013,6.122481751997839
gamma-separated-n50000-d64-seed42,synthetic,gamma,separated_clusters,random_sqrt_clique,50000,64,42.0,False,2,50,49,True,1.0,1,50000,50000,2524753,223,223,0,2251,223,1,1,12.561251152998013,6.166858552998747
gamma-separated-n50000-d64-seed42,synthetic,gamma,separated_clusters,score_sg_antihub,50000,64,42.0,False,2,50,49,True,1.0,1,50000,50000,2524753,223,223,0,2251,223,1,1,12.561251152998013,6.267947651998838
gamma-iid-n50000-d128-seed42,synthetic,gamma,iid,approx_knn_only,50000,128,42.0,False,2,50,49,True,1.0,1,50000,50000,2500000,0,223,0,7130,223,1,1,36.8785848309999,5.950106771000719
gamma-iid-n50000-d128-seed42,synthetic,gamma,iid,random_sqrt_clique,50000,128,42.0,False,2,50,49,True,1.0,1,50000,50000,2524753,223,223,0,7130,223,1,1,36.8785848309999,6.111501895997208
gamma-iid-n50000-d128-seed42,synthetic,gamma,iid,score_sg_antihub,50000,128,42.0,False,2,50,49,True,1.0,1,50000,50000,2524753,223,223,0,7130,223,1,1,36.8785848309999,6.003102032998868
gamma-separated-n50000-d128-seed42,synthetic,gamma,separated_clusters,approx_knn_only,50000,128,42.0,False,2,50,49,False,0.0,6,8334,8333,2500000,0,223,0,5849,223,1,1,14.96555389599962,5.947480387003452
gamma-separated-n50000-d128-seed42,synthetic,gamma,separated_clusters,random_sqrt_clique,50000,128,42.0,False,2,50,49,True,1.0,1,50000,50000,2524753,223,223,0,5849,223,1,1,14.96555389599962,6.0562806109956
gamma-separated-n50000-d128-seed42,synthetic,gamma,separated_clusters,score_sg_antihub,50000,128,42.0,False,2,50,49,True,1.0,1,50000,50000,2524753,223,223,0,5849,223,1,1,14.96555389599962,6.000070975002018
gamma-iid-n100000-d2-seed42,synthetic,gamma,iid,approx_knn_only,100000,2,42.0,False,2,50,49,True,1.0,1,100000,100000,5000000,0,316,27,44,26,2,2,37.64407188699988,12.24319374699553
gamma-iid-n100000-d2-seed42,synthetic,gamma,iid,random_sqrt_clique,100000,2,42.0,False,2,50,49,True,1.0,1,100000,100000,5049770,316,316,27,44,26,2,2,37.64407188699988,12.270632061998183
gamma-iid-n100000-d2-seed42,synthetic,gamma,iid,score_sg_antihub,100000,2,42.0,False,2,50,49,True,1.0,1,100000,100000,5049770,316,316,27,44,26,2,2,37.64407188699988,12.38020650499675
gamma-separated-n100000-d2-seed42,synthetic,gamma,separated_clusters,approx_knn_only,100000,2,42.0,False,2,50,49,False,0.0,4,33334,16667,5000000,0,316,20,62,13,1,1,20.24081339599797,12.6739064650028
gamma-separated-n100000-d2-seed42,synthetic,gamma,separated_clusters,random_sqrt_clique,100000,2,42.0,False,2,50,49,True,1.0,1,100000,100000,5049770,316,316,20,62,13,1,1,20.24081339599797,12.888602447994344
gamma-separated-n100000-d2-seed42,synthetic,gamma,separated_clusters,score_sg_antihub,100000,2,42.0,False,2,50,49,True,1.0,1,100000,100000,5049770,316,316,20,62,13,1,1,20.24081339599797,12.651337588002209
gamma-iid-n100000-d10-seed42,synthetic,gamma,iid,approx_knn_only,100000,10,42.0,False,2,50,49,True,1.0,1,100000,100000,5000000,0,316,5,100,79,1,1,40.80594031999499,12.692089006995957
gamma-iid-n100000-d10-seed42,synthetic,gamma,iid,random_sqrt_clique,100000,10,42.0,False,2,50,49,True,1.0,1,100000,100000,5049770,316,316,5,100,79,1,1,40.80594031999499,13.224269523998371
gamma-iid-n100000-d10-seed42,synthetic,gamma,iid,score_sg_antihub,100000,10,42.0,False,2,50,49,True,1.0,1,100000,100000,5049770,316,316,5,100,79,1,1,40.80594031999499,12.687454810002237
gamma-separated-n100000-d10-seed42,synthetic,gamma,separated_clusters,approx_knn_only,100000,10,42.0,False,2,50,49,False,0.0,6,16667,16666,5000000,0,316,3,144,67,1,1,23.59738072500477,12.549498553002197
gamma-separated-n100000-d10-seed42,synthetic,gamma,separated_clusters,random_sqrt_clique,100000,10,42.0,False,2,50,49,True,1.0,1,100000,100000,5049770,316,316,3,144,67,1,1,23.59738072500477,12.704635021000286
gamma-separated-n100000-d10-seed42,synthetic,gamma,separated_clusters,score_sg_antihub,100000,10,42.0,False,2,50,49,True,1.0,1,100000,100000,5049770,316,316,3,144,67,1,1,23.59738072500477,12.81528855200304
gamma-iid-n100000-d32-seed42,synthetic,gamma,iid,approx_knn_only,100000,32,42.0,False,2,50,49,True,1.0,1,100000,100000,5000000,0,316,0,864,316,1,1,46.47282335499767,13.312263995998364
gamma-iid-n100000-d32-seed42,synthetic,gamma,iid,random_sqrt_clique,100000,32,42.0,False,2,50,49,True,1.0,1,100000,100000,5049770,316,316,0,864,316,1,1,46.47282335499767,13.065690602001268
gamma-iid-n100000-d32-seed42,synthetic,gamma,iid,score_sg_antihub,100000,32,42.0,False,2,50,49,True,1.0,1,100000,100000,5049770,316,316,0,864,316,1,1,46.47282335499767,12.913405088998845
gamma-separated-n100000-d32-seed42,synthetic,gamma,separated_clusters,approx_knn_only,100000,32,42.0,False,2,50,49,False,0.0,6,16667,16666,5000000,0,316,0,1040,316,1,2,25.44022674000007,13.256366960995363
gamma-separated-n100000-d32-seed42,synthetic,gamma,separated_clusters,random_sqrt_clique,100000,32,42.0,False,2,50,49,True,1.0,1,100000,100000,5049770,316,316,0,1040,316,1,2,25.44022674000007,13.292032511999423
gamma-separated-n100000-d32-seed42,synthetic,gamma,separated_clusters,score_sg_antihub,100000,32,42.0,False,2,50,49,True,1.0,1,100000,100000,5049770,316,316,0,1040,316,1,2,25.44022674000007,13.557905617999497
gamma-iid-n100000-d64-seed42,synthetic,gamma,iid,approx_knn_only,100000,64,42.0,False,2,50,49,True,1.0,1,100000,100000,5000000,0,316,0,4705,316,1,1,53.42389844100399,12.74893331900239
gamma-iid-n100000-d64-seed42,synthetic,gamma,iid,random_sqrt_clique,100000,64,42.0,False,2,50,49,True,1.0,1,100000,100000,5049770,316,316,0,4705,316,1,1,53.42389844100399,12.712258964995272
gamma-iid-n100000-d64-seed42,synthetic,gamma,iid,score_sg_antihub,100000,64,42.0,False,2,50,49,True,1.0,1,100000,100000,5049770,316,316,0,4705,316,1,1,53.42389844100399,12.72033777499746
gamma-separated-n100000-d64-seed42,synthetic,gamma,separated_clusters,approx_knn_only,100000,64,42.0,False,2,50,49,False,0.0,6,16667,16666,5000000,0,316,0,4641,316,1,1,29.212167213998327,12.881001440997352
gamma-separated-n100000-d64-seed42,synthetic,gamma,separated_clusters,random_sqrt_clique,100000,64,42.0,False,2,50,49,True,1.0,1,100000,100000,5049770,316,316,0,4641,316,1,1,29.212167213998327,12.91247522800404
gamma-separated-n100000-d64-seed42,synthetic,gamma,separated_clusters,score_sg_antihub,100000,64,42.0,False,2,50,49,True,1.0,1,100000,100000,5049770,316,316,0,4641,316,1,1,29.212167213998327,12.928784530995472
gamma-iid-n100000-d128-seed42,synthetic,gamma,iid,approx_knn_only,100000,128,42.0,False,2,50,49,True,1.0,1,100000,100000,5000000,0,316,0,15140,316,1,1,59.735081647995685,12.634193531004712
gamma-iid-n100000-d128-seed42,synthetic,gamma,iid,random_sqrt_clique,100000,128,42.0,False,2,50,49,True,1.0,1,100000,100000,5049770,316,316,0,15140,316,1,1,59.735081647995685,12.862172526001814
gamma-iid-n100000-d128-seed42,synthetic,gamma,iid,score_sg_antihub,100000,128,42.0,False,2,50,49,True,1.0,1,100000,100000,5049770,316,316,0,15140,316,1,1,59.735081647995685,12.83494338899618
gamma-separated-n100000-d128-seed42,synthetic,gamma,separated_clusters,approx_knn_only,100000,128,42.0,False,2,50,49,False,0.0,6,16667,16666,5000000,0,316,0,12542,316,1,1,35.10346958300215,12.921971005001978
gamma-separated-n100000-d128-seed42,synthetic,gamma,separated_clusters,random_sqrt_clique,100000,128,42.0,False,2,50,49,True,1.0,1,100000,100000,5049770,316,316,0,12542,316,1,1,35.10346958300215,13.15034022100008
gamma-separated-n100000-d128-seed42,synthetic,gamma,separated_clusters,score_sg_antihub,100000,128,42.0,False,2,50,49,True,1.0,1,100000,100000,5049770,316,316,0,12542,316,1,1,35.10346958300215,13.392929857996933
gamma-iid-n200000-d2-seed42,synthetic,gamma,iid,approx_knn_only,200000,2,42.0,False,2,50,49,True,1.0,1,200000,200000,10000000,0,447,28,69,11,1,1,58.02464902300562,25.27748311999312
gamma-iid-n200000-d2-seed42,synthetic,gamma,iid,random_sqrt_clique,200000,2,42.0,False,2,50,49,True,1.0,1,200000,200000,10099681,447,447,28,69,11,1,1,58.02464902300562,25.410675615996297
gamma-iid-n200000-d2-seed42,synthetic,gamma,iid,score_sg_antihub,200000,2,42.0,False,2,50,49,True,1.0,1,200000,200000,10099681,447,447,28,69,11,1,1,58.02464902300562,25.34896220600058
gamma-separated-n200000-d2-seed42,synthetic,gamma,separated_clusters,approx_knn_only,200000,2,42.0,False,2,50,49,False,0.0,2,100001,99999,10000000,0,447,20,80,57,1,1,41.27518449299532,26.172208812000463
gamma-separated-n200000-d2-seed42,synthetic,gamma,separated_clusters,random_sqrt_clique,200000,2,42.0,False,2,50,49,True,1.0,1,200000,200000,10099681,447,447,20,80,57,1,1,41.27518449299532,26.45505581400357
gamma-separated-n200000-d2-seed42,synthetic,gamma,separated_clusters,score_sg_antihub,200000,2,42.0,False,2,50,49,True,1.0,1,200000,200000,10099681,447,447,20,80,57,1,1,41.27518449299532,26.455032261997985
gamma-iid-n200000-d10-seed42,synthetic,gamma,iid,approx_knn_only,200000,10,42.0,False,2,50,49,True,1.0,1,200000,200000,10000000,0,447,5,156,82,2,2,64.09008770599758,24.694281281001167
gamma-iid-n200000-d10-seed42,synthetic,gamma,iid,random_sqrt_clique,200000,10,42.0,False,2,50,49,True,1.0,1,200000,200000,10099681,447,447,5,156,82,2,2,64.09008770599758,24.974589741999807
gamma-iid-n200000-d10-seed42,synthetic,gamma,iid,score_sg_antihub,200000,10,42.0,False,2,50,49,True,1.0,1,200000,200000,10099681,447,447,5,156,82,2,2,64.09008770599758,24.93685048600309
gamma-separated-n200000-d10-seed42,synthetic,gamma,separated_clusters,approx_knn_only,200000,10,42.0,False,2,50,49,False,0.0,6,33334,33333,10000000,0,447,3,256,119,1,1,47.57570345199929,24.790325406000196
gamma-separated-n200000-d10-seed42,synthetic,gamma,separated_clusters,random_sqrt_clique,200000,10,42.0,False,2,50,49,True,1.0,1,200000,200000,10099681,447,447,3,256,119,1,1,47.57570345199929,24.796838686001134
gamma-separated-n200000-d10-seed42,synthetic,gamma,separated_clusters,score_sg_antihub,200000,10,42.0,False,2,50,49,True,1.0,1,200000,200000,10099681,447,447,3,256,119,1,1,47.57570345199929,27.042855929001234
gamma-iid-n200000-d32-seed42,synthetic,gamma,iid,approx_knn_only,200000,32,42.0,False,2,50,49,True,1.0,1,200000,200000,10000000,0,447,0,1586,447,1,1,78.69796854199376,26.071439765000832
gamma-iid-n200000-d32-seed42,synthetic,gamma,iid,random_sqrt_clique,200000,32,42.0,False,2,50,49,True,1.0,1,200000,200000,10099681,447,447,0,1586,447,1,1,78.69796854199376,25.910208829998737
gamma-iid-n200000-d32-seed42,synthetic,gamma,iid,score_sg_antihub,200000,32,42.0,False,2,50,49,True,1.0,1,200000,200000,10099681,447,447,0,1586,447,1,1,78.69796854199376,26.30729047099885
gamma-separated-n200000-d32-seed42,synthetic,gamma,separated_clusters,approx_knn_only,200000,32,42.0,False,2,50,49,False,0.0,6,33334,33333,10000000,0,447,0,2022,447,3,3,53.8265866110014,25.772217378995265
gamma-separated-n200000-d32-seed42,synthetic,gamma,separated_clusters,random_sqrt_clique,200000,32,42.0,False,2,50,49,True,1.0,1,200000,200000,10099681,447,447,0,2022,447,3,3,53.8265866110014,26.244981634998112
gamma-separated-n200000-d32-seed42,synthetic,gamma,separated_clusters,score_sg_antihub,200000,32,42.0,False,2,50,49,True,1.0,1,200000,200000,10099681,447,447,0,2022,447,3,3,53.8265866110014,25.869309453002643
gamma-iid-n200000-d64-seed42,synthetic,gamma,iid,approx_knn_only,200000,64,42.0,False,2,50,49,True,1.0,1,200000,200000,10000000,0,447,0,9198,447,1,1,96.69376808999368,26.459896126994863
gamma-iid-n200000-d64-seed42,synthetic,gamma,iid,random_sqrt_clique,200000,64,42.0,False,2,50,49,True,1.0,1,200000,200000,10099681,447,447,0,9198,447,1,1,96.69376808999368,26.21732738400169
gamma-iid-n200000-d64-seed42,synthetic,gamma,iid,score_sg_antihub,200000,64,42.0,False,2,50,49,True,1.0,1,200000,200000,10099681,447,447,0,9198,447,1,1,96.69376808999368,26.098710529004165
gamma-separated-n200000-d64-seed42,synthetic,gamma,separated_clusters,approx_knn_only,200000,64,42.0,False,2,50,49,False,0.0,6,33334,33333,10000000,0,447,0,9194,447,1,2,65.57369443299831,26.110498326997917
gamma-separated-n200000-d64-seed42,synthetic,gamma,separated_clusters,random_sqrt_clique,200000,64,42.0,False,2,50,49,True,1.0,1,200000,200000,10099681,447,447,0,9194,447,1,2,65.57369443299831,26.612720527999045
gamma-separated-n200000-d64-seed42,synthetic,gamma,separated_clusters,score_sg_antihub,200000,64,42.0,False,2,50,49,True,1.0,1,200000,200000,10099681,447,447,0,9194,447,1,2,65.57369443299831,26.39305950999551
gamma-iid-n200000-d128-seed42,synthetic,gamma,iid,approx_knn_only,200000,128,42.0,False,2,50,49,True,1.0,1,200000,200000,10000000,0,447,0,32385,447,1,1,111.15554566700304,27.291954735999752
gamma-iid-n200000-d128-seed42,synthetic,gamma,iid,random_sqrt_clique,200000,128,42.0,False,2,50,49,True,1.0,1,200000,200000,10099681,447,447,0,32385,447,1,1,111.15554566700304,27.322906085995783
gamma-iid-n200000-d128-seed42,synthetic,gamma,iid,score_sg_antihub,200000,128,42.0,False,2,50,49,True,1.0,1,200000,200000,10099681,447,447,0,32385,447,1,1,111.15554566700304,27.263228536001407
gamma-separated-n200000-d128-seed42,synthetic,gamma,separated_clusters,approx_knn_only,200000,128,42.0,False,2,50,49,False,0.0,6,33334,33333,10000000,0,447,0,27031,447,1,2,79.19302709099429,27.287572763001663
gamma-separated-n200000-d128-seed42,synthetic,gamma,separated_clusters,random_sqrt_clique,200000,128,42.0,False,2,50,49,True,1.0,1,200000,200000,10099681,447,447,0,27031,447,1,2,79.19302709099429,27.59142347699526
gamma-separated-n200000-d128-seed42,synthetic,gamma,separated_clusters,score_sg_antihub,200000,128,42.0,False,2,50,49,True,1.0,1,200000,200000,10099681,447,447,0,27031,447,1,2,79.19302709099429,27.630759614999988
gamma-iid-n500000-d2-seed42,synthetic,gamma,iid,approx_knn_only,500000,2,42.0,False,2,50,49,True,1.0,1,500000,500000,25000000,0,707,29,85,13,1,1,119.74090262000392,66.63268133199745
gamma-iid-n500000-d2-seed42,synthetic,gamma,iid,random_sqrt_clique,500000,2,42.0,False,2,50,49,True,1.0,1,500000,500000,25249571,707,707,29,85,13,1,1,119.74090262000392,67.76475974700588
gamma-iid-n500000-d2-seed42,synthetic,gamma,iid,score_sg_antihub,500000,2,42.0,False,2,50,49,True,1.0,1,500000,500000,25249571,707,707,29,85,13,1,1,119.74090262000392,68.38006879900058
gamma-separated-n500000-d2-seed42,synthetic,gamma,separated_clusters,approx_knn_only,500000,2,42.0,False,2,50,49,True,1.0,1,500000,500000,25000000,0,707,21,124,56,1,1,102.67083006999746,68.93111564800347
gamma-separated-n500000-d2-seed42,synthetic,gamma,separated_clusters,random_sqrt_clique,500000,2,42.0,False,2,50,49,True,1.0,1,500000,500000,25249571,707,707,21,124,56,1,1,102.67083006999746,71.83474960799504
gamma-separated-n500000-d2-seed42,synthetic,gamma,separated_clusters,score_sg_antihub,500000,2,42.0,False,2,50,49,True,1.0,1,500000,500000,25249571,707,707,21,124,56,1,1,102.67083006999746,71.46795524700428
gamma-iid-n500000-d10-seed42,synthetic,gamma,iid,approx_knn_only,500000,10,42.0,False,2,50,49,True,1.0,1,500000,500000,25000000,0,707,5,261,126,1,1,135.54012660099397,70.8325229500042
gamma-iid-n500000-d10-seed42,synthetic,gamma,iid,random_sqrt_clique,500000,10,42.0,False,2,50,49,True,1.0,1,500000,500000,25249571,707,707,5,261,126,1,1,135.54012660099397,71.12087059800251
gamma-iid-n500000-d10-seed42,synthetic,gamma,iid,score_sg_antihub,500000,10,42.0,False,2,50,49,True,1.0,1,500000,500000,25249571,707,707,5,261,126,1,1,135.54012660099397,70.26698163700348
gamma-separated-n500000-d10-seed42,synthetic,gamma,separated_clusters,approx_knn_only,500000,10,42.0,False,2,50,49,False,0.0,6,83334,83333,25000000,0,707,3,356,204,2,2,119.13995663000242,68.9536723650017
gamma-separated-n500000-d10-seed42,synthetic,gamma,separated_clusters,random_sqrt_clique,500000,10,42.0,False,2,50,49,True,1.0,1,500000,500000,25249571,707,707,3,356,204,2,2,119.13995663000242,68.99256821500603
gamma-separated-n500000-d10-seed42,synthetic,gamma,separated_clusters,score_sg_antihub,500000,10,42.0,False,2,50,49,True,1.0,1,500000,500000,25249571,707,707,3,356,204,2,2,119.13995663000242,69.2671792100009
gamma-iid-n500000-d32-seed42,synthetic,gamma,iid,approx_knn_only,500000,32,42.0,False,2,50,49,True,1.0,1,500000,500000,25000000,0,707,0,3429,707,1,2,187.65799280899955,65.03905203799513
gamma-iid-n500000-d32-seed42,synthetic,gamma,iid,random_sqrt_clique,500000,32,42.0,False,2,50,49,True,1.0,1,500000,500000,25249571,707,707,0,3429,707,1,2,187.65799280899955,64.93320737400063
gamma-iid-n500000-d32-seed42,synthetic,gamma,iid,score_sg_antihub,500000,32,42.0,False,2,50,49,True,1.0,1,500000,500000,25249571,707,707,0,3429,707,1,2,187.65799280899955,65.64243148799869
gamma-separated-n500000-d32-seed42,synthetic,gamma,separated_clusters,approx_knn_only,500000,32,42.0,False,2,50,49,False,0.0,6,83334,83333,25000000,0,707,0,4474,707,2,6,150.87023482000222,63.95401278799545
gamma-separated-n500000-d32-seed42,synthetic,gamma,separated_clusters,random_sqrt_clique,500000,32,42.0,False,2,50,49,True,1.0,1,500000,500000,25249571,707,707,0,4474,707,2,6,150.87023482000222,64.79393077100394
gamma-separated-n500000-d32-seed42,synthetic,gamma,separated_clusters,score_sg_antihub,500000,32,42.0,False,2,50,49,True,1.0,1,500000,500000,25249571,707,707,0,4474,707,2,6,150.87023482000222,64.75965434299724
gamma-iid-n500000-d64-seed42,synthetic,gamma,iid,approx_knn_only,500000,64,42.0,False,2,50,49,True,1.0,1,500000,500000,25000000,0,707,0,22224,707,1,3,243.4934758680029,63.21712536599807
gamma-iid-n500000-d64-seed42,synthetic,gamma,iid,random_sqrt_clique,500000,64,42.0,False,2,50,49,True,1.0,1,500000,500000,25249571,707,707,0,22224,707,1,3,243.4934758680029,63.73052319400449
gamma-iid-n500000-d64-seed42,synthetic,gamma,iid,score_sg_antihub,500000,64,42.0,False,2,50,49,True,1.0,1,500000,500000,25249571,707,707,0,22224,707,1,3,243.4934758680029,63.73852606299624
gamma-separated-n500000-d64-seed42,synthetic,gamma,separated_clusters,approx_knn_only,500000,64,42.0,False,2,50,49,False,0.0,6,83334,83333,25000000,0,707,0,23075,707,1,1,188.85285965499497,63.65691126399906
gamma-separated-n500000-d64-seed42,synthetic,gamma,separated_clusters,random_sqrt_clique,500000,64,42.0,False,2,50,49,True,1.0,1,500000,500000,25249571,707,707,0,23075,707,1,1,188.85285965499497,63.550959735002834
gamma-separated-n500000-d64-seed42,synthetic,gamma,separated_clusters,score_sg_antihub,500000,64,42.0,False,2,50,49,True,1.0,1,500000,500000,25249571,707,707,0,23075,707,1,1,188.85285965499497,64.81757415999891
gamma-iid-n500000-d128-seed42,synthetic,gamma,iid,approx_knn_only,500000,128,42.0,False,2,50,49,True,1.0,1,500000,500000,25000000,0,707,0,89756,707,1,1,281.13068988500163,64.8507890289984
gamma-iid-n500000-d128-seed42,synthetic,gamma,iid,random_sqrt_clique,500000,128,42.0,False,2,50,49,True,1.0,1,500000,500000,25249571,707,707,0,89756,707,1,1,281.13068988500163,66.15909888300666
gamma-iid-n500000-d128-seed42,synthetic,gamma,iid,score_sg_antihub,500000,128,42.0,False,2,50,49,True,1.0,1,500000,500000,25249571,707,707,0,89756,707,1,1,281.13068988500163,65.60428752699954
gamma-separated-n500000-d128-seed42,synthetic,gamma,separated_clusters,approx_knn_only,500000,128,42.0,False,2,50,49,False,0.0,6,83334,83333,25000000,0,707,0,73999,707,1,1,233.2755606799983,65.87942977499915
gamma-separated-n500000-d128-seed42,synthetic,gamma,separated_clusters,random_sqrt_clique,500000,128,42.0,False,2,50,49,True,1.0,1,500000,500000,25249571,707,707,0,73999,707,1,1,233.2755606799983,66.14043397899513
gamma-separated-n500000-d128-seed42,synthetic,gamma,separated_clusters,score_sg_antihub,500000,128,42.0,False,2,50,49,True,1.0,1,500000,500000,25249571,707,707,0,73999,707,1,1,233.2755606799983,66.00909287499962
gamma-iid-n1000000-d2-seed42,synthetic,gamma,iid,approx_knn_only,1000000,2,42.0,False,2,50,49,True,1.0,1,1000000,1000000,50000000,0,1000,29,115,70,1,1,227.05966535199693,135.00550045599812
gamma-iid-n1000000-d2-seed42,synthetic,gamma,iid,random_sqrt_clique,1000000,2,42.0,False,2,50,49,True,1.0,1,1000000,1000000,50499500,1000,1000,29,115,70,1,1,227.05966535199693,135.9130314139984
gamma-iid-n1000000-d2-seed42,synthetic,gamma,iid,score_sg_antihub,1000000,2,42.0,False,2,50,49,True,1.0,1,1000000,1000000,50499500,1000,1000,29,115,70,1,1,227.05966535199693,133.0675886809986
gamma-separated-n1000000-d2-seed42,synthetic,gamma,separated_clusters,approx_knn_only,1000000,2,42.0,False,2,50,49,True,1.0,1,1000000,1000000,50000000,0,1000,21,159,147,1,2,211.46660192700077,131.2755899160038
gamma-separated-n1000000-d2-seed42,synthetic,gamma,separated_clusters,random_sqrt_clique,1000000,2,42.0,False,2,50,49,True,1.0,1,1000000,1000000,50499500,1000,1000,21,159,147,1,2,211.46660192700077,133.1025859700021
gamma-separated-n1000000-d2-seed42,synthetic,gamma,separated_clusters,score_sg_antihub,1000000,2,42.0,False,2,50,49,True,1.0,1,1000000,1000000,50499500,1000,1000,21,159,147,1,2,211.46660192700077,132.19477794100385
gamma-iid-n1000000-d10-seed42,synthetic,gamma,iid,approx_knn_only,1000000,10,42.0,False,2,50,49,True,1.0,1,1000000,1000000,50000000,0,1000,5,392,174,2,2,257.7712647310036,132.65307261700218
gamma-iid-n1000000-d10-seed42,synthetic,gamma,iid,random_sqrt_clique,1000000,10,42.0,False,2,50,49,True,1.0,1,1000000,1000000,50499500,1000,1000,5,392,174,2,2,257.7712647310036,132.48023081700376
gamma-iid-n1000000-d10-seed42,synthetic,gamma,iid,score_sg_antihub,1000000,10,42.0,False,2,50,49,True,1.0,1,1000000,1000000,50499500,1000,1000,5,392,174,2,2,257.7712647310036,133.15797410900268
gamma-separated-n1000000-d10-seed42,synthetic,gamma,separated_clusters,approx_knn_only,1000000,10,42.0,False,2,50,49,False,0.0,6,166667,166666,50000000,0,1000,3,540,295,1,2,242.40554355300264,133.75212750799983
gamma-separated-n1000000-d10-seed42,synthetic,gamma,separated_clusters,random_sqrt_clique,1000000,10,42.0,False,2,50,49,True,1.0,1,1000000,1000000,50499500,1000,1000,3,540,295,1,2,242.40554355300264,135.01402258699818
gamma-separated-n1000000-d10-seed42,synthetic,gamma,separated_clusters,score_sg_antihub,1000000,10,42.0,False,2,50,49,True,1.0,1,1000000,1000000,50499500,1000,1000,3,540,295,1,2,242.40554355300264,135.68689881599855
gamma-iid-n1000000-d32-seed42,synthetic,gamma,iid,approx_knn_only,1000000,32,42.0,False,2,50,49,True,1.0,1,1000000,1000000,50000000,0,1000,0,5977,1000,3,4,376.97001378699497,131.71961961700435
gamma-iid-n1000000-d32-seed42,synthetic,gamma,iid,random_sqrt_clique,1000000,32,42.0,False,2,50,49,True,1.0,1,1000000,1000000,50499500,1000,1000,0,5977,1000,3,4,376.97001378699497,134.4395672689934
gamma-iid-n1000000-d32-seed42,synthetic,gamma,iid,score_sg_antihub,1000000,32,42.0,False,2,50,49,True,1.0,1,1000000,1000000,50499500,1000,1000,0,5977,1000,3,4,376.97001378699497,132.4985277550004
gamma-separated-n1000000-d32-seed42,synthetic,gamma,separated_clusters,approx_knn_only,1000000,32,42.0,False,2,50,49,False,0.0,6,166667,166666,50000000,0,1000,0,8024,1000,1,2,316.98449892200006,132.74625517400273
gamma-separated-n1000000-d32-seed42,synthetic,gamma,separated_clusters,random_sqrt_clique,1000000,32,42.0,False,2,50,49,True,1.0,1,1000000,1000000,50499500,1000,1000,0,8024,1000,1,2,316.98449892200006,133.0338427930037
gamma-separated-n1000000-d32-seed42,synthetic,gamma,separated_clusters,score_sg_antihub,1000000,32,42.0,False,2,50,49,True,1.0,1,1000000,1000000,50499500,1000,1000,0,8024,1000,1,2,316.98449892200006,134.47440249800275
gamma-iid-n1000000-d64-seed42,synthetic,gamma,iid,approx_knn_only,1000000,64,42.0,False,2,50,49,True,1.0,1,1000000,1000000,50000000,0,1000,0,43268,1000,2,5,506.4904962040018,132.84822002299916
gamma-iid-n1000000-d64-seed42,synthetic,gamma,iid,random_sqrt_clique,1000000,64,42.0,False,2,50,49,True,1.0,1,1000000,1000000,50499500,1000,1000,0,43268,1000,2,5,506.4904962040018,136.1302609819977
gamma-iid-n1000000-d64-seed42,synthetic,gamma,iid,score_sg_antihub,1000000,64,42.0,False,2,50,49,True,1.0,1,1000000,1000000,50499500,1000,1000,0,43268,1000,2,5,506.4904962040018,136.0720725439969
gamma-separated-n1000000-d64-seed42,synthetic,gamma,separated_clusters,approx_knn_only,1000000,64,42.0,False,2,50,49,False,0.0,6,166667,166666,50000000,0,1000,0,45711,1000,1,2,407.8575158459935,136.10854480999842
gamma-separated-n1000000-d64-seed42,synthetic,gamma,separated_clusters,random_sqrt_clique,1000000,64,42.0,False,2,50,49,True,1.0,1,1000000,1000000,50499500,1000,1000,0,45711,1000,1,2,407.8575158459935,135.84303417299816
gamma-separated-n1000000-d64-seed42,synthetic,gamma,separated_clusters,score_sg_antihub,1000000,64,42.0,False,2,50,49,True,1.0,1,1000000,1000000,50499500,1000,1000,0,45711,1000,1,2,407.8575158459935,135.63598877599725
gamma-iid-n1000000-d128-seed42,synthetic,gamma,iid,approx_knn_only,1000000,128,42.0,False,2,50,49,True,1.0,1,1000000,1000000,50000000,0,1000,0,190265,1000,1,1,597.1221962339987,126.3232450430005
gamma-iid-n1000000-d128-seed42,synthetic,gamma,iid,random_sqrt_clique,1000000,128,42.0,False,2,50,49,True,1.0,1,1000000,1000000,50499500,1000,1000,0,190265,1000,1,1,597.1221962339987,126.72525688599852
gamma-iid-n1000000-d128-seed42,synthetic,gamma,iid,score_sg_antihub,1000000,128,42.0,False,2,50,49,True,1.0,1,1000000,1000000,50499500,1000,1000,0,190265,1000,1,1,597.1221962339987,128.4219549880072
gamma-separated-n1000000-d128-seed42,synthetic,gamma,separated_clusters,approx_knn_only,1000000,128,42.0,False,2,50,49,False,0.0,6,166667,166666,50000000,0,1000,0,157941,1000,1,1,516.7042155579984,126.58754439999755
gamma-separated-n1000000-d128-seed42,synthetic,gamma,separated_clusters,random_sqrt_clique,1000000,128,42.0,False,2,50,49,True,1.0,1,1000000,1000000,50499500,1000,1000,0,157941,1000,1,1,516.7042155579984,129.18703747499967
gamma-separated-n1000000-d128-seed42,synthetic,gamma,separated_clusters,score_sg_antihub,1000000,128,42.0,False,2,50,49,True,1.0,1,1000000,1000000,50499500,1000,1000,0,157941,1000,1,1,516.7042155579984,130.24619016299405
beta-iid-n1000-d2-seed42,synthetic,beta,iid,approx_knn_only,1000,2,42.0,False,2,50,49,True,1.0,1,1000,1000,50000,0,31,21,6,5,1,1,17.576211761996092,0.1210660340002505
beta-iid-n1000-d2-seed42,synthetic,beta,iid,random_sqrt_clique,1000,2,42.0,False,2,50,49,True,1.0,1,1000,1000,50465,31,31,21,6,5,1,1,17.576211761996092,0.1216638319965568
beta-iid-n1000-d2-seed42,synthetic,beta,iid,score_sg_antihub,1000,2,42.0,False,2,50,49,True,1.0,1,1000,1000,50465,31,31,21,6,5,1,1,17.576211761996092,0.1212645970008452
beta-separated-n1000-d2-seed42,synthetic,beta,separated_clusters,approx_knn_only,1000,2,42.0,False,2,50,49,False,0.0,6,167,166,50000,0,31,13,7,7,1,1,0.328039946994977,0.1242736800049897
beta-separated-n1000-d2-seed42,synthetic,beta,separated_clusters,random_sqrt_clique,1000,2,42.0,False,2,50,49,True,1.0,1,1000,1000,50465,31,31,13,7,7,1,1,0.328039946994977,0.1245381699991412
beta-separated-n1000-d2-seed42,synthetic,beta,separated_clusters,score_sg_antihub,1000,2,42.0,False,2,50,49,True,1.0,1,1000,1000,50465,31,31,13,7,7,1,1,0.328039946994977,0.1211844589997781
beta-iid-n1000-d10-seed42,synthetic,beta,iid,approx_knn_only,1000,10,42.0,False,2,50,49,True,1.0,1,1000,1000,50000,0,31,8,10,3,1,1,17.678114724003535,0.1174495820014271
beta-iid-n1000-d10-seed42,synthetic,beta,iid,random_sqrt_clique,1000,10,42.0,False,2,50,49,True,1.0,1,1000,1000,50465,31,31,8,10,3,1,1,17.678114724003535,0.1117946579979616
beta-iid-n1000-d10-seed42,synthetic,beta,iid,score_sg_antihub,1000,10,42.0,False,2,50,49,True,1.0,1,1000,1000,50465,31,31,8,10,3,1,1,17.678114724003535,0.1132268950022989
beta-separated-n1000-d10-seed42,synthetic,beta,separated_clusters,approx_knn_only,1000,10,42.0,False,2,50,49,False,0.0,6,167,166,50000,0,31,9,6,5,1,1,0.3297472240010393,0.1181916559944511
beta-separated-n1000-d10-seed42,synthetic,beta,separated_clusters,random_sqrt_clique,1000,10,42.0,False,2,50,49,True,1.0,1,1000,1000,50465,31,31,9,6,5,1,1,0.3297472240010393,0.1132387539983028
beta-separated-n1000-d10-seed42,synthetic,beta,separated_clusters,score_sg_antihub,1000,10,42.0,False,2,50,49,True,1.0,1,1000,1000,50465,31,31,9,6,5,1,1,0.3297472240010393,0.1280825779977021
beta-iid-n1000-d32-seed42,synthetic,beta,iid,approx_knn_only,1000,32,42.0,False,2,50,49,True,1.0,1,1000,1000,50000,0,31,3,8,7,1,1,17.516612521998468,0.1181243660030304
beta-iid-n1000-d32-seed42,synthetic,beta,iid,random_sqrt_clique,1000,32,42.0,False,2,50,49,True,1.0,1,1000,1000,50465,31,31,3,8,7,1,1,17.516612521998468,0.1226479909964837
beta-iid-n1000-d32-seed42,synthetic,beta,iid,score_sg_antihub,1000,32,42.0,False,2,50,49,True,1.0,1,1000,1000,50465,31,31,3,8,7,1,1,17.516612521998468,0.1149572190042818
beta-separated-n1000-d32-seed42,synthetic,beta,separated_clusters,approx_knn_only,1000,32,42.0,False,2,50,49,False,0.0,6,167,166,50000,0,31,6,10,5,1,1,0.3308625839999877,0.127653907999047
beta-separated-n1000-d32-seed42,synthetic,beta,separated_clusters,random_sqrt_clique,1000,32,42.0,False,2,50,49,True,1.0,1,1000,1000,50465,31,31,6,10,5,1,1,0.3308625839999877,0.1233231820006039
beta-separated-n1000-d32-seed42,synthetic,beta,separated_clusters,score_sg_antihub,1000,32,42.0,False,2,50,49,True,1.0,1,1000,1000,50465,31,31,6,10,5,1,1,0.3308625839999877,0.1179095830011647
beta-iid-n1000-d64-seed42,synthetic,beta,iid,approx_knn_only,1000,64,42.0,False,2,50,49,True,1.0,1,1000,1000,50000,0,31,2,16,7,1,1,17.62299401099881,0.1193562670014216
beta-iid-n1000-d64-seed42,synthetic,beta,iid,random_sqrt_clique,1000,64,42.0,False,2,50,49,True,1.0,1,1000,1000,50465,31,31,2,16,7,1,1,17.62299401099881,0.1124706769987824
beta-iid-n1000-d64-seed42,synthetic,beta,iid,score_sg_antihub,1000,64,42.0,False,2,50,49,True,1.0,1,1000,1000,50465,31,31,2,16,7,1,1,17.62299401099881,0.1137576999972225
beta-separated-n1000-d64-seed42,synthetic,beta,separated_clusters,approx_knn_only,1000,64,42.0,False,2,50,49,False,0.0,6,167,166,50000,0,31,6,7,4,1,1,0.3279178890006733,0.1203801759984344
beta-separated-n1000-d64-seed42,synthetic,beta,separated_clusters,random_sqrt_clique,1000,64,42.0,False,2,50,49,True,1.0,1,1000,1000,50465,31,31,6,7,4,1,1,0.3279178890006733,0.1126689250013441
beta-separated-n1000-d64-seed42,synthetic,beta,separated_clusters,score_sg_antihub,1000,64,42.0,False,2,50,49,True,1.0,1,1000,1000,50465,31,31,6,7,4,1,1,0.3279178890006733,0.1102581360028125
beta-iid-n1000-d128-seed42,synthetic,beta,iid,approx_knn_only,1000,128,42.0,False,2,50,49,True,1.0,1,1000,1000,50000,0,31,1,15,2,1,1,17.716607640999428,0.1214517030020942
beta-iid-n1000-d128-seed42,synthetic,beta,iid,random_sqrt_clique,1000,128,42.0,False,2,50,49,True,1.0,1,1000,1000,50465,31,31,1,15,2,1,1,17.716607640999428,0.1202957989953574
beta-iid-n1000-d128-seed42,synthetic,beta,iid,score_sg_antihub,1000,128,42.0,False,2,50,49,True,1.0,1,1000,1000,50465,31,31,1,15,2,1,1,17.716607640999428,0.1191858870006399
beta-separated-n1000-d128-seed42,synthetic,beta,separated_clusters,approx_knn_only,1000,128,42.0,False,2,50,49,False,0.0,6,167,166,50000,0,31,4,13,11,1,1,0.3552005540041136,0.1208449769983417
beta-separated-n1000-d128-seed42,synthetic,beta,separated_clusters,random_sqrt_clique,1000,128,42.0,False,2,50,49,True,1.0,1,1000,1000,50465,31,31,4,13,11,1,1,0.3552005540041136,0.1215755590019398
beta-separated-n1000-d128-seed42,synthetic,beta,separated_clusters,score_sg_antihub,1000,128,42.0,False,2,50,49,True,1.0,1,1000,1000,50465,31,31,4,13,11,1,1,0.3552005540041136,0.1231365080020623
beta-iid-n5000-d2-seed42,synthetic,beta,iid,approx_knn_only,5000,2,42.0,False,2,50,49,True,1.0,1,5000,5000,250000,0,70,23,18,12,1,1,18.361420096000074,0.6156860379996942
beta-iid-n5000-d2-seed42,synthetic,beta,iid,random_sqrt_clique,5000,2,42.0,False,2,50,49,True,1.0,1,5000,5000,252415,70,70,23,18,12,1,1,18.361420096000074,0.6439547129994025
beta-iid-n5000-d2-seed42,synthetic,beta,iid,score_sg_antihub,5000,2,42.0,False,2,50,49,True,1.0,1,5000,5000,252415,70,70,23,18,12,1,1,18.361420096000074,0.5894974740003818
beta-separated-n5000-d2-seed42,synthetic,beta,separated_clusters,approx_knn_only,5000,2,42.0,False,2,50,49,False,0.0,6,834,833,250000,0,70,17,15,2,1,2,1.0903949810017366,0.6768100009940099
beta-separated-n5000-d2-seed42,synthetic,beta,separated_clusters,random_sqrt_clique,5000,2,42.0,False,2,50,49,True,1.0,1,5000,5000,252415,70,70,17,15,2,1,2,1.0903949810017366,0.5895096889944398
beta-separated-n5000-d2-seed42,synthetic,beta,separated_clusters,score_sg_antihub,5000,2,42.0,False,2,50,49,True,1.0,1,5000,5000,252415,70,70,17,15,2,1,2,1.0903949810017366,0.638768827993772
beta-iid-n5000-d10-seed42,synthetic,beta,iid,approx_knn_only,5000,10,42.0,False,2,50,49,True,1.0,1,5000,5000,250000,0,70,6,30,12,1,1,18.648859917993832,0.6020452859957004
beta-iid-n5000-d10-seed42,synthetic,beta,iid,random_sqrt_clique,5000,10,42.0,False,2,50,49,True,1.0,1,5000,5000,252415,70,70,6,30,12,1,1,18.648859917993832,0.6354468319987063
beta-iid-n5000-d10-seed42,synthetic,beta,iid,score_sg_antihub,5000,10,42.0,False,2,50,49,True,1.0,1,5000,5000,252415,70,70,6,30,12,1,1,18.648859917993832,0.6060513949996675
beta-separated-n5000-d10-seed42,synthetic,beta,separated_clusters,approx_knn_only,5000,10,42.0,False,2,50,49,False,0.0,6,834,833,250000,0,70,6,31,9,1,1,1.077874545000668,0.6360722829995211
beta-separated-n5000-d10-seed42,synthetic,beta,separated_clusters,random_sqrt_clique,5000,10,42.0,False,2,50,49,True,1.0,1,5000,5000,252415,70,70,6,31,9,1,1,1.077874545000668,0.5800897240042104
beta-separated-n5000-d10-seed42,synthetic,beta,separated_clusters,score_sg_antihub,5000,10,42.0,False,2,50,49,True,1.0,1,5000,5000,252415,70,70,6,31,9,1,1,1.077874545000668,0.5944795530012925
beta-iid-n5000-d32-seed42,synthetic,beta,iid,approx_knn_only,5000,32,42.0,False,2,50,49,True,1.0,1,5000,5000,250000,0,70,1,65,34,1,1,18.49645077600144,0.5540395409989287
beta-iid-n5000-d32-seed42,synthetic,beta,iid,random_sqrt_clique,5000,32,42.0,False,2,50,49,True,1.0,1,5000,5000,252415,70,70,1,65,34,1,1,18.49645077600144,0.5975115909968736
beta-iid-n5000-d32-seed42,synthetic,beta,iid,score_sg_antihub,5000,32,42.0,False,2,50,49,True,1.0,1,5000,5000,252415,70,70,1,65,34,1,1,18.49645077600144,0.6369535210033064
beta-separated-n5000-d32-seed42,synthetic,beta,separated_clusters,approx_knn_only,5000,32,42.0,False,2,50,49,False,0.0,6,834,833,250000,0,70,2,42,17,1,1,1.033691937002004,0.6610937360019307
beta-separated-n5000-d32-seed42,synthetic,beta,separated_clusters,random_sqrt_clique,5000,32,42.0,False,2,50,49,True,1.0,1,5000,5000,252415,70,70,2,42,17,1,1,1.033691937002004,0.576308486997732
beta-separated-n5000-d32-seed42,synthetic,beta,separated_clusters,score_sg_antihub,5000,32,42.0,False,2,50,49,True,1.0,1,5000,5000,252415,70,70,2,42,17,1,1,1.033691937002004,0.5785003260025405
beta-iid-n5000-d64-seed42,synthetic,beta,iid,approx_knn_only,5000,64,42.0,False,2,50,49,True,1.0,1,5000,5000,250000,0,70,0,116,70,1,1,18.62584351699479,0.5486434909980744
beta-iid-n5000-d64-seed42,synthetic,beta,iid,random_sqrt_clique,5000,64,42.0,False,2,50,49,True,1.0,1,5000,5000,252415,70,70,0,116,70,1,1,18.62584351699479,0.542057228005433
beta-iid-n5000-d64-seed42,synthetic,beta,iid,score_sg_antihub,5000,64,42.0,False,2,50,49,True,1.0,1,5000,5000,252415,70,70,0,116,70,1,1,18.62584351699479,0.6149709410019568
beta-separated-n5000-d64-seed42,synthetic,beta,separated_clusters,approx_knn_only,5000,64,42.0,False,2,50,49,False,0.0,6,834,833,250000,0,70,1,64,22,1,1,1.1275343949964736,0.6221656409979914
beta-separated-n5000-d64-seed42,synthetic,beta,separated_clusters,random_sqrt_clique,5000,64,42.0,False,2,50,49,True,1.0,1,5000,5000,252415,70,70,1,64,22,1,1,1.1275343949964736,0.5556945499993162
beta-separated-n5000-d64-seed42,synthetic,beta,separated_clusters,score_sg_antihub,5000,64,42.0,False,2,50,49,True,1.0,1,5000,5000,252415,70,70,1,64,22,1,1,1.1275343949964736,0.5304814659975818
beta-iid-n5000-d128-seed42,synthetic,beta,iid,approx_knn_only,5000,128,42.0,False,2,50,49,True,1.0,1,5000,5000,250000,0,70,0,219,70,1,1,18.8481565339971,0.5416524659958668
beta-iid-n5000-d128-seed42,synthetic,beta,iid,random_sqrt_clique,5000,128,42.0,False,2,50,49,True,1.0,1,5000,5000,252415,70,70,0,219,70,1,1,18.8481565339971,0.5655856119992677
beta-iid-n5000-d128-seed42,synthetic,beta,iid,score_sg_antihub,5000,128,42.0,False,2,50,49,True,1.0,1,5000,5000,252415,70,70,0,219,70,1,1,18.8481565339971,0.6154537670008722
beta-separated-n5000-d128-seed42,synthetic,beta,separated_clusters,approx_knn_only,5000,128,42.0,False,2,50,49,False,0.0,6,834,833,250000,0,70,0,74,70,1,1,1.22215169500123,0.6423794700021972
beta-separated-n5000-d128-seed42,synthetic,beta,separated_clusters,random_sqrt_clique,5000,128,42.0,False,2,50,49,True,1.0,1,5000,5000,252415,70,70,0,74,70,1,1,1.22215169500123,0.5874298579947208
beta-separated-n5000-d128-seed42,synthetic,beta,separated_clusters,score_sg_antihub,5000,128,42.0,False,2,50,49,True,1.0,1,5000,5000,252415,70,70,0,74,70,1,1,1.22215169500123,0.5516075399937108
beta-iid-n10000-d2-seed42,synthetic,beta,iid,approx_knn_only,10000,2,42.0,False,2,50,49,True,1.0,1,10000,10000,500000,0,100,23,18,12,1,1,19.51606830600213,1.1601273830019636
beta-iid-n10000-d2-seed42,synthetic,beta,iid,random_sqrt_clique,10000,2,42.0,False,2,50,49,True,1.0,1,10000,10000,504950,100,100,23,18,12,1,1,19.51606830600213,1.179000658004952
beta-iid-n10000-d2-seed42,synthetic,beta,iid,score_sg_antihub,10000,2,42.0,False,2,50,49,True,1.0,1,10000,10000,504950,100,100,23,18,12,1,1,19.51606830600213,1.0954425700037973
beta-separated-n10000-d2-seed42,synthetic,beta,separated_clusters,approx_knn_only,10000,2,42.0,False,2,50,49,False,0.0,6,1667,1666,500000,0,100,17,15,12,1,1,2.1482504189989413,1.1290479480012436
beta-separated-n10000-d2-seed42,synthetic,beta,separated_clusters,random_sqrt_clique,10000,2,42.0,False,2,50,49,True,1.0,1,10000,10000,504950,100,100,17,15,12,1,1,2.1482504189989413,1.1503096489977906
beta-separated-n10000-d2-seed42,synthetic,beta,separated_clusters,score_sg_antihub,10000,2,42.0,False,2,50,49,True,1.0,1,10000,10000,504950,100,100,17,15,12,1,1,2.1482504189989413,1.1691972910048207
beta-iid-n10000-d10-seed42,synthetic,beta,iid,approx_knn_only,10000,10,42.0,False,2,50,49,True,1.0,1,10000,10000,500000,0,100,5,42,21,1,1,19.96682657499332,1.1130910490028327
beta-iid-n10000-d10-seed42,synthetic,beta,iid,random_sqrt_clique,10000,10,42.0,False,2,50,49,True,1.0,1,10000,10000,504950,100,100,5,42,21,1,1,19.96682657499332,1.0975067599938484
beta-iid-n10000-d10-seed42,synthetic,beta,iid,score_sg_antihub,10000,10,42.0,False,2,50,49,True,1.0,1,10000,10000,504950,100,100,5,42,21,1,1,19.96682657499332,1.1079724810042535
beta-separated-n10000-d10-seed42,synthetic,beta,separated_clusters,approx_knn_only,10000,10,42.0,False,2,50,49,False,0.0,6,1667,1666,500000,0,100,4,46,44,1,1,2.1541435010003624,1.1070808099975693
beta-separated-n10000-d10-seed42,synthetic,beta,separated_clusters,random_sqrt_clique,10000,10,42.0,False,2,50,49,True,1.0,1,10000,10000,504950,100,100,4,46,44,1,1,2.1541435010003624,1.1608147289953197
beta-separated-n10000-d10-seed42,synthetic,beta,separated_clusters,score_sg_antihub,10000,10,42.0,False,2,50,49,True,1.0,1,10000,10000,504950,100,100,4,46,44,1,1,2.1541435010003624,1.140566679998301
beta-iid-n10000-d32-seed42,synthetic,beta,iid,approx_knn_only,10000,32,42.0,False,2,50,49,True,1.0,1,10000,10000,500000,0,100,1,127,16,1,1,19.63080276899564,1.1226018530069268
beta-iid-n10000-d32-seed42,synthetic,beta,iid,random_sqrt_clique,10000,32,42.0,False,2,50,49,True,1.0,1,10000,10000,504950,100,100,1,127,16,1,1,19.63080276899564,1.1359212070019566
beta-iid-n10000-d32-seed42,synthetic,beta,iid,score_sg_antihub,10000,32,42.0,False,2,50,49,True,1.0,1,10000,10000,504950,100,100,1,127,16,1,1,19.63080276899564,1.2518432500000929
beta-separated-n10000-d32-seed42,synthetic,beta,separated_clusters,approx_knn_only,10000,32,42.0,False,2,50,49,False,0.0,6,1667,1666,500000,0,100,1,78,44,1,1,2.1464807439988363,1.2350829089991748
beta-separated-n10000-d32-seed42,synthetic,beta,separated_clusters,random_sqrt_clique,10000,32,42.0,False,2,50,49,True,1.0,1,10000,10000,504950,100,100,1,78,44,1,1,2.1464807439988363,1.2271991659945345
beta-separated-n10000-d32-seed42,synthetic,beta,separated_clusters,score_sg_antihub,10000,32,42.0,False,2,50,49,True,1.0,1,10000,10000,504950,100,100,1,78,44,1,1,2.1464807439988363,1.1422423030016944
beta-iid-n10000-d64-seed42,synthetic,beta,iid,approx_knn_only,10000,64,42.0,False,2,50,49,True,1.0,1,10000,10000,500000,0,100,0,235,100,1,1,19.896444657999385,1.3195648059991072
beta-iid-n10000-d64-seed42,synthetic,beta,iid,random_sqrt_clique,10000,64,42.0,False,2,50,49,True,1.0,1,10000,10000,504950,100,100,0,235,100,1,1,19.896444657999385,1.2260526140016736
beta-iid-n10000-d64-seed42,synthetic,beta,iid,score_sg_antihub,10000,64,42.0,False,2,50,49,True,1.0,1,10000,10000,504950,100,100,0,235,100,1,1,19.896444657999385,1.2033906819997355
beta-separated-n10000-d64-seed42,synthetic,beta,separated_clusters,approx_knn_only,10000,64,42.0,False,2,50,49,False,0.0,6,1667,1666,500000,0,100,0,126,100,1,1,2.226298231005785,1.2246689580060774
beta-separated-n10000-d64-seed42,synthetic,beta,separated_clusters,random_sqrt_clique,10000,64,42.0,False,2,50,49,True,1.0,1,10000,10000,504950,100,100,0,126,100,1,1,2.226298231005785,1.2041271830021287
beta-separated-n10000-d64-seed42,synthetic,beta,separated_clusters,score_sg_antihub,10000,64,42.0,False,2,50,49,True,1.0,1,10000,10000,504950,100,100,0,126,100,1,1,2.226298231005785,1.329442823996942
beta-iid-n10000-d128-seed42,synthetic,beta,iid,approx_knn_only,10000,128,42.0,False,2,50,49,True,1.0,1,10000,10000,500000,0,100,0,481,100,1,1,20.624750476999907,1.1754663170067945
beta-iid-n10000-d128-seed42,synthetic,beta,iid,random_sqrt_clique,10000,128,42.0,False,2,50,49,True,1.0,1,10000,10000,504950,100,100,0,481,100,1,1,20.624750476999907,1.2739044100017054
beta-iid-n10000-d128-seed42,synthetic,beta,iid,score_sg_antihub,10000,128,42.0,False,2,50,49,True,1.0,1,10000,10000,504950,100,100,0,481,100,1,1,20.624750476999907,1.1354071899986593
beta-separated-n10000-d128-seed42,synthetic,beta,separated_clusters,approx_knn_only,10000,128,42.0,False,2,50,49,False,0.0,6,1667,1666,500000,0,100,0,226,100,1,1,2.547457321001275,1.1487954689946491
beta-separated-n10000-d128-seed42,synthetic,beta,separated_clusters,random_sqrt_clique,10000,128,42.0,False,2,50,49,True,1.0,1,10000,10000,504950,100,100,0,226,100,1,1,2.547457321001275,1.1178560499974992
beta-separated-n10000-d128-seed42,synthetic,beta,separated_clusters,score_sg_antihub,10000,128,42.0,False,2,50,49,True,1.0,1,10000,10000,504950,100,100,0,226,100,1,1,2.547457321001275,1.1606713319997652
beta-iid-n25000-d2-seed42,synthetic,beta,iid,approx_knn_only,25000,2,42.0,False,2,50,49,True,1.0,1,25000,25000,1250000,0,158,25,26,11,1,1,22.181726034999883,2.9777207500010263
beta-iid-n25000-d2-seed42,synthetic,beta,iid,random_sqrt_clique,25000,2,42.0,False,2,50,49,True,1.0,1,25000,25000,1262403,158,158,25,26,11,1,1,22.181726034999883,2.9287481580031454
beta-iid-n25000-d2-seed42,synthetic,beta,iid,score_sg_antihub,25000,2,42.0,False,2,50,49,True,1.0,1,25000,25000,1262403,158,158,25,26,11,1,1,22.181726034999883,2.9111918100024923
beta-separated-n25000-d2-seed42,synthetic,beta,separated_clusters,approx_knn_only,25000,2,42.0,False,2,50,49,False,0.0,6,4167,4166,1250000,0,158,18,35,29,1,1,4.998946488994989,2.910622928997327
beta-separated-n25000-d2-seed42,synthetic,beta,separated_clusters,random_sqrt_clique,25000,2,42.0,False,2,50,49,True,1.0,1,25000,25000,1262403,158,158,18,35,29,1,1,4.998946488994989,3.0054700909968237
beta-separated-n25000-d2-seed42,synthetic,beta,separated_clusters,score_sg_antihub,25000,2,42.0,False,2,50,49,True,1.0,1,25000,25000,1262403,158,158,18,35,29,1,1,4.998946488994989,2.984119670996733
beta-iid-n25000-d10-seed42,synthetic,beta,iid,approx_knn_only,25000,10,42.0,False,2,50,49,True,1.0,1,25000,25000,1250000,0,158,5,73,8,1,1,22.992974043001595,2.797764268005267
beta-iid-n25000-d10-seed42,synthetic,beta,iid,random_sqrt_clique,25000,10,42.0,False,2,50,49,True,1.0,1,25000,25000,1262403,158,158,5,73,8,1,1,22.992974043001595,2.904421531005937
beta-iid-n25000-d10-seed42,synthetic,beta,iid,score_sg_antihub,25000,10,42.0,False,2,50,49,True,1.0,1,25000,25000,1262403,158,158,5,73,8,1,1,22.992974043001595,2.904677348997211
beta-separated-n25000-d10-seed42,synthetic,beta,separated_clusters,approx_knn_only,25000,10,42.0,False,2,50,49,False,0.0,6,4167,4166,1250000,0,158,4,90,21,1,1,5.096275068004616,2.909509156997956
beta-separated-n25000-d10-seed42,synthetic,beta,separated_clusters,random_sqrt_clique,25000,10,42.0,False,2,50,49,True,1.0,1,25000,25000,1262403,158,158,4,90,21,1,1,5.096275068004616,2.869633270005579
beta-separated-n25000-d10-seed42,synthetic,beta,separated_clusters,score_sg_antihub,25000,10,42.0,False,2,50,49,True,1.0,1,25000,25000,1262403,158,158,4,90,21,1,1,5.096275068004616,2.798856237997825
beta-iid-n25000-d32-seed42,synthetic,beta,iid,approx_knn_only,25000,32,42.0,False,2,50,49,True,1.0,1,25000,25000,1250000,0,158,0,223,158,1,1,23.573585205005656,2.972682483996323
beta-iid-n25000-d32-seed42,synthetic,beta,iid,random_sqrt_clique,25000,32,42.0,False,2,50,49,True,1.0,1,25000,25000,1262403,158,158,0,223,158,1,1,23.573585205005656,3.040724488004344
beta-iid-n25000-d32-seed42,synthetic,beta,iid,score_sg_antihub,25000,32,42.0,False,2,50,49,True,1.0,1,25000,25000,1262403,158,158,0,223,158,1,1,23.573585205005656,2.936772095003107
beta-separated-n25000-d32-seed42,synthetic,beta,separated_clusters,approx_knn_only,25000,32,42.0,False,2,50,49,False,0.0,6,4167,4166,1250000,0,158,1,294,14,1,1,5.299442622002971,2.914763892003976
beta-separated-n25000-d32-seed42,synthetic,beta,separated_clusters,random_sqrt_clique,25000,32,42.0,False,2,50,49,True,1.0,1,25000,25000,1262403,158,158,1,294,14,1,1,5.299442622002971,2.8767342569990437
beta-separated-n25000-d32-seed42,synthetic,beta,separated_clusters,score_sg_antihub,25000,32,42.0,False,2,50,49,True,1.0,1,25000,25000,1262403,158,158,1,294,14,1,1,5.299442622002971,2.989421570004197
beta-iid-n25000-d64-seed42,synthetic,beta,iid,approx_knn_only,25000,64,42.0,False,2,50,49,True,1.0,1,25000,25000,1250000,0,158,0,717,158,1,1,24.73716745700221,2.8847692139970604
beta-iid-n25000-d64-seed42,synthetic,beta,iid,random_sqrt_clique,25000,64,42.0,False,2,50,49,True,1.0,1,25000,25000,1262403,158,158,0,717,158,1,1,24.73716745700221,2.9520809240057133
beta-iid-n25000-d64-seed42,synthetic,beta,iid,score_sg_antihub,25000,64,42.0,False,2,50,49,True,1.0,1,25000,25000,1262403,158,158,0,717,158,1,1,24.73716745700221,2.913031163996493
beta-separated-n25000-d64-seed42,synthetic,beta,separated_clusters,approx_knn_only,25000,64,42.0,False,2,50,49,False,0.0,6,4167,4166,1250000,0,158,0,459,158,2,2,6.137814531997719,3.221875422001176
beta-separated-n25000-d64-seed42,synthetic,beta,separated_clusters,random_sqrt_clique,25000,64,42.0,False,2,50,49,True,1.0,1,25000,25000,1262403,158,158,0,459,158,2,2,6.137814531997719,4.681630705999851
beta-separated-n25000-d64-seed42,synthetic,beta,separated_clusters,score_sg_antihub,25000,64,42.0,False,2,50,49,True,1.0,1,25000,25000,1262403,158,158,0,459,158,2,2,6.137814531997719,3.0549976149995928
beta-iid-n25000-d128-seed42,synthetic,beta,iid,approx_knn_only,25000,128,42.0,False,2,50,49,True,1.0,1,25000,25000,1250000,0,158,0,1632,158,1,1,26.424612980998063,3.317035745996691
beta-iid-n25000-d128-seed42,synthetic,beta,iid,random_sqrt_clique,25000,128,42.0,False,2,50,49,True,1.0,1,25000,25000,1262403,158,158,0,1632,158,1,1,26.424612980998063,3.2304998170002364
beta-iid-n25000-d128-seed42,synthetic,beta,iid,score_sg_antihub,25000,128,42.0,False,2,50,49,True,1.0,1,25000,25000,1262403,158,158,0,1632,158,1,1,26.424612980998063,2.890115194000828
beta-separated-n25000-d128-seed42,synthetic,beta,separated_clusters,approx_knn_only,25000,128,42.0,False,2,50,49,False,0.0,6,4167,4166,1250000,0,158,0,857,158,1,1,6.8447298139944905,2.979835209000157
beta-separated-n25000-d128-seed42,synthetic,beta,separated_clusters,random_sqrt_clique,25000,128,42.0,False,2,50,49,True,1.0,1,25000,25000,1262403,158,158,0,857,158,1,1,6.8447298139944905,2.950483777000045
beta-separated-n25000-d128-seed42,synthetic,beta,separated_clusters,score_sg_antihub,25000,128,42.0,False,2,50,49,True,1.0,1,25000,25000,1262403,158,158,0,857,158,1,1,6.8447298139944905,2.999367259995779
beta-iid-n50000-d2-seed42,synthetic,beta,iid,approx_knn_only,50000,2,42.0,False,2,50,49,True,1.0,1,50000,50000,2500000,0,223,26,26,2,1,1,27.10500903399952,6.260697994999646
beta-iid-n50000-d2-seed42,synthetic,beta,iid,random_sqrt_clique,50000,2,42.0,False,2,50,49,True,1.0,1,50000,50000,2524753,223,223,26,26,2,1,1,27.10500903399952,6.216822463000426
beta-iid-n50000-d2-seed42,synthetic,beta,iid,score_sg_antihub,50000,2,42.0,False,2,50,49,True,1.0,1,50000,50000,2524753,223,223,26,26,2,1,1,27.10500903399952,6.242923182995583
beta-separated-n50000-d2-seed42,synthetic,beta,separated_clusters,approx_knn_only,50000,2,42.0,False,2,50,49,False,0.0,6,8334,8333,2500000,0,223,19,38,23,1,1,9.898361236999335,6.356375902003492
beta-separated-n50000-d2-seed42,synthetic,beta,separated_clusters,random_sqrt_clique,50000,2,42.0,False,2,50,49,True,1.0,1,50000,50000,2524753,223,223,19,38,23,1,1,9.898361236999335,6.252215783002612
beta-separated-n50000-d2-seed42,synthetic,beta,separated_clusters,score_sg_antihub,50000,2,42.0,False,2,50,49,True,1.0,1,50000,50000,2524753,223,223,19,38,23,1,1,9.898361236999335,6.29223730800004
beta-iid-n50000-d10-seed42,synthetic,beta,iid,approx_knn_only,50000,10,42.0,False,2,50,49,True,1.0,1,50000,50000,2500000,0,223,4,88,69,1,2,28.967067179997684,6.046238240000093
beta-iid-n50000-d10-seed42,synthetic,beta,iid,random_sqrt_clique,50000,10,42.0,False,2,50,49,True,1.0,1,50000,50000,2524753,223,223,4,88,69,1,2,28.967067179997684,6.173690804003854
beta-iid-n50000-d10-seed42,synthetic,beta,iid,score_sg_antihub,50000,10,42.0,False,2,50,49,True,1.0,1,50000,50000,2524753,223,223,4,88,69,1,2,28.967067179997684,6.003214112999558
beta-separated-n50000-d10-seed42,synthetic,beta,separated_clusters,approx_knn_only,50000,10,42.0,False,2,50,49,False,0.0,6,8334,8333,2500000,0,223,3,99,89,1,1,10.310344216995873,6.013283447005961
beta-separated-n50000-d10-seed42,synthetic,beta,separated_clusters,random_sqrt_clique,50000,10,42.0,False,2,50,49,True,1.0,1,50000,50000,2524753,223,223,3,99,89,1,1,10.310344216995873,6.050098851999792
beta-separated-n50000-d10-seed42,synthetic,beta,separated_clusters,score_sg_antihub,50000,10,42.0,False,2,50,49,True,1.0,1,50000,50000,2524753,223,223,3,99,89,1,1,10.310344216995873,6.068930670997361
beta-iid-n50000-d32-seed42,synthetic,beta,iid,approx_knn_only,50000,32,42.0,False,2,50,49,True,1.0,1,50000,50000,2500000,0,223,0,417,223,1,1,30.732281149998016,6.015339448997111
beta-iid-n50000-d32-seed42,synthetic,beta,iid,random_sqrt_clique,50000,32,42.0,False,2,50,49,True,1.0,1,50000,50000,2524753,223,223,0,417,223,1,1,30.732281149998016,6.056709475000389
beta-iid-n50000-d32-seed42,synthetic,beta,iid,score_sg_antihub,50000,32,42.0,False,2,50,49,True,1.0,1,50000,50000,2524753,223,223,0,417,223,1,1,30.732281149998016,6.04022265200183
beta-separated-n50000-d32-seed42,synthetic,beta,separated_clusters,approx_knn_only,50000,32,42.0,False,2,50,49,False,0.0,6,8334,8333,2500000,0,223,0,364,223,1,1,11.418183936999412,6.049000734994479
beta-separated-n50000-d32-seed42,synthetic,beta,separated_clusters,random_sqrt_clique,50000,32,42.0,False,2,50,49,True,1.0,1,50000,50000,2524753,223,223,0,364,223,1,1,11.418183936999412,6.088318977999734
beta-separated-n50000-d32-seed42,synthetic,beta,separated_clusters,score_sg_antihub,50000,32,42.0,False,2,50,49,True,1.0,1,50000,50000,2524753,223,223,0,364,223,1,1,11.418183936999412,6.099566103999678
beta-iid-n50000-d64-seed42,synthetic,beta,iid,approx_knn_only,50000,64,42.0,False,2,50,49,True,1.0,1,50000,50000,2500000,0,223,0,1577,223,1,1,33.96709283000382,5.909785632000421
beta-iid-n50000-d64-seed42,synthetic,beta,iid,random_sqrt_clique,50000,64,42.0,False,2,50,49,True,1.0,1,50000,50000,2524753,223,223,0,1577,223,1,1,33.96709283000382,6.007874490998802
beta-iid-n50000-d64-seed42,synthetic,beta,iid,score_sg_antihub,50000,64,42.0,False,2,50,49,True,1.0,1,50000,50000,2524753,223,223,0,1577,223,1,1,33.96709283000382,5.985385767999105
beta-separated-n50000-d64-seed42,synthetic,beta,separated_clusters,approx_knn_only,50000,64,42.0,False,2,50,49,False,0.0,6,8334,8333,2500000,0,223,0,1146,223,2,2,13.228262996999549,6.086502689999179
beta-separated-n50000-d64-seed42,synthetic,beta,separated_clusters,random_sqrt_clique,50000,64,42.0,False,2,50,49,True,1.0,1,50000,50000,2524753,223,223,0,1146,223,2,2,13.228262996999549,6.062682399999176
beta-separated-n50000-d64-seed42,synthetic,beta,separated_clusters,score_sg_antihub,50000,64,42.0,False,2,50,49,True,1.0,1,50000,50000,2524753,223,223,0,1146,223,2,2,13.228262996999549,6.02580553900043
beta-iid-n50000-d128-seed42,synthetic,beta,iid,approx_knn_only,50000,128,42.0,False,2,50,49,True,1.0,1,50000,50000,2500000,0,223,0,3947,223,2,2,37.10976420099905,6.369593577997875
beta-iid-n50000-d128-seed42,synthetic,beta,iid,random_sqrt_clique,50000,128,42.0,False,2,50,49,True,1.0,1,50000,50000,2524753,223,223,0,3947,223,2,2,37.10976420099905,6.540302041998075
beta-iid-n50000-d128-seed42,synthetic,beta,iid,score_sg_antihub,50000,128,42.0,False,2,50,49,True,1.0,1,50000,50000,2524753,223,223,0,3947,223,2,2,37.10976420099905,6.420934150002722
beta-separated-n50000-d128-seed42,synthetic,beta,separated_clusters,approx_knn_only,50000,128,42.0,False,2,50,49,False,0.0,6,8334,8333,2500000,0,223,0,2259,223,1,1,15.67912547099695,6.554632485000184
beta-separated-n50000-d128-seed42,synthetic,beta,separated_clusters,random_sqrt_clique,50000,128,42.0,False,2,50,49,True,1.0,1,50000,50000,2524753,223,223,0,2259,223,1,1,15.67912547099695,6.512079140004062
beta-separated-n50000-d128-seed42,synthetic,beta,separated_clusters,score_sg_antihub,50000,128,42.0,False,2,50,49,True,1.0,1,50000,50000,2524753,223,223,0,2259,223,1,1,15.67912547099695,6.553017999001895
beta-iid-n100000-d2-seed42,synthetic,beta,iid,approx_knn_only,100000,2,42.0,False,2,50,49,True,1.0,1,100000,100000,5000000,0,316,28,31,15,1,1,37.19335596900055,12.45293110399507
beta-iid-n100000-d2-seed42,synthetic,beta,iid,random_sqrt_clique,100000,2,42.0,False,2,50,49,True,1.0,1,100000,100000,5049770,316,316,28,31,15,1,1,37.19335596900055,12.75560034299997
beta-iid-n100000-d2-seed42,synthetic,beta,iid,score_sg_antihub,100000,2,42.0,False,2,50,49,True,1.0,1,100000,100000,5049770,316,316,28,31,15,1,1,37.19335596900055,12.641453989002912
beta-separated-n100000-d2-seed42,synthetic,beta,separated_clusters,approx_knn_only,100000,2,42.0,False,2,50,49,False,0.0,6,16667,16666,5000000,0,316,20,67,9,1,1,20.232215891999655,12.99658498899953
beta-separated-n100000-d2-seed42,synthetic,beta,separated_clusters,random_sqrt_clique,100000,2,42.0,False,2,50,49,True,1.0,1,100000,100000,5049770,316,316,20,67,9,1,1,20.232215891999655,12.97953206999955
beta-separated-n100000-d2-seed42,synthetic,beta,separated_clusters,score_sg_antihub,100000,2,42.0,False,2,50,49,True,1.0,1,100000,100000,5049770,316,316,20,67,9,1,1,20.232215891999655,12.695986169994285
beta-iid-n100000-d10-seed42,synthetic,beta,iid,approx_knn_only,100000,10,42.0,False,2,50,49,True,1.0,1,100000,100000,5000000,0,316,4,155,88,1,1,40.07398735299648,12.74071801500395
beta-iid-n100000-d10-seed42,synthetic,beta,iid,random_sqrt_clique,100000,10,42.0,False,2,50,49,True,1.0,1,100000,100000,5049770,316,316,4,155,88,1,1,40.07398735299648,12.773230792001414
beta-iid-n100000-d10-seed42,synthetic,beta,iid,score_sg_antihub,100000,10,42.0,False,2,50,49,True,1.0,1,100000,100000,5049770,316,316,4,155,88,1,1,40.07398735299648,12.839297582002471
beta-separated-n100000-d10-seed42,synthetic,beta,separated_clusters,approx_knn_only,100000,10,42.0,False,2,50,49,False,0.0,6,16667,16666,5000000,0,316,3,168,111,1,1,22.66392211600032,12.520037453999976
beta-separated-n100000-d10-seed42,synthetic,beta,separated_clusters,random_sqrt_clique,100000,10,42.0,False,2,50,49,True,1.0,1,100000,100000,5049770,316,316,3,168,111,1,1,22.66392211600032,12.492111309002212
beta-separated-n100000-d10-seed42,synthetic,beta,separated_clusters,score_sg_antihub,100000,10,42.0,False,2,50,49,True,1.0,1,100000,100000,5049770,316,316,3,168,111,1,1,22.66392211600032,12.821625320997557
beta-iid-n100000-d32-seed42,synthetic,beta,iid,approx_knn_only,100000,32,42.0,False,2,50,49,True,1.0,1,100000,100000,5000000,0,316,0,820,316,1,1,46.83204674800072,12.55819377899752
beta-iid-n100000-d32-seed42,synthetic,beta,iid,random_sqrt_clique,100000,32,42.0,False,2,50,49,True,1.0,1,100000,100000,5049770,316,316,0,820,316,1,1,46.83204674800072,12.485531386002547
beta-iid-n100000-d32-seed42,synthetic,beta,iid,score_sg_antihub,100000,32,42.0,False,2,50,49,True,1.0,1,100000,100000,5049770,316,316,0,820,316,1,1,46.83204674800072,12.500026230998628
beta-separated-n100000-d32-seed42,synthetic,beta,separated_clusters,approx_knn_only,100000,32,42.0,False,2,50,49,False,0.0,6,16667,16666,5000000,0,316,0,797,316,2,2,24.81432024199603,12.481233940001404
beta-separated-n100000-d32-seed42,synthetic,beta,separated_clusters,random_sqrt_clique,100000,32,42.0,False,2,50,49,True,1.0,1,100000,100000,5049770,316,316,0,797,316,2,2,24.81432024199603,12.23060288400302
beta-separated-n100000-d32-seed42,synthetic,beta,separated_clusters,score_sg_antihub,100000,32,42.0,False,2,50,49,True,1.0,1,100000,100000,5049770,316,316,0,797,316,2,2,24.81432024199603,12.215860109005009
beta-iid-n100000-d64-seed42,synthetic,beta,iid,approx_knn_only,100000,64,42.0,False,2,50,49,True,1.0,1,100000,100000,5000000,0,316,0,3542,316,1,1,54.01382668899896,12.362752004002688
beta-iid-n100000-d64-seed42,synthetic,beta,iid,random_sqrt_clique,100000,64,42.0,False,2,50,49,True,1.0,1,100000,100000,5049770,316,316,0,3542,316,1,1,54.01382668899896,12.483233862003544
beta-iid-n100000-d64-seed42,synthetic,beta,iid,score_sg_antihub,100000,64,42.0,False,2,50,49,True,1.0,1,100000,100000,5049770,316,316,0,3542,316,1,1,54.01382668899896,12.490592729998752
beta-separated-n100000-d64-seed42,synthetic,beta,separated_clusters,approx_knn_only,100000,64,42.0,False,2,50,49,False,0.0,6,16667,16666,5000000,0,316,0,2738,316,1,1,28.262996660996578,12.47433611300221
beta-separated-n100000-d64-seed42,synthetic,beta,separated_clusters,random_sqrt_clique,100000,64,42.0,False,2,50,49,True,1.0,1,100000,100000,5049770,316,316,0,2738,316,1,1,28.262996660996578,12.49282286500238
beta-separated-n100000-d64-seed42,synthetic,beta,separated_clusters,score_sg_antihub,100000,64,42.0,False,2,50,49,True,1.0,1,100000,100000,5049770,316,316,0,2738,316,1,1,28.262996660996578,12.46505345300102
beta-iid-n100000-d128-seed42,synthetic,beta,iid,approx_knn_only,100000,128,42.0,False,2,50,49,True,1.0,1,100000,100000,5000000,0,316,0,9516,316,1,1,61.739641706997645,12.007439853994583
beta-iid-n100000-d128-seed42,synthetic,beta,iid,random_sqrt_clique,100000,128,42.0,False,2,50,49,True,1.0,1,100000,100000,5049770,316,316,0,9516,316,1,1,61.739641706997645,12.477091772998392
beta-iid-n100000-d128-seed42,synthetic,beta,iid,score_sg_antihub,100000,128,42.0,False,2,50,49,True,1.0,1,100000,100000,5049770,316,316,0,9516,316,1,1,61.739641706997645,12.319391639997775
beta-separated-n100000-d128-seed42,synthetic,beta,separated_clusters,approx_knn_only,100000,128,42.0,False,2,50,49,False,0.0,6,16667,16666,5000000,0,316,0,5615,316,1,1,36.23669801300275,12.234508788998935
beta-separated-n100000-d128-seed42,synthetic,beta,separated_clusters,random_sqrt_clique,100000,128,42.0,False,2,50,49,True,1.0,1,100000,100000,5049770,316,316,0,5615,316,1,1,36.23669801300275,12.331810604002383
beta-separated-n100000-d128-seed42,synthetic,beta,separated_clusters,score_sg_antihub,100000,128,42.0,False,2,50,49,True,1.0,1,100000,100000,5049770,316,316,0,5615,316,1,1,36.23669801300275,12.215004957994095
beta-iid-n200000-d2-seed42,synthetic,beta,iid,approx_knn_only,200000,2,42.0,False,2,50,49,True,1.0,1,200000,200000,10000000,0,447,28,53,46,1,1,58.09240203099762,26.808318680996308
beta-iid-n200000-d2-seed42,synthetic,beta,iid,random_sqrt_clique,200000,2,42.0,False,2,50,49,True,1.0,1,200000,200000,10099681,447,447,28,53,46,1,1,58.09240203099762,27.32735371799936
beta-iid-n200000-d2-seed42,synthetic,beta,iid,score_sg_antihub,200000,2,42.0,False,2,50,49,True,1.0,1,200000,200000,10099681,447,447,28,53,46,1,1,58.09240203099762,27.05584444700071
beta-separated-n200000-d2-seed42,synthetic,beta,separated_clusters,approx_knn_only,200000,2,42.0,False,2,50,49,False,0.0,6,33334,33333,10000000,0,447,20,72,33,1,1,40.82287146399904,26.85672662500292
beta-separated-n200000-d2-seed42,synthetic,beta,separated_clusters,random_sqrt_clique,200000,2,42.0,False,2,50,49,True,1.0,1,200000,200000,10099681,447,447,20,72,33,1,1,40.82287146399904,26.828728501001024
beta-separated-n200000-d2-seed42,synthetic,beta,separated_clusters,score_sg_antihub,200000,2,42.0,False,2,50,49,True,1.0,1,200000,200000,10099681,447,447,20,72,33,1,1,40.82287146399904,26.417000098001157
beta-iid-n200000-d10-seed42,synthetic,beta,iid,approx_knn_only,200000,10,42.0,False,2,50,49,True,1.0,1,200000,200000,10000000,0,447,4,240,90,1,1,63.76922945900151,26.165347078000195
beta-iid-n200000-d10-seed42,synthetic,beta,iid,random_sqrt_clique,200000,10,42.0,False,2,50,49,True,1.0,1,200000,200000,10099681,447,447,4,240,90,1,1,63.76922945900151,26.60006976099976
beta-iid-n200000-d10-seed42,synthetic,beta,iid,score_sg_antihub,200000,10,42.0,False,2,50,49,True,1.0,1,200000,200000,10099681,447,447,4,240,90,1,1,63.76922945900151,28.29302048200043
beta-separated-n200000-d10-seed42,synthetic,beta,separated_clusters,approx_knn_only,200000,10,42.0,False,2,50,49,False,0.0,6,33334,33333,10000000,0,447,3,317,76,1,1,48.694453340998734,26.632884943996032
beta-separated-n200000-d10-seed42,synthetic,beta,separated_clusters,random_sqrt_clique,200000,10,42.0,False,2,50,49,True,1.0,1,200000,200000,10099681,447,447,3,317,76,1,1,48.694453340998734,26.741934810001112
beta-separated-n200000-d10-seed42,synthetic,beta,separated_clusters,score_sg_antihub,200000,10,42.0,False,2,50,49,True,1.0,1,200000,200000,10099681,447,447,3,317,76,1,1,48.694453340998734,29.01621131700085
beta-iid-n200000-d32-seed42,synthetic,beta,iid,approx_knn_only,200000,32,42.0,False,2,50,49,True,1.0,1,200000,200000,10000000,0,447,0,1684,447,2,4,81.60993408200011,24.992575718999436
beta-iid-n200000-d32-seed42,synthetic,beta,iid,random_sqrt_clique,200000,32,42.0,False,2,50,49,True,1.0,1,200000,200000,10099681,447,447,0,1684,447,2,4,81.60993408200011,25.39565119100007
beta-iid-n200000-d32-seed42,synthetic,beta,iid,score_sg_antihub,200000,32,42.0,False,2,50,49,True,1.0,1,200000,200000,10099681,447,447,0,1684,447,2,4,81.60993408200011,25.20698647500103
beta-separated-n200000-d32-seed42,synthetic,beta,separated_clusters,approx_knn_only,200000,32,42.0,False,2,50,49,False,0.0,6,33334,33333,10000000,0,447,0,1721,447,1,3,51.512377664003,25.11188793399924
beta-separated-n200000-d32-seed42,synthetic,beta,separated_clusters,random_sqrt_clique,200000,32,42.0,False,2,50,49,True,1.0,1,200000,200000,10099681,447,447,0,1721,447,1,3,51.512377664003,25.62535835900053
beta-separated-n200000-d32-seed42,synthetic,beta,separated_clusters,score_sg_antihub,200000,32,42.0,False,2,50,49,True,1.0,1,200000,200000,10099681,447,447,0,1721,447,1,3,51.512377664003,25.66894720900018
beta-iid-n200000-d64-seed42,synthetic,beta,iid,approx_knn_only,200000,64,42.0,False,2,50,49,True,1.0,1,200000,200000,10000000,0,447,0,7549,447,2,2,99.61512803200458,25.26878820899583
beta-iid-n200000-d64-seed42,synthetic,beta,iid,random_sqrt_clique,200000,64,42.0,False,2,50,49,True,1.0,1,200000,200000,10099681,447,447,0,7549,447,2,2,99.61512803200458,25.61066353599745
beta-iid-n200000-d64-seed42,synthetic,beta,iid,score_sg_antihub,200000,64,42.0,False,2,50,49,True,1.0,1,200000,200000,10099681,447,447,0,7549,447,2,2,99.61512803200458,25.60815108400129
beta-separated-n200000-d64-seed42,synthetic,beta,separated_clusters,approx_knn_only,200000,64,42.0,False,2,50,49,False,0.0,6,33334,33333,10000000,0,447,0,6000,447,1,1,64.5831191010002,26.086910857004117
beta-separated-n200000-d64-seed42,synthetic,beta,separated_clusters,random_sqrt_clique,200000,64,42.0,False,2,50,49,True,1.0,1,200000,200000,10099681,447,447,0,6000,447,1,1,64.5831191010002,25.857258830998035
beta-separated-n200000-d64-seed42,synthetic,beta,separated_clusters,score_sg_antihub,200000,64,42.0,False,2,50,49,True,1.0,1,200000,200000,10099681,447,447,0,6000,447,1,1,64.5831191010002,25.614149396998982
beta-iid-n200000-d128-seed42,synthetic,beta,iid,approx_knn_only,200000,128,42.0,False,2,50,49,True,1.0,1,200000,200000,10000000,0,447,0,22646,447,1,1,114.6643399129971,25.756845333002275
beta-iid-n200000-d128-seed42,synthetic,beta,iid,random_sqrt_clique,200000,128,42.0,False,2,50,49,True,1.0,1,200000,200000,10099681,447,447,0,22646,447,1,1,114.6643399129971,25.636801141001342
beta-iid-n200000-d128-seed42,synthetic,beta,iid,score_sg_antihub,200000,128,42.0,False,2,50,49,True,1.0,1,200000,200000,10099681,447,447,0,22646,447,1,1,114.6643399129971,25.512141958999564
beta-separated-n200000-d128-seed42,synthetic,beta,separated_clusters,approx_knn_only,200000,128,42.0,False,2,50,49,False,0.0,6,33334,33333,10000000,0,447,0,13823,447,1,1,82.22258807499747,25.560289587003357
beta-separated-n200000-d128-seed42,synthetic,beta,separated_clusters,random_sqrt_clique,200000,128,42.0,False,2,50,49,True,1.0,1,200000,200000,10099681,447,447,0,13823,447,1,1,82.22258807499747,25.549136604000523
beta-separated-n200000-d128-seed42,synthetic,beta,separated_clusters,score_sg_antihub,200000,128,42.0,False,2,50,49,True,1.0,1,200000,200000,10099681,447,447,0,13823,447,1,1,82.22258807499747,25.585456485998293
beta-iid-n500000-d2-seed42,synthetic,beta,iid,approx_knn_only,500000,2,42.0,False,2,50,49,True,1.0,1,500000,500000,25000000,0,707,30,91,78,2,2,119.60263128099903,68.27106790799735
beta-iid-n500000-d2-seed42,synthetic,beta,iid,random_sqrt_clique,500000,2,42.0,False,2,50,49,True,1.0,1,500000,500000,25249571,707,707,30,91,78,2,2,119.60263128099903,67.54780954700254
beta-iid-n500000-d2-seed42,synthetic,beta,iid,score_sg_antihub,500000,2,42.0,False,2,50,49,True,1.0,1,500000,500000,25249571,707,707,30,91,78,2,2,119.60263128099903,67.61077643399767
beta-separated-n500000-d2-seed42,synthetic,beta,separated_clusters,approx_knn_only,500000,2,42.0,False,2,50,49,False,0.0,6,83334,83333,25000000,0,707,21,129,44,1,1,102.70505969599616,68.16992012100673
beta-separated-n500000-d2-seed42,synthetic,beta,separated_clusters,random_sqrt_clique,500000,2,42.0,False,2,50,49,True,1.0,1,500000,500000,25249571,707,707,21,129,44,1,1,102.70505969599616,68.21570457301277
beta-separated-n500000-d2-seed42,synthetic,beta,separated_clusters,score_sg_antihub,500000,2,42.0,False,2,50,49,True,1.0,1,500000,500000,25249571,707,707,21,129,44,1,1,102.70505969599616,68.34453643400047
beta-iid-n500000-d10-seed42,synthetic,beta,iid,approx_knn_only,500000,10,42.0,False,2,50,49,True,1.0,1,500000,500000,25000000,0,707,4,457,47,1,1,134.59946240599675,63.44123348699941
beta-iid-n500000-d10-seed42,synthetic,beta,iid,random_sqrt_clique,500000,10,42.0,False,2,50,49,True,1.0,1,500000,500000,25249571,707,707,4,457,47,1,1,134.59946240599675,64.70756019098917
beta-iid-n500000-d10-seed42,synthetic,beta,iid,score_sg_antihub,500000,10,42.0,False,2,50,49,True,1.0,1,500000,500000,25249571,707,707,4,457,47,1,1,134.59946240599675,63.61494677900919
beta-separated-n500000-d10-seed42,synthetic,beta,separated_clusters,approx_knn_only,500000,10,42.0,False,2,50,49,False,0.0,6,83334,83333,25000000,0,707,3,593,27,1,1,117.299921894999,64.08274340900243
beta-separated-n500000-d10-seed42,synthetic,beta,separated_clusters,random_sqrt_clique,500000,10,42.0,False,2,50,49,True,1.0,1,500000,500000,25249571,707,707,3,593,27,1,1,117.299921894999,65.15340379699774
beta-separated-n500000-d10-seed42,synthetic,beta,separated_clusters,score_sg_antihub,500000,10,42.0,False,2,50,49,True,1.0,1,500000,500000,25249571,707,707,3,593,27,1,1,117.299921894999,64.82621009799186
beta-iid-n500000-d32-seed42,synthetic,beta,iid,approx_knn_only,500000,32,42.0,False,2,50,49,True,1.0,1,500000,500000,25000000,0,707,0,4123,707,1,2,188.99656758300264,67.6196754489938
beta-iid-n500000-d32-seed42,synthetic,beta,iid,random_sqrt_clique,500000,32,42.0,False,2,50,49,True,1.0,1,500000,500000,25249571,707,707,0,4123,707,1,2,188.99656758300264,67.46212342599756
beta-iid-n500000-d32-seed42,synthetic,beta,iid,score_sg_antihub,500000,32,42.0,False,2,50,49,True,1.0,1,500000,500000,25249571,707,707,0,4123,707,1,2,188.99656758300264,66.89233576999686
beta-separated-n500000-d32-seed42,synthetic,beta,separated_clusters,approx_knn_only,500000,32,42.0,False,2,50,49,False,0.0,6,83334,83333,25000000,0,707,0,4397,707,1,1,148.4495000020106,66.93660321300558
beta-separated-n500000-d32-seed42,synthetic,beta,separated_clusters,random_sqrt_clique,500000,32,42.0,False,2,50,49,True,1.0,1,500000,500000,25249571,707,707,0,4397,707,1,1,148.4495000020106,67.1737659270002
beta-separated-n500000-d32-seed42,synthetic,beta,separated_clusters,score_sg_antihub,500000,32,42.0,False,2,50,49,True,1.0,1,500000,500000,25249571,707,707,0,4397,707,1,1,148.4495000020106,67.28933911300555
beta-iid-n500000-d64-seed42,synthetic,beta,iid,approx_knn_only,500000,64,42.0,False,2,50,49,True,1.0,1,500000,500000,25000000,0,707,0,21620,707,1,1,252.23236551399168,68.47941215299943
beta-iid-n500000-d64-seed42,synthetic,beta,iid,random_sqrt_clique,500000,64,42.0,False,2,50,49,True,1.0,1,500000,500000,25249571,707,707,0,21620,707,1,1,252.23236551399168,69.97931398899527
beta-iid-n500000-d64-seed42,synthetic,beta,iid,score_sg_antihub,500000,64,42.0,False,2,50,49,True,1.0,1,500000,500000,25249571,707,707,0,21620,707,1,1,252.23236551399168,68.66098659699492
beta-separated-n500000-d64-seed42,synthetic,beta,separated_clusters,approx_knn_only,500000,64,42.0,False,2,50,49,False,0.0,6,83334,83333,25000000,0,707,0,17081,707,1,1,189.16055766200589,67.96091117500328
beta-separated-n500000-d64-seed42,synthetic,beta,separated_clusters,random_sqrt_clique,500000,64,42.0,False,2,50,49,True,1.0,1,500000,500000,25249571,707,707,0,17081,707,1,1,189.16055766200589,69.0833660060016
beta-separated-n500000-d64-seed42,synthetic,beta,separated_clusters,score_sg_antihub,500000,64,42.0,False,2,50,49,True,1.0,1,500000,500000,25249571,707,707,0,17081,707,1,1,189.16055766200589,69.05619937699521
beta-iid-n500000-d128-seed42,synthetic,beta,iid,approx_knn_only,500000,128,42.0,False,2,50,49,True,1.0,1,500000,500000,25000000,0,707,0,71571,707,1,1,285.411087201006,64.34643070799939
beta-iid-n500000-d128-seed42,synthetic,beta,iid,random_sqrt_clique,500000,128,42.0,False,2,50,49,True,1.0,1,500000,500000,25249571,707,707,0,71571,707,1,1,285.411087201006,66.1647503899876
beta-iid-n500000-d128-seed42,synthetic,beta,iid,score_sg_antihub,500000,128,42.0,False,2,50,49,True,1.0,1,500000,500000,25249571,707,707,0,71571,707,1,1,285.411087201006,64.16816714200831
beta-separated-n500000-d128-seed42,synthetic,beta,separated_clusters,approx_knn_only,500000,128,42.0,False,2,50,49,False,0.0,6,83334,83333,25000000,0,707,0,44604,707,1,2,235.92807763999733,64.83330648799893
beta-separated-n500000-d128-seed42,synthetic,beta,separated_clusters,random_sqrt_clique,500000,128,42.0,False,2,50,49,True,1.0,1,500000,500000,25249571,707,707,0,44604,707,1,2,235.92807763999733,64.87493544499739
beta-separated-n500000-d128-seed42,synthetic,beta,separated_clusters,score_sg_antihub,500000,128,42.0,False,2,50,49,True,1.0,1,500000,500000,25249571,707,707,0,44604,707,1,2,235.92807763999733,66.03970188599487
beta-iid-n1000000-d2-seed42,synthetic,beta,iid,approx_knn_only,1000000,2,42.0,False,2,50,49,True,1.0,1,1000000,1000000,50000000,0,1000,31,158,77,1,2,226.6899649789993,142.0796354149934
beta-iid-n1000000-d2-seed42,synthetic,beta,iid,random_sqrt_clique,1000000,2,42.0,False,2,50,49,True,1.0,1,1000000,1000000,50499500,1000,1000,31,158,77,1,2,226.6899649789993,140.27194445799978
beta-iid-n1000000-d2-seed42,synthetic,beta,iid,score_sg_antihub,1000000,2,42.0,False,2,50,49,True,1.0,1,1000000,1000000,50499500,1000,1000,31,158,77,1,2,226.6899649789993,138.29209906599135
beta-separated-n1000000-d2-seed42,synthetic,beta,separated_clusters,approx_knn_only,1000000,2,42.0,False,2,50,49,False,0.0,6,166667,166666,50000000,0,1000,21,157,156,1,1,210.9281128059956,136.87316475900298
beta-separated-n1000000-d2-seed42,synthetic,beta,separated_clusters,random_sqrt_clique,1000000,2,42.0,False,2,50,49,True,1.0,1,1000000,1000000,50499500,1000,1000,21,157,156,1,1,210.9281128059956,138.37293734600826
beta-separated-n1000000-d2-seed42,synthetic,beta,separated_clusters,score_sg_antihub,1000000,2,42.0,False,2,50,49,True,1.0,1,1000000,1000000,50499500,1000,1000,21,157,156,1,1,210.9281128059956,139.93657437899674
beta-iid-n1000000-d10-seed42,synthetic,beta,iid,approx_knn_only,1000000,10,42.0,False,2,50,49,True,1.0,1,1000000,1000000,50000000,0,1000,3,509,467,1,1,254.91153723199383,134.09233161799784
beta-iid-n1000000-d10-seed42,synthetic,beta,iid,random_sqrt_clique,1000000,10,42.0,False,2,50,49,True,1.0,1,1000000,1000000,50499500,1000,1000,3,509,467,1,1,254.91153723199383,135.94586882500153
beta-iid-n1000000-d10-seed42,synthetic,beta,iid,score_sg_antihub,1000000,10,42.0,False,2,50,49,True,1.0,1,1000000,1000000,50499500,1000,1000,3,509,467,1,1,254.91153723199383,136.02164958500362
beta-separated-n1000000-d10-seed42,synthetic,beta,separated_clusters,approx_knn_only,1000000,10,42.0,False,2,50,49,False,0.0,6,166667,166666,50000000,0,1000,2,598,548,2,2,240.1837832780002,136.3320681740006
beta-separated-n1000000-d10-seed42,synthetic,beta,separated_clusters,random_sqrt_clique,1000000,10,42.0,False,2,50,49,True,1.0,1,1000000,1000000,50499500,1000,1000,2,598,548,2,2,240.1837832780002,137.12708145400393
beta-separated-n1000000-d10-seed42,synthetic,beta,separated_clusters,score_sg_antihub,1000000,10,42.0,False,2,50,49,True,1.0,1,1000000,1000000,50499500,1000,1000,2,598,548,2,2,240.1837832780002,137.357889521998
beta-iid-n1000000-d32-seed42,synthetic,beta,iid,approx_knn_only,1000000,32,42.0,False,2,50,49,True,1.0,1,1000000,1000000,50000000,0,1000,0,7939,1000,3,5,400.3431826029992,132.25959105900256
beta-iid-n1000000-d32-seed42,synthetic,beta,iid,random_sqrt_clique,1000000,32,42.0,False,2,50,49,True,1.0,1,1000000,1000000,50499500,1000,1000,0,7939,1000,3,5,400.3431826029992,132.12542271400162
beta-iid-n1000000-d32-seed42,synthetic,beta,iid,score_sg_antihub,1000000,32,42.0,False,2,50,49,True,1.0,1,1000000,1000000,50499500,1000,1000,0,7939,1000,3,5,400.3431826029992,132.46175728399248
beta-separated-n1000000-d32-seed42,synthetic,beta,separated_clusters,approx_knn_only,1000000,32,42.0,False,2,50,49,False,0.0,6,166667,166666,50000000,0,1000,0,8711,1000,4,7,317.1594990909944,130.07501672201033
beta-separated-n1000000-d32-seed42,synthetic,beta,separated_clusters,random_sqrt_clique,1000000,32,42.0,False,2,50,49,True,1.0,1,1000000,1000000,50499500,1000,1000,0,8711,1000,4,7,317.1594990909944,133.263950973007
beta-separated-n1000000-d32-seed42,synthetic,beta,separated_clusters,score_sg_antihub,1000000,32,42.0,False,2,50,49,True,1.0,1,1000000,1000000,50499500,1000,1000,0,8711,1000,4,7,317.1594990909944,131.24404375901213
beta-iid-n1000000-d64-seed42,synthetic,beta,iid,approx_knn_only,1000000,64,42.0,False,2,50,49,True,1.0,1,1000000,1000000,50000000,0,1000,0,45920,1000,1,1,538.6420340799959,132.11178284500784
beta-iid-n1000000-d64-seed42,synthetic,beta,iid,random_sqrt_clique,1000000,64,42.0,False,2,50,49,True,1.0,1,1000000,1000000,50499500,1000,1000,0,45920,1000,1,1,538.6420340799959,132.66917973400268
beta-iid-n1000000-d64-seed42,synthetic,beta,iid,score_sg_antihub,1000000,64,42.0,False,2,50,49,True,1.0,1,1000000,1000000,50499500,1000,1000,0,45920,1000,1,1,538.6420340799959,132.11543335999886
beta-separated-n1000000-d64-seed42,synthetic,beta,separated_clusters,approx_knn_only,1000000,64,42.0,False,2,50,49,False,0.0,6,166667,166666,50000000,0,1000,0,37050,1000,1,1,428.9786248470045,131.0133308989898
beta-separated-n1000000-d64-seed42,synthetic,beta,separated_clusters,random_sqrt_clique,1000000,64,42.0,False,2,50,49,True,1.0,1,1000000,1000000,50499500,1000,1000,0,37050,1000,1,1,428.9786248470045,135.1272201660031
beta-separated-n1000000-d64-seed42,synthetic,beta,separated_clusters,score_sg_antihub,1000000,64,42.0,False,2,50,49,True,1.0,1,1000000,1000000,50499500,1000,1000,0,37050,1000,1,1,428.9786248470045,132.22271514301246
beta-iid-n1000000-d128-seed42,synthetic,beta,iid,approx_knn_only,1000000,128,42.0,False,2,50,49,True,1.0,1,1000000,1000000,50000000,0,1000,0,161074,1000,1,2,579.9537504409964,156.7848649630032
beta-iid-n1000000-d128-seed42,synthetic,beta,iid,random_sqrt_clique,1000000,128,42.0,False,2,50,49,True,1.0,1,1000000,1000000,50499500,1000,1000,0,161074,1000,1,2,579.9537504409964,156.75636280300387
beta-iid-n1000000-d128-seed42,synthetic,beta,iid,score_sg_antihub,1000000,128,42.0,False,2,50,49,True,1.0,1,1000000,1000000,50499500,1000,1000,0,161074,1000,1,2,579.9537504409964,155.43732895501307
beta-separated-n1000000-d128-seed42,synthetic,beta,separated_clusters,approx_knn_only,1000000,128,42.0,False,2,50,49,False,0.0,6,166667,166666,50000000,0,1000,0,107098,1000,1,1,521.1406911340018,155.70516498800134
beta-separated-n1000000-d128-seed42,synthetic,beta,separated_clusters,random_sqrt_clique,1000000,128,42.0,False,2,50,49,True,1.0,1,1000000,1000000,50499500,1000,1000,0,107098,1000,1,1,521.1406911340018,155.76682136899035
beta-separated-n1000000-d128-seed42,synthetic,beta,separated_clusters,score_sg_antihub,1000000,128,42.0,False,2,50,49,True,1.0,1,1000000,1000000,50499500,1000,1000,0,107098,1000,1,1,521.1406911340018,156.34908338500827
von_mises-iid-n1000-d2-seed42,synthetic,von_mises,iid,approx_knn_only,1000,2,42.0,False,2,50,49,True,1.0,1,1000,1000,50000,0,31,15,4,1,1,1,17.597500311007025,0.1238839099969482
von_mises-iid-n1000-d2-seed42,synthetic,von_mises,iid,random_sqrt_clique,1000,2,42.0,False,2,50,49,True,1.0,1,1000,1000,50465,31,31,15,4,1,1,1,17.597500311007025,0.1226369549985975
von_mises-iid-n1000-d2-seed42,synthetic,von_mises,iid,score_sg_antihub,1000,2,42.0,False,2,50,49,True,1.0,1,1000,1000,50465,31,31,15,4,1,1,1,17.597500311007025,0.1298482910060556
von_mises-separated-n1000-d2-seed42,synthetic,von_mises,separated_clusters,approx_knn_only,1000,2,42.0,False,2,50,49,False,0.0,6,167,166,50000,0,31,11,6,2,1,1,0.3629805609962204,0.1264947799936635
von_mises-separated-n1000-d2-seed42,synthetic,von_mises,separated_clusters,random_sqrt_clique,1000,2,42.0,False,2,50,49,True,1.0,1,1000,1000,50465,31,31,11,6,2,1,1,0.3629805609962204,0.121010496004601
von_mises-separated-n1000-d2-seed42,synthetic,von_mises,separated_clusters,score_sg_antihub,1000,2,42.0,False,2,50,49,True,1.0,1,1000,1000,50465,31,31,11,6,2,1,1,0.3629805609962204,0.1262412229989422
von_mises-iid-n1000-d10-seed42,synthetic,von_mises,iid,approx_knn_only,1000,10,42.0,False,2,50,49,True,1.0,1,1000,1000,50000,0,31,3,12,11,1,1,17.59151702300005,0.122484858991811
von_mises-iid-n1000-d10-seed42,synthetic,von_mises,iid,random_sqrt_clique,1000,10,42.0,False,2,50,49,True,1.0,1,1000,1000,50465,31,31,3,12,11,1,1,17.59151702300005,0.1162869120016694
von_mises-iid-n1000-d10-seed42,synthetic,von_mises,iid,score_sg_antihub,1000,10,42.0,False,2,50,49,True,1.0,1,1000,1000,50465,31,31,3,12,11,1,1,17.59151702300005,0.1104256159887882
von_mises-separated-n1000-d10-seed42,synthetic,von_mises,separated_clusters,approx_knn_only,1000,10,42.0,False,2,50,49,False,0.0,6,167,166,50000,0,31,3,10,10,1,1,0.3377552780002588,0.1297780339955352
von_mises-separated-n1000-d10-seed42,synthetic,von_mises,separated_clusters,random_sqrt_clique,1000,10,42.0,False,2,50,49,True,1.0,1,1000,1000,50465,31,31,3,10,10,1,1,0.3377552780002588,0.1293288960005156
von_mises-separated-n1000-d10-seed42,synthetic,von_mises,separated_clusters,score_sg_antihub,1000,10,42.0,False,2,50,49,True,1.0,1,1000,1000,50465,31,31,3,10,10,1,1,0.3377552780002588,0.1253112390113528
von_mises-iid-n1000-d32-seed42,synthetic,von_mises,iid,approx_knn_only,1000,32,42.0,False,2,50,49,True,1.0,1,1000,1000,50000,0,31,1,23,15,1,1,17.579254726006184,0.116627156996401
von_mises-iid-n1000-d32-seed42,synthetic,von_mises,iid,random_sqrt_clique,1000,32,42.0,False,2,50,49,True,1.0,1,1000,1000,50465,31,31,1,23,15,1,1,17.579254726006184,0.1095440490025794
von_mises-iid-n1000-d32-seed42,synthetic,von_mises,iid,score_sg_antihub,1000,32,42.0,False,2,50,49,True,1.0,1,1000,1000,50465,31,31,1,23,15,1,1,17.579254726006184,0.1070413590059615
von_mises-separated-n1000-d32-seed42,synthetic,von_mises,separated_clusters,approx_knn_only,1000,32,42.0,False,2,50,49,False,0.0,6,167,166,50000,0,31,3,13,13,1,1,0.3341020419902634,0.1133514030079823
von_mises-separated-n1000-d32-seed42,synthetic,von_mises,separated_clusters,random_sqrt_clique,1000,32,42.0,False,2,50,49,True,1.0,1,1000,1000,50465,31,31,3,13,13,1,1,0.3341020419902634,0.1197185360069852
von_mises-separated-n1000-d32-seed42,synthetic,von_mises,separated_clusters,score_sg_antihub,1000,32,42.0,False,2,50,49,True,1.0,1,1000,1000,50465,31,31,3,13,13,1,1,0.3341020419902634,0.1131427679938497
von_mises-iid-n1000-d64-seed42,synthetic,von_mises,iid,approx_knn_only,1000,64,42.0,False,2,50,49,True,1.0,1,1000,1000,50000,0,31,0,35,31,1,1,17.589819307992002,0.1211636650114087
von_mises-iid-n1000-d64-seed42,synthetic,von_mises,iid,random_sqrt_clique,1000,64,42.0,False,2,50,49,True,1.0,1,1000,1000,50465,31,31,0,35,31,1,1,17.589819307992002,0.1123256599967135
von_mises-iid-n1000-d64-seed42,synthetic,von_mises,iid,score_sg_antihub,1000,64,42.0,False,2,50,49,True,1.0,1,1000,1000,50465,31,31,0,35,31,1,1,17.589819307992002,0.1118845409946516
von_mises-separated-n1000-d64-seed42,synthetic,von_mises,separated_clusters,approx_knn_only,1000,64,42.0,False,2,50,49,False,0.0,6,167,166,50000,0,31,3,10,2,1,1,0.342123239999637,0.1125590120063861
von_mises-separated-n1000-d64-seed42,synthetic,von_mises,separated_clusters,random_sqrt_clique,1000,64,42.0,False,2,50,49,True,1.0,1,1000,1000,50465,31,31,3,10,2,1,1,0.342123239999637,0.1067963220120873
von_mises-separated-n1000-d64-seed42,synthetic,von_mises,separated_clusters,score_sg_antihub,1000,64,42.0,False,2,50,49,True,1.0,1,1000,1000,50465,31,31,3,10,2,1,1,0.342123239999637,0.1163773290027165
von_mises-iid-n1000-d128-seed42,synthetic,von_mises,iid,approx_knn_only,1000,128,42.0,False,2,50,49,True,1.0,1,1000,1000,50000,0,31,0,52,31,1,1,17.637987572001293,0.1133794829947874
von_mises-iid-n1000-d128-seed42,synthetic,von_mises,iid,random_sqrt_clique,1000,128,42.0,False,2,50,49,True,1.0,1,1000,1000,50465,31,31,0,52,31,1,1,17.637987572001293,0.1074642260064138
von_mises-iid-n1000-d128-seed42,synthetic,von_mises,iid,score_sg_antihub,1000,128,42.0,False,2,50,49,True,1.0,1,1000,1000,50465,31,31,0,52,31,1,1,17.637987572001293,0.1083181010035332
von_mises-separated-n1000-d128-seed42,synthetic,von_mises,separated_clusters,approx_knn_only,1000,128,42.0,False,2,50,49,False,0.0,6,167,166,50000,0,31,2,5,4,1,1,0.3485645920009119,0.1165047119866358
von_mises-separated-n1000-d128-seed42,synthetic,von_mises,separated_clusters,random_sqrt_clique,1000,128,42.0,False,2,50,49,True,1.0,1,1000,1000,50465,31,31,2,5,4,1,1,0.3485645920009119,0.1109588440012885
von_mises-separated-n1000-d128-seed42,synthetic,von_mises,separated_clusters,score_sg_antihub,1000,128,42.0,False,2,50,49,True,1.0,1,1000,1000,50465,31,31,2,5,4,1,1,0.3485645920009119,0.1132102679985109
von_mises-iid-n5000-d2-seed42,synthetic,von_mises,iid,approx_knn_only,5000,2,42.0,False,2,50,49,True,1.0,1,5000,5000,250000,0,70,21,5,5,1,1,18.416993725011707,0.562425774987787
von_mises-iid-n5000-d2-seed42,synthetic,von_mises,iid,random_sqrt_clique,5000,2,42.0,False,2,50,49,True,1.0,1,5000,5000,252415,70,70,21,5,5,1,1,18.416993725011707,0.5734978789987508
von_mises-iid-n5000-d2-seed42,synthetic,von_mises,iid,score_sg_antihub,5000,2,42.0,False,2,50,49,True,1.0,1,5000,5000,252415,70,70,21,5,5,1,1,18.416993725011707,0.571928065008251
von_mises-separated-n5000-d2-seed42,synthetic,von_mises,separated_clusters,approx_knn_only,5000,2,42.0,False,2,50,49,False,0.0,4,1668,833,250000,0,70,10,7,7,1,1,1.1127310729934834,0.6401599480013829
von_mises-separated-n5000-d2-seed42,synthetic,von_mises,separated_clusters,random_sqrt_clique,5000,2,42.0,False,2,50,49,True,1.0,1,5000,5000,252415,70,70,10,7,7,1,1,1.1127310729934834,0.5912236089934595
von_mises-separated-n5000-d2-seed42,synthetic,von_mises,separated_clusters,score_sg_antihub,5000,2,42.0,False,2,50,49,True,1.0,1,5000,5000,252415,70,70,10,7,7,1,1,1.1127310729934834,0.5630253639974399
von_mises-iid-n5000-d10-seed42,synthetic,von_mises,iid,approx_knn_only,5000,10,42.0,False,2,50,49,True,1.0,1,5000,5000,250000,0,70,2,31,25,1,1,18.788302457003734,0.5593629690119997
von_mises-iid-n5000-d10-seed42,synthetic,von_mises,iid,random_sqrt_clique,5000,10,42.0,False,2,50,49,True,1.0,1,5000,5000,252415,70,70,2,31,25,1,1,18.788302457003734,0.5375521609967109
von_mises-iid-n5000-d10-seed42,synthetic,von_mises,iid,score_sg_antihub,5000,10,42.0,False,2,50,49,True,1.0,1,5000,5000,252415,70,70,2,31,25,1,1,18.788302457003734,0.5619825739995576
von_mises-separated-n5000-d10-seed42,synthetic,von_mises,separated_clusters,approx_knn_only,5000,10,42.0,False,2,50,49,False,0.0,6,834,833,250000,0,70,2,45,16,1,1,1.1064902090001851,0.7227421010029502
von_mises-separated-n5000-d10-seed42,synthetic,von_mises,separated_clusters,random_sqrt_clique,5000,10,42.0,False,2,50,49,True,1.0,1,5000,5000,252415,70,70,2,45,16,1,1,1.1064902090001851,0.5663252930098679
von_mises-separated-n5000-d10-seed42,synthetic,von_mises,separated_clusters,score_sg_antihub,5000,10,42.0,False,2,50,49,True,1.0,1,5000,5000,252415,70,70,2,45,16,1,1,1.1064902090001851,0.6274321079981746
von_mises-iid-n5000-d32-seed42,synthetic,von_mises,iid,approx_knn_only,5000,32,42.0,False,2,50,49,True,1.0,1,5000,5000,250000,0,70,0,127,70,1,1,18.64615879699704,0.580274460997316
von_mises-iid-n5000-d32-seed42,synthetic,von_mises,iid,random_sqrt_clique,5000,32,42.0,False,2,50,49,True,1.0,1,5000,5000,252415,70,70,0,127,70,1,1,18.64615879699704,0.5606972340028733
von_mises-iid-n5000-d32-seed42,synthetic,von_mises,iid,score_sg_antihub,5000,32,42.0,False,2,50,49,True,1.0,1,5000,5000,252415,70,70,0,127,70,1,1,18.64615879699704,0.595864894989063
von_mises-separated-n5000-d32-seed42,synthetic,von_mises,separated_clusters,approx_knn_only,5000,32,42.0,False,2,50,49,False,0.0,6,834,833,250000,0,70,0,89,70,1,1,1.0769911240058718,0.6573061590024736
von_mises-separated-n5000-d32-seed42,synthetic,von_mises,separated_clusters,random_sqrt_clique,5000,32,42.0,False,2,50,49,True,1.0,1,5000,5000,252415,70,70,0,89,70,1,1,1.0769911240058718,0.5576905060006538
von_mises-separated-n5000-d32-seed42,synthetic,von_mises,separated_clusters,score_sg_antihub,5000,32,42.0,False,2,50,49,True,1.0,1,5000,5000,252415,70,70,0,89,70,1,1,1.0769911240058718,0.5594105320051312
von_mises-iid-n5000-d64-seed42,synthetic,von_mises,iid,approx_knn_only,5000,64,42.0,False,2,50,49,True,1.0,1,5000,5000,250000,0,70,0,283,70,1,1,18.61273104000429,0.5701058749982622
von_mises-iid-n5000-d64-seed42,synthetic,von_mises,iid,random_sqrt_clique,5000,64,42.0,False,2,50,49,True,1.0,1,5000,5000,252415,70,70,0,283,70,1,1,18.61273104000429,0.554666386989993
von_mises-iid-n5000-d64-seed42,synthetic,von_mises,iid,score_sg_antihub,5000,64,42.0,False,2,50,49,True,1.0,1,5000,5000,252415,70,70,0,283,70,1,1,18.61273104000429,0.5870151120034279
von_mises-separated-n5000-d64-seed42,synthetic,von_mises,separated_clusters,approx_knn_only,5000,64,42.0,False,2,50,49,False,0.0,6,834,833,250000,0,70,0,169,70,1,1,1.161080727004446,0.6456045380036812
von_mises-separated-n5000-d64-seed42,synthetic,von_mises,separated_clusters,random_sqrt_clique,5000,64,42.0,False,2,50,49,True,1.0,1,5000,5000,252415,70,70,0,169,70,1,1,1.161080727004446,0.548592937993817
von_mises-separated-n5000-d64-seed42,synthetic,von_mises,separated_clusters,score_sg_antihub,5000,64,42.0,False,2,50,49,True,1.0,1,5000,5000,252415,70,70,0,169,70,1,1,1.161080727004446,0.5616818359994795
von_mises-iid-n5000-d128-seed42,synthetic,von_mises,iid,approx_knn_only,5000,128,42.0,False,2,50,49,True,1.0,1,5000,5000,250000,0,70,0,457,70,1,1,18.798046191004687,0.5622501410107361
von_mises-iid-n5000-d128-seed42,synthetic,von_mises,iid,random_sqrt_clique,5000,128,42.0,False,2,50,49,True,1.0,1,5000,5000,252415,70,70,0,457,70,1,1,18.798046191004687,0.5730427959933877
von_mises-iid-n5000-d128-seed42,synthetic,von_mises,iid,score_sg_antihub,5000,128,42.0,False,2,50,49,True,1.0,1,5000,5000,252415,70,70,0,457,70,1,1,18.798046191004687,0.6314779739914229
von_mises-separated-n5000-d128-seed42,synthetic,von_mises,separated_clusters,approx_knn_only,5000,128,42.0,False,2,50,49,False,0.0,6,834,833,250000,0,70,0,215,70,1,1,1.253666566000902,0.6293686619901564
von_mises-separated-n5000-d128-seed42,synthetic,von_mises,separated_clusters,random_sqrt_clique,5000,128,42.0,False,2,50,49,True,1.0,1,5000,5000,252415,70,70,0,215,70,1,1,1.253666566000902,0.5635843150084838
von_mises-separated-n5000-d128-seed42,synthetic,von_mises,separated_clusters,score_sg_antihub,5000,128,42.0,False,2,50,49,True,1.0,1,5000,5000,252415,70,70,0,215,70,1,1,1.253666566000902,0.5754245739954058
von_mises-iid-n10000-d2-seed42,synthetic,von_mises,iid,approx_knn_only,10000,2,42.0,False,2,50,49,True,1.0,1,10000,10000,500000,0,100,25,12,4,1,1,19.87912299399613,1.191336357005639
von_mises-iid-n10000-d2-seed42,synthetic,von_mises,iid,random_sqrt_clique,10000,2,42.0,False,2,50,49,True,1.0,1,10000,10000,504950,100,100,25,12,4,1,1,19.87912299399613,1.434374194999691
von_mises-iid-n10000-d2-seed42,synthetic,von_mises,iid,score_sg_antihub,10000,2,42.0,False,2,50,49,True,1.0,1,10000,10000,504950,100,100,25,12,4,1,1,19.87912299399613,1.509846737011685
von_mises-separated-n10000-d2-seed42,synthetic,von_mises,separated_clusters,approx_knn_only,10000,2,42.0,False,2,50,49,False,0.0,5,3334,1666,500000,0,100,10,16,14,1,1,2.824382275997777,1.2255370909988414
von_mises-separated-n10000-d2-seed42,synthetic,von_mises,separated_clusters,random_sqrt_clique,10000,2,42.0,False,2,50,49,True,1.0,1,10000,10000,504950,100,100,10,16,14,1,1,2.824382275997777,1.206876749987714
von_mises-separated-n10000-d2-seed42,synthetic,von_mises,separated_clusters,score_sg_antihub,10000,2,42.0,False,2,50,49,True,1.0,1,10000,10000,504950,100,100,10,16,14,1,1,2.824382275997777,1.2179251490015304
von_mises-iid-n10000-d10-seed42,synthetic,von_mises,iid,approx_knn_only,10000,10,42.0,False,2,50,49,True,1.0,1,10000,10000,500000,0,100,2,59,22,1,1,19.83746433899796,1.2163299320091028
von_mises-iid-n10000-d10-seed42,synthetic,von_mises,iid,random_sqrt_clique,10000,10,42.0,False,2,50,49,True,1.0,1,10000,10000,504950,100,100,2,59,22,1,1,19.83746433899796,1.1486628490092698
von_mises-iid-n10000-d10-seed42,synthetic,von_mises,iid,score_sg_antihub,10000,10,42.0,False,2,50,49,True,1.0,1,10000,10000,504950,100,100,2,59,22,1,1,19.83746433899796,1.1283921120048035
von_mises-separated-n10000-d10-seed42,synthetic,von_mises,separated_clusters,approx_knn_only,10000,10,42.0,False,2,50,49,False,0.0,6,1667,1666,500000,0,100,1,65,64,1,1,2.214954283001134,1.147096871995018
von_mises-separated-n10000-d10-seed42,synthetic,von_mises,separated_clusters,random_sqrt_clique,10000,10,42.0,False,2,50,49,True,1.0,1,10000,10000,504950,100,100,1,65,64,1,1,2.214954283001134,1.1792395879892863
von_mises-separated-n10000-d10-seed42,synthetic,von_mises,separated_clusters,score_sg_antihub,10000,10,42.0,False,2,50,49,True,1.0,1,10000,10000,504950,100,100,1,65,64,1,1,2.214954283001134,1.2567936010018457
von_mises-iid-n10000-d32-seed42,synthetic,von_mises,iid,approx_knn_only,10000,32,42.0,False,2,50,49,True,1.0,1,10000,10000,500000,0,100,0,269,100,1,1,19.85852542099019,1.1412147939990973
von_mises-iid-n10000-d32-seed42,synthetic,von_mises,iid,random_sqrt_clique,10000,32,42.0,False,2,50,49,True,1.0,1,10000,10000,504950,100,100,0,269,100,1,1,19.85852542099019,1.157116782007506
von_mises-iid-n10000-d32-seed42,synthetic,von_mises,iid,score_sg_antihub,10000,32,42.0,False,2,50,49,True,1.0,1,10000,10000,504950,100,100,0,269,100,1,1,19.85852542099019,1.2454402230068808
von_mises-separated-n10000-d32-seed42,synthetic,von_mises,separated_clusters,approx_knn_only,10000,32,42.0,False,2,50,49,False,0.0,6,1667,1666,500000,0,100,0,216,100,1,1,2.1797949699976016,1.2318054320057854
von_mises-separated-n10000-d32-seed42,synthetic,von_mises,separated_clusters,random_sqrt_clique,10000,32,42.0,False,2,50,49,True,1.0,1,10000,10000,504950,100,100,0,216,100,1,1,2.1797949699976016,1.1689478600019356
von_mises-separated-n10000-d32-seed42,synthetic,von_mises,separated_clusters,score_sg_antihub,10000,32,42.0,False,2,50,49,True,1.0,1,10000,10000,504950,100,100,0,216,100,1,1,2.1797949699976016,1.1234783409890952
von_mises-iid-n10000-d64-seed42,synthetic,von_mises,iid,approx_knn_only,10000,64,42.0,False,2,50,49,True,1.0,1,10000,10000,500000,0,100,0,639,100,1,1,20.14395728499221,1.148578316991916
von_mises-iid-n10000-d64-seed42,synthetic,von_mises,iid,random_sqrt_clique,10000,64,42.0,False,2,50,49,True,1.0,1,10000,10000,504950,100,100,0,639,100,1,1,20.14395728499221,1.0800467470107833
von_mises-iid-n10000-d64-seed42,synthetic,von_mises,iid,score_sg_antihub,10000,64,42.0,False,2,50,49,True,1.0,1,10000,10000,504950,100,100,0,639,100,1,1,20.14395728499221,1.083216058992548
von_mises-separated-n10000-d64-seed42,synthetic,von_mises,separated_clusters,approx_knn_only,10000,64,42.0,False,2,50,49,False,0.0,6,1667,1666,500000,0,100,0,430,100,1,1,2.306135580991395,1.0719527399924118
von_mises-separated-n10000-d64-seed42,synthetic,von_mises,separated_clusters,random_sqrt_clique,10000,64,42.0,False,2,50,49,True,1.0,1,10000,10000,504950,100,100,0,430,100,1,1,2.306135580991395,1.1012005740049062
von_mises-separated-n10000-d64-seed42,synthetic,von_mises,separated_clusters,score_sg_antihub,10000,64,42.0,False,2,50,49,True,1.0,1,10000,10000,504950,100,100,0,430,100,1,1,2.306135580991395,1.175237700008438
von_mises-iid-n10000-d128-seed42,synthetic,von_mises,iid,approx_knn_only,10000,128,42.0,False,2,50,49,True,1.0,1,10000,10000,500000,0,100,0,1127,100,1,1,20.993550720988424,1.239084239001386
von_mises-iid-n10000-d128-seed42,synthetic,von_mises,iid,random_sqrt_clique,10000,128,42.0,False,2,50,49,True,1.0,1,10000,10000,504950,100,100,0,1127,100,1,1,20.993550720988424,1.1854194540064782
von_mises-iid-n10000-d128-seed42,synthetic,von_mises,iid,score_sg_antihub,10000,128,42.0,False,2,50,49,True,1.0,1,10000,10000,504950,100,100,0,1127,100,1,1,20.993550720988424,1.154743375009275
von_mises-separated-n10000-d128-seed42,synthetic,von_mises,separated_clusters,approx_knn_only,10000,128,42.0,False,2,50,49,False,0.0,6,1667,1666,500000,0,100,0,599,100,1,1,2.556479132006644,1.1607325130025856
von_mises-separated-n10000-d128-seed42,synthetic,von_mises,separated_clusters,random_sqrt_clique,10000,128,42.0,False,2,50,49,True,1.0,1,10000,10000,504950,100,100,0,599,100,1,1,2.556479132006644,1.1759753029909916
von_mises-separated-n10000-d128-seed42,synthetic,von_mises,separated_clusters,score_sg_antihub,10000,128,42.0,False,2,50,49,True,1.0,1,10000,10000,504950,100,100,0,599,100,1,1,2.556479132006644,1.2581144450086867
von_mises-iid-n25000-d2-seed42,synthetic,von_mises,iid,approx_knn_only,25000,2,42.0,False,2,50,49,True,1.0,1,25000,25000,1250000,0,158,30,18,1,1,1,22.27421305900498,2.861611009007902
von_mises-iid-n25000-d2-seed42,synthetic,von_mises,iid,random_sqrt_clique,25000,2,42.0,False,2,50,49,True,1.0,1,25000,25000,1262403,158,158,30,18,1,1,1,22.27421305900498,2.9523821539914934
von_mises-iid-n25000-d2-seed42,synthetic,von_mises,iid,score_sg_antihub,25000,2,42.0,False,2,50,49,True,1.0,1,25000,25000,1262403,158,158,30,18,1,1,1,22.27421305900498,2.942647871997906
von_mises-separated-n25000-d2-seed42,synthetic,von_mises,separated_clusters,approx_knn_only,25000,2,42.0,False,2,50,49,False,0.0,3,12499,4167,1250000,0,158,12,32,21,1,1,5.109903043005033,3.009003040002426
von_mises-separated-n25000-d2-seed42,synthetic,von_mises,separated_clusters,random_sqrt_clique,25000,2,42.0,False,2,50,49,True,1.0,1,25000,25000,1262403,158,158,12,32,21,1,1,5.109903043005033,2.9672080659947824
von_mises-separated-n25000-d2-seed42,synthetic,von_mises,separated_clusters,score_sg_antihub,25000,2,42.0,False,2,50,49,True,1.0,1,25000,25000,1262403,158,158,12,32,21,1,1,5.109903043005033,3.0076558899891097
von_mises-iid-n25000-d10-seed42,synthetic,von_mises,iid,approx_knn_only,25000,10,42.0,False,2,50,49,True,1.0,1,25000,25000,1250000,0,158,2,108,31,1,1,23.033425955989514,2.937216364996857
von_mises-iid-n25000-d10-seed42,synthetic,von_mises,iid,random_sqrt_clique,25000,10,42.0,False,2,50,49,True,1.0,1,25000,25000,1262403,158,158,2,108,31,1,1,23.033425955989514,2.9769367590051843
von_mises-iid-n25000-d10-seed42,synthetic,von_mises,iid,score_sg_antihub,25000,10,42.0,False,2,50,49,True,1.0,1,25000,25000,1262403,158,158,2,108,31,1,1,23.033425955989514,2.864606553994236
von_mises-separated-n25000-d10-seed42,synthetic,von_mises,separated_clusters,approx_knn_only,25000,10,42.0,False,2,50,49,False,0.0,6,4167,4166,1250000,0,158,1,122,68,1,1,5.230404645990348,2.874670430988772
von_mises-separated-n25000-d10-seed42,synthetic,von_mises,separated_clusters,random_sqrt_clique,25000,10,42.0,False,2,50,49,True,1.0,1,25000,25000,1262403,158,158,1,122,68,1,1,5.230404645990348,2.9093164929945488
von_mises-separated-n25000-d10-seed42,synthetic,von_mises,separated_clusters,score_sg_antihub,25000,10,42.0,False,2,50,49,True,1.0,1,25000,25000,1262403,158,158,1,122,68,1,1,5.230404645990348,2.9762532919994555
von_mises-iid-n25000-d32-seed42,synthetic,von_mises,iid,approx_knn_only,25000,32,42.0,False,2,50,49,True,1.0,1,25000,25000,1250000,0,158,0,744,158,1,1,23.87574198099901,2.9542489020095672
von_mises-iid-n25000-d32-seed42,synthetic,von_mises,iid,random_sqrt_clique,25000,32,42.0,False,2,50,49,True,1.0,1,25000,25000,1262403,158,158,0,744,158,1,1,23.87574198099901,2.940800220996607
von_mises-iid-n25000-d32-seed42,synthetic,von_mises,iid,score_sg_antihub,25000,32,42.0,False,2,50,49,True,1.0,1,25000,25000,1262403,158,158,0,744,158,1,1,23.87574198099901,2.8293576659925748
von_mises-separated-n25000-d32-seed42,synthetic,von_mises,separated_clusters,approx_knn_only,25000,32,42.0,False,2,50,49,False,0.0,6,4167,4166,1250000,0,158,0,728,158,1,1,5.232891670995741,2.8631704580038786
von_mises-separated-n25000-d32-seed42,synthetic,von_mises,separated_clusters,random_sqrt_clique,25000,32,42.0,False,2,50,49,True,1.0,1,25000,25000,1262403,158,158,0,728,158,1,1,5.232891670995741,2.932895122998161
von_mises-separated-n25000-d32-seed42,synthetic,von_mises,separated_clusters,score_sg_antihub,25000,32,42.0,False,2,50,49,True,1.0,1,25000,25000,1262403,158,158,0,728,158,1,1,5.232891670995741,2.9576390870061005
von_mises-iid-n25000-d64-seed42,synthetic,von_mises,iid,approx_knn_only,25000,64,42.0,False,2,50,49,True,1.0,1,25000,25000,1250000,0,158,0,1879,158,1,1,24.55998551400262,2.9466464139986783
von_mises-iid-n25000-d64-seed42,synthetic,von_mises,iid,random_sqrt_clique,25000,64,42.0,False,2,50,49,True,1.0,1,25000,25000,1262403,158,158,0,1879,158,1,1,24.55998551400262,2.981364029998076
von_mises-iid-n25000-d64-seed42,synthetic,von_mises,iid,score_sg_antihub,25000,64,42.0,False,2,50,49,True,1.0,1,25000,25000,1262403,158,158,0,1879,158,1,1,24.55998551400262,2.961108734991285
von_mises-separated-n25000-d64-seed42,synthetic,von_mises,separated_clusters,approx_knn_only,25000,64,42.0,False,2,50,49,False,0.0,6,4167,4166,1250000,0,158,0,1393,158,1,1,6.053927379995002,2.998537693012622
von_mises-separated-n25000-d64-seed42,synthetic,von_mises,separated_clusters,random_sqrt_clique,25000,64,42.0,False,2,50,49,True,1.0,1,25000,25000,1262403,158,158,0,1393,158,1,1,6.053927379995002,3.0024403569987044
von_mises-separated-n25000-d64-seed42,synthetic,von_mises,separated_clusters,score_sg_antihub,25000,64,42.0,False,2,50,49,True,1.0,1,25000,25000,1262403,158,158,0,1393,158,1,1,6.053927379995002,2.87632433300314
von_mises-iid-n25000-d128-seed42,synthetic,von_mises,iid,approx_knn_only,25000,128,42.0,False,2,50,49,True,1.0,1,25000,25000,1250000,0,158,0,3636,158,1,1,26.26336225599516,3.1372692809964065
von_mises-iid-n25000-d128-seed42,synthetic,von_mises,iid,random_sqrt_clique,25000,128,42.0,False,2,50,49,True,1.0,1,25000,25000,1262403,158,158,0,3636,158,1,1,26.26336225599516,3.211732014999143
von_mises-iid-n25000-d128-seed42,synthetic,von_mises,iid,score_sg_antihub,25000,128,42.0,False,2,50,49,True,1.0,1,25000,25000,1262403,158,158,0,3636,158,1,1,26.26336225599516,2.9933962450013496
von_mises-separated-n25000-d128-seed42,synthetic,von_mises,separated_clusters,approx_knn_only,25000,128,42.0,False,2,50,49,False,0.0,6,4167,4166,1250000,0,158,0,2171,158,1,1,7.336086669994984,2.9640461759991013
von_mises-separated-n25000-d128-seed42,synthetic,von_mises,separated_clusters,random_sqrt_clique,25000,128,42.0,False,2,50,49,True,1.0,1,25000,25000,1262403,158,158,0,2171,158,1,1,7.336086669994984,3.049287229005131
von_mises-separated-n25000-d128-seed42,synthetic,von_mises,separated_clusters,score_sg_antihub,25000,128,42.0,False,2,50,49,True,1.0,1,25000,25000,1262403,158,158,0,2171,158,1,1,7.336086669994984,3.053929002009681
von_mises-iid-n50000-d2-seed42,synthetic,von_mises,iid,approx_knn_only,50000,2,42.0,False,2,50,49,True,1.0,1,50000,50000,2500000,0,223,31,15,2,1,1,27.37036034700577,6.133957889003796
von_mises-iid-n50000-d2-seed42,synthetic,von_mises,iid,random_sqrt_clique,50000,2,42.0,False,2,50,49,True,1.0,1,50000,50000,2524753,223,223,31,15,2,1,1,27.37036034700577,6.089452453001286
von_mises-iid-n50000-d2-seed42,synthetic,von_mises,iid,score_sg_antihub,50000,2,42.0,False,2,50,49,True,1.0,1,50000,50000,2524753,223,223,31,15,2,1,1,27.37036034700577,6.1793573050090345
von_mises-separated-n50000-d2-seed42,synthetic,von_mises,separated_clusters,approx_knn_only,50000,2,42.0,False,2,50,49,False,0.0,4,16667,8333,2500000,0,223,14,25,18,1,1,10.055967460997635,6.204150190009386
von_mises-separated-n50000-d2-seed42,synthetic,von_mises,separated_clusters,random_sqrt_clique,50000,2,42.0,False,2,50,49,True,1.0,1,50000,50000,2524753,223,223,14,25,18,1,1,10.055967460997635,6.2409963629907
von_mises-separated-n50000-d2-seed42,synthetic,von_mises,separated_clusters,score_sg_antihub,50000,2,42.0,False,2,50,49,True,1.0,1,50000,50000,2524753,223,223,14,25,18,1,1,10.055967460997635,6.401673298008973
von_mises-iid-n50000-d10-seed42,synthetic,von_mises,iid,approx_knn_only,50000,10,42.0,False,2,50,49,True,1.0,1,50000,50000,2500000,0,223,2,158,37,1,1,29.24792186700506,5.857331154998974
von_mises-iid-n50000-d10-seed42,synthetic,von_mises,iid,random_sqrt_clique,50000,10,42.0,False,2,50,49,True,1.0,1,50000,50000,2524753,223,223,2,158,37,1,1,29.24792186700506,5.985565403010696
von_mises-iid-n50000-d10-seed42,synthetic,von_mises,iid,score_sg_antihub,50000,10,42.0,False,2,50,49,True,1.0,1,50000,50000,2524753,223,223,2,158,37,1,1,29.24792186700506,5.971791101997951
von_mises-separated-n50000-d10-seed42,synthetic,von_mises,separated_clusters,approx_knn_only,50000,10,42.0,False,2,50,49,False,0.0,6,8334,8333,2500000,0,223,1,241,111,2,2,11.313699762002216,5.943583653992391
von_mises-separated-n50000-d10-seed42,synthetic,von_mises,separated_clusters,random_sqrt_clique,50000,10,42.0,False,2,50,49,True,1.0,1,50000,50000,2524753,223,223,1,241,111,2,2,11.313699762002216,6.098143834999064
von_mises-separated-n50000-d10-seed42,synthetic,von_mises,separated_clusters,score_sg_antihub,50000,10,42.0,False,2,50,49,True,1.0,1,50000,50000,2524753,223,223,1,241,111,2,2,11.313699762002216,5.962588661001064
von_mises-iid-n50000-d32-seed42,synthetic,von_mises,iid,approx_knn_only,50000,32,42.0,False,2,50,49,True,1.0,1,50000,50000,2500000,0,223,0,1587,223,1,1,31.05302166499314,6.053966937994119
von_mises-iid-n50000-d32-seed42,synthetic,von_mises,iid,random_sqrt_clique,50000,32,42.0,False,2,50,49,True,1.0,1,50000,50000,2524753,223,223,0,1587,223,1,1,31.05302166499314,6.1704504119989
von_mises-iid-n50000-d32-seed42,synthetic,von_mises,iid,score_sg_antihub,50000,32,42.0,False,2,50,49,True,1.0,1,50000,50000,2524753,223,223,0,1587,223,1,1,31.05302166499314,6.04317034399719
von_mises-separated-n50000-d32-seed42,synthetic,von_mises,separated_clusters,approx_knn_only,50000,32,42.0,False,2,50,49,False,0.0,6,8334,8333,2500000,0,223,0,1429,223,1,1,11.69599682300759,5.999021580995759
von_mises-separated-n50000-d32-seed42,synthetic,von_mises,separated_clusters,random_sqrt_clique,50000,32,42.0,False,2,50,49,True,1.0,1,50000,50000,2524753,223,223,0,1429,223,1,1,11.69599682300759,6.106462883995846
von_mises-separated-n50000-d32-seed42,synthetic,von_mises,separated_clusters,score_sg_antihub,50000,32,42.0,False,2,50,49,True,1.0,1,50000,50000,2524753,223,223,0,1429,223,1,1,11.69599682300759,6.096248879999621
von_mises-iid-n50000-d64-seed42,synthetic,von_mises,iid,approx_knn_only,50000,64,42.0,False,2,50,49,True,1.0,1,50000,50000,2500000,0,223,0,4284,223,1,1,33.49905731300532,5.973615612994763
von_mises-iid-n50000-d64-seed42,synthetic,von_mises,iid,random_sqrt_clique,50000,64,42.0,False,2,50,49,True,1.0,1,50000,50000,2524753,223,223,0,4284,223,1,1,33.49905731300532,6.016335099004209
von_mises-iid-n50000-d64-seed42,synthetic,von_mises,iid,score_sg_antihub,50000,64,42.0,False,2,50,49,True,1.0,1,50000,50000,2524753,223,223,0,4284,223,1,1,33.49905731300532,5.986992942998768
von_mises-separated-n50000-d64-seed42,synthetic,von_mises,separated_clusters,approx_knn_only,50000,64,42.0,False,2,50,49,False,0.0,6,8334,8333,2500000,0,223,0,3279,223,1,1,12.86055156600196,6.10306865000166
von_mises-separated-n50000-d64-seed42,synthetic,von_mises,separated_clusters,random_sqrt_clique,50000,64,42.0,False,2,50,49,True,1.0,1,50000,50000,2524753,223,223,0,3279,223,1,1,12.86055156600196,5.951728978994652
von_mises-separated-n50000-d64-seed42,synthetic,von_mises,separated_clusters,score_sg_antihub,50000,64,42.0,False,2,50,49,True,1.0,1,50000,50000,2524753,223,223,0,3279,223,1,1,12.86055156600196,6.15822344100161
von_mises-iid-n50000-d128-seed42,synthetic,von_mises,iid,approx_knn_only,50000,128,42.0,False,2,50,49,True,1.0,1,50000,50000,2500000,0,223,0,8661,223,1,2,37.90031085400551,6.358827028001542
von_mises-iid-n50000-d128-seed42,synthetic,von_mises,iid,random_sqrt_clique,50000,128,42.0,False,2,50,49,True,1.0,1,50000,50000,2524753,223,223,0,8661,223,1,2,37.90031085400551,6.358948820008664
von_mises-iid-n50000-d128-seed42,synthetic,von_mises,iid,score_sg_antihub,50000,128,42.0,False,2,50,49,True,1.0,1,50000,50000,2524753,223,223,0,8661,223,1,2,37.90031085400551,6.336598750000121
von_mises-separated-n50000-d128-seed42,synthetic,von_mises,separated_clusters,approx_knn_only,50000,128,42.0,False,2,50,49,False,0.0,6,8334,8333,2500000,0,223,0,5428,223,1,1,16.166375258995686,6.36605880400748
von_mises-separated-n50000-d128-seed42,synthetic,von_mises,separated_clusters,random_sqrt_clique,50000,128,42.0,False,2,50,49,True,1.0,1,50000,50000,2524753,223,223,0,5428,223,1,1,16.166375258995686,6.330672433003201
von_mises-separated-n50000-d128-seed42,synthetic,von_mises,separated_clusters,score_sg_antihub,50000,128,42.0,False,2,50,49,True,1.0,1,50000,50000,2524753,223,223,0,5428,223,1,1,16.166375258995686,6.30232562799938
von_mises-iid-n100000-d2-seed42,synthetic,von_mises,iid,approx_knn_only,100000,2,42.0,False,2,50,49,True,1.0,1,100000,100000,5000000,0,316,33,45,30,1,1,37.192872924002586,12.743273974003388
von_mises-iid-n100000-d2-seed42,synthetic,von_mises,iid,random_sqrt_clique,100000,2,42.0,False,2,50,49,True,1.0,1,100000,100000,5049770,316,316,33,45,30,1,1,37.192872924002586,12.83026809101284
von_mises-iid-n100000-d2-seed42,synthetic,von_mises,iid,score_sg_antihub,100000,2,42.0,False,2,50,49,True,1.0,1,100000,100000,5049770,316,316,33,45,30,1,1,37.192872924002586,12.88205048101372
von_mises-separated-n100000-d2-seed42,synthetic,von_mises,separated_clusters,approx_knn_only,100000,2,42.0,False,2,50,49,True,1.0,1,100000,100000,5000000,0,316,16,40,18,1,1,20.47197889900417,13.52525046899973
von_mises-separated-n100000-d2-seed42,synthetic,von_mises,separated_clusters,random_sqrt_clique,100000,2,42.0,False,2,50,49,True,1.0,1,100000,100000,5049770,316,316,16,40,18,1,1,20.47197889900417,13.435263370003668
von_mises-separated-n100000-d2-seed42,synthetic,von_mises,separated_clusters,score_sg_antihub,100000,2,42.0,False,2,50,49,True,1.0,1,100000,100000,5049770,316,316,16,40,18,1,1,20.47197889900417,13.318973036002715
von_mises-iid-n100000-d10-seed42,synthetic,von_mises,iid,approx_knn_only,100000,10,42.0,False,2,50,49,True,1.0,1,100000,100000,5000000,0,316,2,279,18,1,1,40.82094724899798,12.787946595999529
von_mises-iid-n100000-d10-seed42,synthetic,von_mises,iid,random_sqrt_clique,100000,10,42.0,False,2,50,49,True,1.0,1,100000,100000,5049770,316,316,2,279,18,1,1,40.82094724899798,13.11918115899607
von_mises-iid-n100000-d10-seed42,synthetic,von_mises,iid,score_sg_antihub,100000,10,42.0,False,2,50,49,True,1.0,1,100000,100000,5049770,316,316,2,279,18,1,1,40.82094724899798,13.167117671007873
von_mises-separated-n100000-d10-seed42,synthetic,von_mises,separated_clusters,approx_knn_only,100000,10,42.0,False,2,50,49,False,0.0,6,16667,16666,5000000,0,316,1,337,108,1,2,23.3715625449986,12.890100176009582
von_mises-separated-n100000-d10-seed42,synthetic,von_mises,separated_clusters,random_sqrt_clique,100000,10,42.0,False,2,50,49,True,1.0,1,100000,100000,5049770,316,316,1,337,108,1,2,23.3715625449986,12.781377081002574
von_mises-separated-n100000-d10-seed42,synthetic,von_mises,separated_clusters,score_sg_antihub,100000,10,42.0,False,2,50,49,True,1.0,1,100000,100000,5049770,316,316,1,337,108,1,2,23.3715625449986,12.770137309998972
von_mises-iid-n100000-d32-seed42,synthetic,von_mises,iid,approx_knn_only,100000,32,42.0,False,2,50,49,True,1.0,1,100000,100000,5000000,0,316,0,3124,316,1,1,47.62705344399728,12.206688188001865
von_mises-iid-n100000-d32-seed42,synthetic,von_mises,iid,random_sqrt_clique,100000,32,42.0,False,2,50,49,True,1.0,1,100000,100000,5049770,316,316,0,3124,316,1,1,47.62705344399728,12.418851253998582
von_mises-iid-n100000-d32-seed42,synthetic,von_mises,iid,score_sg_antihub,100000,32,42.0,False,2,50,49,True,1.0,1,100000,100000,5049770,316,316,0,3124,316,1,1,47.62705344399728,12.326046768008382
von_mises-separated-n100000-d32-seed42,synthetic,von_mises,separated_clusters,approx_knn_only,100000,32,42.0,False,2,50,49,False,0.0,6,16667,16666,5000000,0,316,0,3098,316,1,1,24.83762846099853,12.500082308994024
von_mises-separated-n100000-d32-seed42,synthetic,von_mises,separated_clusters,random_sqrt_clique,100000,32,42.0,False,2,50,49,True,1.0,1,100000,100000,5049770,316,316,0,3098,316,1,1,24.83762846099853,12.522324830992147
von_mises-separated-n100000-d32-seed42,synthetic,von_mises,separated_clusters,score_sg_antihub,100000,32,42.0,False,2,50,49,True,1.0,1,100000,100000,5049770,316,316,0,3098,316,1,1,24.83762846099853,12.35727070098801
von_mises-iid-n100000-d64-seed42,synthetic,von_mises,iid,approx_knn_only,100000,64,42.0,False,2,50,49,True,1.0,1,100000,100000,5000000,0,316,0,9576,316,1,1,53.51257473700389,13.11143812299997
von_mises-iid-n100000-d64-seed42,synthetic,von_mises,iid,random_sqrt_clique,100000,64,42.0,False,2,50,49,True,1.0,1,100000,100000,5049770,316,316,0,9576,316,1,1,53.51257473700389,13.12419055600185
von_mises-iid-n100000-d64-seed42,synthetic,von_mises,iid,score_sg_antihub,100000,64,42.0,False,2,50,49,True,1.0,1,100000,100000,5049770,316,316,0,9576,316,1,1,53.51257473700389,13.16500991700741
von_mises-separated-n100000-d64-seed42,synthetic,von_mises,separated_clusters,approx_knn_only,100000,64,42.0,False,2,50,49,False,0.0,6,16667,16666,5000000,0,316,0,7361,316,1,1,29.594425952993333,13.00348827400012
von_mises-separated-n100000-d64-seed42,synthetic,von_mises,separated_clusters,random_sqrt_clique,100000,64,42.0,False,2,50,49,True,1.0,1,100000,100000,5049770,316,316,0,7361,316,1,1,29.594425952993333,13.058923919001243
von_mises-separated-n100000-d64-seed42,synthetic,von_mises,separated_clusters,score_sg_antihub,100000,64,42.0,False,2,50,49,True,1.0,1,100000,100000,5049770,316,316,0,7361,316,1,1,29.594425952993333,13.046701981002116
von_mises-iid-n100000-d128-seed42,synthetic,von_mises,iid,approx_knn_only,100000,128,42.0,False,2,50,49,True,1.0,1,100000,100000,5000000,0,316,0,20041,316,1,1,59.41292164199695,12.293063814999186
von_mises-iid-n100000-d128-seed42,synthetic,von_mises,iid,random_sqrt_clique,100000,128,42.0,False,2,50,49,True,1.0,1,100000,100000,5049770,316,316,0,20041,316,1,1,59.41292164199695,12.3123811330006
von_mises-iid-n100000-d128-seed42,synthetic,von_mises,iid,score_sg_antihub,100000,128,42.0,False,2,50,49,True,1.0,1,100000,100000,5049770,316,316,0,20041,316,1,1,59.41292164199695,12.826872372999787
von_mises-separated-n100000-d128-seed42,synthetic,von_mises,separated_clusters,approx_knn_only,100000,128,42.0,False,2,50,49,False,0.0,6,16667,16666,5000000,0,316,0,13031,316,1,1,35.93514282100659,12.375649515990515
von_mises-separated-n100000-d128-seed42,synthetic,von_mises,separated_clusters,random_sqrt_clique,100000,128,42.0,False,2,50,49,True,1.0,1,100000,100000,5049770,316,316,0,13031,316,1,1,35.93514282100659,12.42433684800926
von_mises-separated-n100000-d128-seed42,synthetic,von_mises,separated_clusters,score_sg_antihub,100000,128,42.0,False,2,50,49,True,1.0,1,100000,100000,5049770,316,316,0,13031,316,1,1,35.93514282100659,12.500723225006368
von_mises-iid-n200000-d2-seed42,synthetic,von_mises,iid,approx_knn_only,200000,2,42.0,False,2,50,49,True,1.0,1,200000,200000,10000000,0,447,34,106,75,1,1,57.811038284999086,25.437134064006383
von_mises-iid-n200000-d2-seed42,synthetic,von_mises,iid,random_sqrt_clique,200000,2,42.0,False,2,50,49,True,1.0,1,200000,200000,10099681,447,447,34,106,75,1,1,57.811038284999086,26.10731531798956
von_mises-iid-n200000-d2-seed42,synthetic,von_mises,iid,score_sg_antihub,200000,2,42.0,False,2,50,49,True,1.0,1,200000,200000,10099681,447,447,34,106,75,1,1,57.811038284999086,25.512347147989203
von_mises-separated-n200000-d2-seed42,synthetic,von_mises,separated_clusters,approx_knn_only,200000,2,42.0,False,2,50,49,False,0.0,2,100001,99999,10000000,0,447,18,47,45,1,1,41.42139587100246,26.37971995800035
von_mises-separated-n200000-d2-seed42,synthetic,von_mises,separated_clusters,random_sqrt_clique,200000,2,42.0,False,2,50,49,True,1.0,1,200000,200000,10099681,447,447,18,47,45,1,1,41.42139587100246,26.939804013003595
von_mises-separated-n200000-d2-seed42,synthetic,von_mises,separated_clusters,score_sg_antihub,200000,2,42.0,False,2,50,49,True,1.0,1,200000,200000,10099681,447,447,18,47,45,1,1,41.42139587100246,26.745195382012756
von_mises-iid-n200000-d10-seed42,synthetic,von_mises,iid,approx_knn_only,200000,10,42.0,False,2,50,49,True,1.0,1,200000,200000,10000000,0,447,1,307,303,1,1,65.00142522099486,26.142827010000477
von_mises-iid-n200000-d10-seed42,synthetic,von_mises,iid,random_sqrt_clique,200000,10,42.0,False,2,50,49,True,1.0,1,200000,200000,10099681,447,447,1,307,303,1,1,65.00142522099486,26.237093567004194
von_mises-iid-n200000-d10-seed42,synthetic,von_mises,iid,score_sg_antihub,200000,10,42.0,False,2,50,49,True,1.0,1,200000,200000,10099681,447,447,1,307,303,1,1,65.00142522099486,26.30194626399316
von_mises-separated-n200000-d10-seed42,synthetic,von_mises,separated_clusters,approx_knn_only,200000,10,42.0,False,2,50,49,False,0.0,6,33334,33333,10000000,0,447,1,631,93,1,1,47.714929623994976,26.011344993006787
von_mises-separated-n200000-d10-seed42,synthetic,von_mises,separated_clusters,random_sqrt_clique,200000,10,42.0,False,2,50,49,True,1.0,1,200000,200000,10099681,447,447,1,631,93,1,1,47.714929623994976,26.208620985999005
von_mises-separated-n200000-d10-seed42,synthetic,von_mises,separated_clusters,score_sg_antihub,200000,10,42.0,False,2,50,49,True,1.0,1,200000,200000,10099681,447,447,1,631,93,1,1,47.714929623994976,26.38624060001166
von_mises-iid-n200000-d32-seed42,synthetic,von_mises,iid,approx_knn_only,200000,32,42.0,False,2,50,49,True,1.0,1,200000,200000,10000000,0,447,0,6194,447,2,2,82.95411071600392,28.4843074970122
von_mises-iid-n200000-d32-seed42,synthetic,von_mises,iid,random_sqrt_clique,200000,32,42.0,False,2,50,49,True,1.0,1,200000,200000,10099681,447,447,0,6194,447,2,2,82.95411071600392,28.39879167599429
von_mises-iid-n200000-d32-seed42,synthetic,von_mises,iid,score_sg_antihub,200000,32,42.0,False,2,50,49,True,1.0,1,200000,200000,10099681,447,447,0,6194,447,2,2,82.95411071600392,28.54298622701026
von_mises-separated-n200000-d32-seed42,synthetic,von_mises,separated_clusters,approx_knn_only,200000,32,42.0,False,2,50,49,False,0.0,6,33334,33333,10000000,0,447,0,6211,447,1,2,55.54149473400321,28.740252741001317
von_mises-separated-n200000-d32-seed42,synthetic,von_mises,separated_clusters,random_sqrt_clique,200000,32,42.0,False,2,50,49,True,1.0,1,200000,200000,10099681,447,447,0,6211,447,1,2,55.54149473400321,28.91941766900709
von_mises-separated-n200000-d32-seed42,synthetic,von_mises,separated_clusters,score_sg_antihub,200000,32,42.0,False,2,50,49,True,1.0,1,200000,200000,10099681,447,447,0,6211,447,1,2,55.54149473400321,28.85917858401081
von_mises-iid-n200000-d64-seed42,synthetic,von_mises,iid,approx_knn_only,200000,64,42.0,False,2,50,49,True,1.0,1,200000,200000,10000000,0,447,0,20747,447,1,1,98.59066493800492,24.77503248899302
von_mises-iid-n200000-d64-seed42,synthetic,von_mises,iid,random_sqrt_clique,200000,64,42.0,False,2,50,49,True,1.0,1,200000,200000,10099681,447,447,0,20747,447,1,1,98.59066493800492,25.458693274995312
von_mises-iid-n200000-d64-seed42,synthetic,von_mises,iid,score_sg_antihub,200000,64,42.0,False,2,50,49,True,1.0,1,200000,200000,10099681,447,447,0,20747,447,1,1,98.59066493800492,25.203944760010927
von_mises-separated-n200000-d64-seed42,synthetic,von_mises,separated_clusters,approx_knn_only,200000,64,42.0,False,2,50,49,False,0.0,6,33334,33333,10000000,0,447,0,16358,447,2,2,64.88848890300142,25.351892842008965
von_mises-separated-n200000-d64-seed42,synthetic,von_mises,separated_clusters,random_sqrt_clique,200000,64,42.0,False,2,50,49,True,1.0,1,200000,200000,10099681,447,447,0,16358,447,2,2,64.88848890300142,25.149444406997645
von_mises-separated-n200000-d64-seed42,synthetic,von_mises,separated_clusters,score_sg_antihub,200000,64,42.0,False,2,50,49,True,1.0,1,200000,200000,10099681,447,447,0,16358,447,2,2,64.88848890300142,25.161962828002288
von_mises-iid-n200000-d128-seed42,synthetic,von_mises,iid,approx_knn_only,200000,128,42.0,False,2,50,49,True,1.0,1,200000,200000,10000000,0,447,0,46240,447,1,1,105.56267698999729,25.995076480001444
von_mises-iid-n200000-d128-seed42,synthetic,von_mises,iid,random_sqrt_clique,200000,128,42.0,False,2,50,49,True,1.0,1,200000,200000,10099681,447,447,0,46240,447,1,1,105.56267698999729,26.14335451700026
von_mises-iid-n200000-d128-seed42,synthetic,von_mises,iid,score_sg_antihub,200000,128,42.0,False,2,50,49,True,1.0,1,200000,200000,10099681,447,447,0,46240,447,1,1,105.56267698999729,26.153782688998035
von_mises-separated-n200000-d128-seed42,synthetic,von_mises,separated_clusters,approx_knn_only,200000,128,42.0,False,2,50,49,False,0.0,6,33334,33333,10000000,0,447,0,30712,447,1,1,80.06748072200571,26.213391368000885
von_mises-separated-n200000-d128-seed42,synthetic,von_mises,separated_clusters,random_sqrt_clique,200000,128,42.0,False,2,50,49,True,1.0,1,200000,200000,10099681,447,447,0,30712,447,1,1,80.06748072200571,26.536922647006577
von_mises-separated-n200000-d128-seed42,synthetic,von_mises,separated_clusters,score_sg_antihub,200000,128,42.0,False,2,50,49,True,1.0,1,200000,200000,10099681,447,447,0,30712,447,1,1,80.06748072200571,26.43352523900103
von_mises-iid-n500000-d2-seed42,synthetic,von_mises,iid,approx_knn_only,500000,2,42.0,False,2,50,49,True,1.0,1,500000,500000,25000000,0,707,34,284,133,1,2,119.4840174550045,65.46232384500036
von_mises-iid-n500000-d2-seed42,synthetic,von_mises,iid,random_sqrt_clique,500000,2,42.0,False,2,50,49,True,1.0,1,500000,500000,25249571,707,707,34,284,133,1,2,119.4840174550045,68.49827919199015
von_mises-iid-n500000-d2-seed42,synthetic,von_mises,iid,score_sg_antihub,500000,2,42.0,False,2,50,49,True,1.0,1,500000,500000,25249571,707,707,34,284,133,1,2,119.4840174550045,66.46446908600046
von_mises-separated-n500000-d2-seed42,synthetic,von_mises,separated_clusters,approx_knn_only,500000,2,42.0,False,2,50,49,True,1.0,1,500000,500000,25000000,0,707,23,74,28,1,1,103.29327151000324,64.53360378500656
von_mises-separated-n500000-d2-seed42,synthetic,von_mises,separated_clusters,random_sqrt_clique,500000,2,42.0,False,2,50,49,True,1.0,1,500000,500000,25249571,707,707,23,74,28,1,1,103.29327151000324,63.83091660200444
von_mises-separated-n500000-d2-seed42,synthetic,von_mises,separated_clusters,score_sg_antihub,500000,2,42.0,False,2,50,49,True,1.0,1,500000,500000,25249571,707,707,23,74,28,1,1,103.29327151000324,64.54566467799305
von_mises-iid-n500000-d10-seed42,synthetic,von_mises,iid,approx_knn_only,500000,10,42.0,False,2,50,49,True,1.0,1,500000,500000,25000000,0,707,1,530,426,2,3,138.73447050400137,65.12697892700089
von_mises-iid-n500000-d10-seed42,synthetic,von_mises,iid,random_sqrt_clique,500000,10,42.0,False,2,50,49,True,1.0,1,500000,500000,25249571,707,707,1,530,426,2,3,138.73447050400137,64.15108893098659
von_mises-iid-n500000-d10-seed42,synthetic,von_mises,iid,score_sg_antihub,500000,10,42.0,False,2,50,49,True,1.0,1,500000,500000,25249571,707,707,1,530,426,2,3,138.73447050400137,65.08994214399718
von_mises-separated-n500000-d10-seed42,synthetic,von_mises,separated_clusters,approx_knn_only,500000,10,42.0,False,2,50,49,False,0.0,6,83334,83333,25000000,0,707,1,1055,92,2,3,121.4588774980075,65.31327799300198
von_mises-separated-n500000-d10-seed42,synthetic,von_mises,separated_clusters,random_sqrt_clique,500000,10,42.0,False,2,50,49,True,1.0,1,500000,500000,25249571,707,707,1,1055,92,2,3,121.4588774980075,65.0621464279975
von_mises-separated-n500000-d10-seed42,synthetic,von_mises,separated_clusters,score_sg_antihub,500000,10,42.0,False,2,50,49,True,1.0,1,500000,500000,25249571,707,707,1,1055,92,2,3,121.4588774980075,64.3167427849985
von_mises-iid-n500000-d32-seed42,synthetic,von_mises,iid,approx_knn_only,500000,32,42.0,False,2,50,49,True,1.0,1,500000,500000,25000000,0,707,0,14777,707,2,4,201.41372636500452,64.62885376700433
von_mises-iid-n500000-d32-seed42,synthetic,von_mises,iid,random_sqrt_clique,500000,32,42.0,False,2,50,49,True,1.0,1,500000,500000,25249571,707,707,0,14777,707,2,4,201.41372636500452,63.99029631499434
von_mises-iid-n500000-d32-seed42,synthetic,von_mises,iid,score_sg_antihub,500000,32,42.0,False,2,50,49,True,1.0,1,500000,500000,25249571,707,707,0,14777,707,2,4,201.41372636500452,64.02077623999503
von_mises-separated-n500000-d32-seed42,synthetic,von_mises,separated_clusters,approx_knn_only,500000,32,42.0,False,2,50,49,False,0.0,6,83334,83333,25000000,0,707,0,15327,707,1,2,151.6908407209994,63.69578150199959
von_mises-separated-n500000-d32-seed42,synthetic,von_mises,separated_clusters,random_sqrt_clique,500000,32,42.0,False,2,50,49,True,1.0,1,500000,500000,25249571,707,707,0,15327,707,1,2,151.6908407209994,65.12313931999961
von_mises-separated-n500000-d32-seed42,synthetic,von_mises,separated_clusters,score_sg_antihub,500000,32,42.0,False,2,50,49,True,1.0,1,500000,500000,25249571,707,707,0,15327,707,1,2,151.6908407209994,67.35875490200124
von_mises-iid-n500000-d64-seed42,synthetic,von_mises,iid,approx_knn_only,500000,64,42.0,False,2,50,49,True,1.0,1,500000,500000,25000000,0,707,0,57919,707,1,1,250.87737013600417,63.17272751100245
von_mises-iid-n500000-d64-seed42,synthetic,von_mises,iid,random_sqrt_clique,500000,64,42.0,False,2,50,49,True,1.0,1,500000,500000,25249571,707,707,0,57919,707,1,1,250.87737013600417,64.40569340900402
von_mises-iid-n500000-d64-seed42,synthetic,von_mises,iid,score_sg_antihub,500000,64,42.0,False,2,50,49,True,1.0,1,500000,500000,25249571,707,707,0,57919,707,1,1,250.87737013600417,64.3502634089964
von_mises-separated-n500000-d64-seed42,synthetic,von_mises,separated_clusters,approx_knn_only,500000,64,42.0,False,2,50,49,False,0.0,6,83334,83333,25000000,0,707,0,45858,707,1,1,195.68817078499703,64.45923378699808
von_mises-separated-n500000-d64-seed42,synthetic,von_mises,separated_clusters,random_sqrt_clique,500000,64,42.0,False,2,50,49,True,1.0,1,500000,500000,25249571,707,707,0,45858,707,1,1,195.68817078499703,63.92496609300724
von_mises-separated-n500000-d64-seed42,synthetic,von_mises,separated_clusters,score_sg_antihub,500000,64,42.0,False,2,50,49,True,1.0,1,500000,500000,25249571,707,707,0,45858,707,1,1,195.68817078499703,66.40743780700723
von_mises-iid-n500000-d128-seed42,synthetic,von_mises,iid,approx_knn_only,500000,128,42.0,False,2,50,49,True,1.0,1,500000,500000,25000000,0,707,0,135881,707,1,1,259.8865892760077,63.73613002899219
von_mises-iid-n500000-d128-seed42,synthetic,von_mises,iid,random_sqrt_clique,500000,128,42.0,False,2,50,49,True,1.0,1,500000,500000,25249571,707,707,0,135881,707,1,1,259.8865892760077,64.34621358399454
von_mises-iid-n500000-d128-seed42,synthetic,von_mises,iid,score_sg_antihub,500000,128,42.0,False,2,50,49,True,1.0,1,500000,500000,25249571,707,707,0,135881,707,1,1,259.8865892760077,64.19050633600273
von_mises-separated-n500000-d128-seed42,synthetic,von_mises,separated_clusters,approx_knn_only,500000,128,42.0,False,2,50,49,False,0.0,6,83334,83333,25000000,0,707,0,95299,707,1,1,225.85643328999868,65.54759871799615
von_mises-separated-n500000-d128-seed42,synthetic,von_mises,separated_clusters,random_sqrt_clique,500000,128,42.0,False,2,50,49,True,1.0,1,500000,500000,25249571,707,707,0,95299,707,1,1,225.85643328999868,64.68435429700185
von_mises-separated-n500000-d128-seed42,synthetic,von_mises,separated_clusters,score_sg_antihub,500000,128,42.0,False,2,50,49,True,1.0,1,500000,500000,25249571,707,707,0,95299,707,1,1,225.85643328999868,66.78864984300162
von_mises-iid-n1000000-d2-seed42,synthetic,von_mises,iid,approx_knn_only,1000000,2,42.0,False,2,50,49,True,1.0,1,1000000,1000000,50000000,0,1000,34,550,224,1,3,227.99529130698647,138.28112850800972
von_mises-iid-n1000000-d2-seed42,synthetic,von_mises,iid,random_sqrt_clique,1000000,2,42.0,False,2,50,49,True,1.0,1,1000000,1000000,50499500,1000,1000,34,550,224,1,3,227.99529130698647,137.85928655300813
von_mises-iid-n1000000-d2-seed42,synthetic,von_mises,iid,score_sg_antihub,1000000,2,42.0,False,2,50,49,True,1.0,1,1000000,1000000,50499500,1000,1000,34,550,224,1,3,227.99529130698647,140.61345703000552
von_mises-separated-n1000000-d2-seed42,synthetic,von_mises,separated_clusters,approx_knn_only,1000000,2,42.0,False,2,50,49,True,1.0,1,1000000,1000000,50000000,0,1000,26,89,49,1,1,213.13142232398968,134.12626701900444
von_mises-separated-n1000000-d2-seed42,synthetic,von_mises,separated_clusters,random_sqrt_clique,1000000,2,42.0,False,2,50,49,True,1.0,1,1000000,1000000,50499500,1000,1000,26,89,49,1,1,213.13142232398968,134.0376609810046
von_mises-separated-n1000000-d2-seed42,synthetic,von_mises,separated_clusters,score_sg_antihub,1000000,2,42.0,False,2,50,49,True,1.0,1,1000000,1000000,50499500,1000,1000,26,89,49,1,1,213.13142232398968,134.57546198001364
von_mises-iid-n1000000-d10-seed42,synthetic,von_mises,iid,approx_knn_only,1000000,10,42.0,False,2,50,49,True,1.0,1,1000000,1000000,50000000,0,1000,1,791,590,2,2,265.1968404849904,128.4812235080026
von_mises-iid-n1000000-d10-seed42,synthetic,von_mises,iid,random_sqrt_clique,1000000,10,42.0,False,2,50,49,True,1.0,1,1000000,1000000,50499500,1000,1000,1,791,590,2,2,265.1968404849904,131.5212011229887
von_mises-iid-n1000000-d10-seed42,synthetic,von_mises,iid,score_sg_antihub,1000000,10,42.0,False,2,50,49,True,1.0,1,1000000,1000000,50499500,1000,1000,1,791,590,2,2,265.1968404849904,135.4272503359971
von_mises-separated-n1000000-d10-seed42,synthetic,von_mises,separated_clusters,approx_knn_only,1000000,10,42.0,False,2,50,49,False,0.0,6,166667,166666,50000000,0,1000,1,1665,163,2,3,248.931876142,130.88047166100296
von_mises-separated-n1000000-d10-seed42,synthetic,von_mises,separated_clusters,random_sqrt_clique,1000000,10,42.0,False,2,50,49,True,1.0,1,1000000,1000000,50499500,1000,1000,1,1665,163,2,3,248.931876142,131.62576184600766
von_mises-separated-n1000000-d10-seed42,synthetic,von_mises,separated_clusters,score_sg_antihub,1000000,10,42.0,False,2,50,49,True,1.0,1,1000000,1000000,50499500,1000,1000,1,1665,163,2,3,248.931876142,130.3903151370032
von_mises-iid-n1000000-d32-seed42,synthetic,von_mises,iid,approx_knn_only,1000000,32,42.0,False,2,50,49,True,1.0,1,1000000,1000000,50000000,0,1000,0,28484,1000,1,2,413.27894111799833,130.4217519879894
von_mises-iid-n1000000-d32-seed42,synthetic,von_mises,iid,random_sqrt_clique,1000000,32,42.0,False,2,50,49,True,1.0,1,1000000,1000000,50499500,1000,1000,0,28484,1000,1,2,413.27894111799833,131.0436925630056
von_mises-iid-n1000000-d32-seed42,synthetic,von_mises,iid,score_sg_antihub,1000000,32,42.0,False,2,50,49,True,1.0,1,1000000,1000000,50499500,1000,1000,0,28484,1000,1,2,413.27894111799833,131.68867677499657
von_mises-separated-n1000000-d32-seed42,synthetic,von_mises,separated_clusters,approx_knn_only,1000000,32,42.0,False,2,50,49,False,0.0,6,166667,166666,50000000,0,1000,0,30903,1000,2,4,343.3232902860036,130.91729443499935
von_mises-separated-n1000000-d32-seed42,synthetic,von_mises,separated_clusters,random_sqrt_clique,1000000,32,42.0,False,2,50,49,True,1.0,1,1000000,1000000,50499500,1000,1000,0,30903,1000,2,4,343.3232902860036,131.8761882359977
von_mises-separated-n1000000-d32-seed42,synthetic,von_mises,separated_clusters,score_sg_antihub,1000000,32,42.0,False,2,50,49,True,1.0,1,1000000,1000000,50499500,1000,1000,0,30903,1000,2,4,343.3232902860036,130.59289137099404
von_mises-iid-n1000000-d64-seed42,synthetic,von_mises,iid,approx_knn_only,1000000,64,42.0,False,2,50,49,True,1.0,1,1000000,1000000,50000000,0,1000,0,124030,1000,1,1,536.1528093230008,127.3964080260048
von_mises-iid-n1000000-d64-seed42,synthetic,von_mises,iid,random_sqrt_clique,1000000,64,42.0,False,2,50,49,True,1.0,1,1000000,1000000,50499500,1000,1000,0,124030,1000,1,1,536.1528093230008,128.16437285899883
von_mises-iid-n1000000-d64-seed42,synthetic,von_mises,iid,score_sg_antihub,1000000,64,42.0,False,2,50,49,True,1.0,1,1000000,1000000,50499500,1000,1000,0,124030,1000,1,1,536.1528093230008,127.10849819501163
von_mises-separated-n1000000-d64-seed42,synthetic,von_mises,separated_clusters,approx_knn_only,1000000,64,42.0,False,2,50,49,False,0.0,6,166667,166666,50000000,0,1000,0,99565,1000,2,2,439.5786233319959,126.83109401300317
von_mises-separated-n1000000-d64-seed42,synthetic,von_mises,separated_clusters,random_sqrt_clique,1000000,64,42.0,False,2,50,49,True,1.0,1,1000000,1000000,50499500,1000,1000,0,99565,1000,2,2,439.5786233319959,129.650787245002
von_mises-separated-n1000000-d64-seed42,synthetic,von_mises,separated_clusters,score_sg_antihub,1000000,64,42.0,False,2,50,49,True,1.0,1,1000000,1000000,50499500,1000,1000,0,99565,1000,2,2,439.5786233319959,129.76321464699868
von_mises-iid-n1000000-d128-seed42,synthetic,von_mises,iid,approx_knn_only,1000000,128,42.0,False,2,50,49,True,1.0,1,1000000,1000000,50000000,0,1000,0,297056,1000,1,1,543.0336788559944,135.53073725599097
von_mises-iid-n1000000-d128-seed42,synthetic,von_mises,iid,random_sqrt_clique,1000000,128,42.0,False,2,50,49,True,1.0,1,1000000,1000000,50499500,1000,1000,0,297056,1000,1,1,543.0336788559944,138.11478731199168
von_mises-iid-n1000000-d128-seed42,synthetic,von_mises,iid,score_sg_antihub,1000000,128,42.0,False,2,50,49,True,1.0,1,1000000,1000000,50499500,1000,1000,0,297056,1000,1,1,543.0336788559944,137.2490365440026
von_mises-separated-n1000000-d128-seed42,synthetic,von_mises,separated_clusters,approx_knn_only,1000000,128,42.0,False,2,50,49,False,0.0,6,166667,166666,50000000,0,1000,0,220851,1000,1,1,494.86570519200177,137.00839112899848
von_mises-separated-n1000000-d128-seed42,synthetic,von_mises,separated_clusters,random_sqrt_clique,1000000,128,42.0,False,2,50,49,True,1.0,1,1000000,1000000,50499500,1000,1000,0,220851,1000,1,1,494.86570519200177,139.53122201698716
von_mises-separated-n1000000-d128-seed42,synthetic,von_mises,separated_clusters,score_sg_antihub,1000000,128,42.0,False,2,50,49,True,1.0,1,1000000,1000000,50499500,1000,1000,0,220851,1000,1,1,494.86570519200177,138.80052460700972
gumbel-iid-n1000-d2-seed42,synthetic,gumbel,iid,approx_knn_only,1000,2,42.0,False,2,50,49,True,1.0,1,1000,1000,50000,0,31,18,4,2,1,1,17.597173745001783,0.1243449000030523
gumbel-iid-n1000-d2-seed42,synthetic,gumbel,iid,random_sqrt_clique,1000,2,42.0,False,2,50,49,True,1.0,1,1000,1000,50465,31,31,18,4,2,1,1,17.597173745001783,0.1207431680086301
gumbel-iid-n1000-d2-seed42,synthetic,gumbel,iid,score_sg_antihub,1000,2,42.0,False,2,50,49,True,1.0,1,1000,1000,50465,31,31,18,4,2,1,1,17.597173745001783,0.1254014339938294
gumbel-separated-n1000-d2-seed42,synthetic,gumbel,separated_clusters,approx_knn_only,1000,2,42.0,False,2,50,49,False,0.0,6,167,166,50000,0,31,10,8,5,1,1,0.3332848999998532,0.1245898729976033
gumbel-separated-n1000-d2-seed42,synthetic,gumbel,separated_clusters,random_sqrt_clique,1000,2,42.0,False,2,50,49,True,1.0,1,1000,1000,50465,31,31,10,8,5,1,1,0.3332848999998532,0.1271770670136902
gumbel-separated-n1000-d2-seed42,synthetic,gumbel,separated_clusters,score_sg_antihub,1000,2,42.0,False,2,50,49,True,1.0,1,1000,1000,50465,31,31,10,8,5,1,1,0.3332848999998532,0.1150441549980314
gumbel-iid-n1000-d10-seed42,synthetic,gumbel,iid,approx_knn_only,1000,10,42.0,False,2,50,49,True,1.0,1,1000,1000,50000,0,31,6,17,3,1,1,17.61185158099397,0.1258163640013663
gumbel-iid-n1000-d10-seed42,synthetic,gumbel,iid,random_sqrt_clique,1000,10,42.0,False,2,50,49,True,1.0,1,1000,1000,50465,31,31,6,17,3,1,1,17.61185158099397,0.1267964160069823
gumbel-iid-n1000-d10-seed42,synthetic,gumbel,iid,score_sg_antihub,1000,10,42.0,False,2,50,49,True,1.0,1,1000,1000,50465,31,31,6,17,3,1,1,17.61185158099397,0.125347139997757
gumbel-separated-n1000-d10-seed42,synthetic,gumbel,separated_clusters,approx_knn_only,1000,10,42.0,False,2,50,49,False,0.0,6,167,166,50000,0,31,5,16,3,1,1,0.3421905519935535,0.1282605830056127
gumbel-separated-n1000-d10-seed42,synthetic,gumbel,separated_clusters,random_sqrt_clique,1000,10,42.0,False,2,50,49,True,1.0,1,1000,1000,50465,31,31,5,16,3,1,1,0.3421905519935535,0.1258064709982136
gumbel-separated-n1000-d10-seed42,synthetic,gumbel,separated_clusters,score_sg_antihub,1000,10,42.0,False,2,50,49,True,1.0,1,1000,1000,50465,31,31,5,16,3,1,1,0.3421905519935535,0.1231710310094058
gumbel-iid-n1000-d32-seed42,synthetic,gumbel,iid,approx_knn_only,1000,32,42.0,False,2,50,49,True,1.0,1,1000,1000,50000,0,31,1,21,16,1,1,18.03351334600302,0.1231600540049839
gumbel-iid-n1000-d32-seed42,synthetic,gumbel,iid,random_sqrt_clique,1000,32,42.0,False,2,50,49,True,1.0,1,1000,1000,50465,31,31,1,21,16,1,1,18.03351334600302,0.1267324879881926
gumbel-iid-n1000-d32-seed42,synthetic,gumbel,iid,score_sg_antihub,1000,32,42.0,False,2,50,49,True,1.0,1,1000,1000,50465,31,31,1,21,16,1,1,18.03351334600302,0.1262379609979689
gumbel-separated-n1000-d32-seed42,synthetic,gumbel,separated_clusters,approx_knn_only,1000,32,42.0,False,2,50,49,False,0.0,6,167,166,50000,0,31,2,15,8,1,1,0.3440584660129389,0.1248873199947411
gumbel-separated-n1000-d32-seed42,synthetic,gumbel,separated_clusters,random_sqrt_clique,1000,32,42.0,False,2,50,49,True,1.0,1,1000,1000,50465,31,31,2,15,8,1,1,0.3440584660129389,0.1189124219963559
gumbel-separated-n1000-d32-seed42,synthetic,gumbel,separated_clusters,score_sg_antihub,1000,32,42.0,False,2,50,49,True,1.0,1,1000,1000,50465,31,31,2,15,8,1,1,0.3440584660129389,0.1110063060041284
gumbel-iid-n1000-d64-seed42,synthetic,gumbel,iid,approx_knn_only,1000,64,42.0,False,2,50,49,True,1.0,1,1000,1000,50000,0,31,0,46,31,1,1,17.60957570798928,0.1173937869898509
gumbel-iid-n1000-d64-seed42,synthetic,gumbel,iid,random_sqrt_clique,1000,64,42.0,False,2,50,49,True,1.0,1,1000,1000,50465,31,31,0,46,31,1,1,17.60957570798928,0.117953809996834
gumbel-iid-n1000-d64-seed42,synthetic,gumbel,iid,score_sg_antihub,1000,64,42.0,False,2,50,49,True,1.0,1,1000,1000,50465,31,31,0,46,31,1,1,17.60957570798928,0.1149294909992022
gumbel-separated-n1000-d64-seed42,synthetic,gumbel,separated_clusters,approx_knn_only,1000,64,42.0,False,2,50,49,False,0.0,6,167,166,50000,0,31,1,27,17,1,1,0.3490749570046318,0.1213867040059994
gumbel-separated-n1000-d64-seed42,synthetic,gumbel,separated_clusters,random_sqrt_clique,1000,64,42.0,False,2,50,49,True,1.0,1,1000,1000,50465,31,31,1,27,17,1,1,0.3490749570046318,0.1172494289930909
gumbel-separated-n1000-d64-seed42,synthetic,gumbel,separated_clusters,score_sg_antihub,1000,64,42.0,False,2,50,49,True,1.0,1,1000,1000,50465,31,31,1,27,17,1,1,0.3490749570046318,0.1155575610027881
gumbel-iid-n1000-d128-seed42,synthetic,gumbel,iid,approx_knn_only,1000,128,42.0,False,2,50,49,True,1.0,1,1000,1000,50000,0,31,0,54,31,1,1,17.686884572001873,0.1154266519879456
gumbel-iid-n1000-d128-seed42,synthetic,gumbel,iid,random_sqrt_clique,1000,128,42.0,False,2,50,49,True,1.0,1,1000,1000,50465,31,31,0,54,31,1,1,17.686884572001873,0.1140867310023168
gumbel-iid-n1000-d128-seed42,synthetic,gumbel,iid,score_sg_antihub,1000,128,42.0,False,2,50,49,True,1.0,1,1000,1000,50465,31,31,0,54,31,1,1,17.686884572001873,0.1192280010000104
gumbel-separated-n1000-d128-seed42,synthetic,gumbel,separated_clusters,approx_knn_only,1000,128,42.0,False,2,50,49,False,0.0,6,167,166,50000,0,31,1,25,15,1,1,0.346489076007856,0.1167102379986317
gumbel-separated-n1000-d128-seed42,synthetic,gumbel,separated_clusters,random_sqrt_clique,1000,128,42.0,False,2,50,49,True,1.0,1,1000,1000,50465,31,31,1,25,15,1,1,0.346489076007856,0.109791323004174
gumbel-separated-n1000-d128-seed42,synthetic,gumbel,separated_clusters,score_sg_antihub,1000,128,42.0,False,2,50,49,True,1.0,1,1000,1000,50465,31,31,1,25,15,1,1,0.346489076007856,0.1104890910064568
gumbel-iid-n5000-d2-seed42,synthetic,gumbel,iid,approx_knn_only,5000,2,42.0,False,2,50,49,True,1.0,1,5000,5000,250000,0,70,20,7,7,1,1,18.72225277099642,0.5652217729948461
gumbel-iid-n5000-d2-seed42,synthetic,gumbel,iid,random_sqrt_clique,5000,2,42.0,False,2,50,49,True,1.0,1,5000,5000,252415,70,70,20,7,7,1,1,18.72225277099642,0.5574338910082588
gumbel-iid-n5000-d2-seed42,synthetic,gumbel,iid,score_sg_antihub,5000,2,42.0,False,2,50,49,True,1.0,1,5000,5000,252415,70,70,20,7,7,1,1,18.72225277099642,0.5608205399912549
gumbel-separated-n5000-d2-seed42,synthetic,gumbel,separated_clusters,approx_knn_only,5000,2,42.0,False,2,50,49,False,0.0,4,2499,833,250000,0,70,13,14,6,1,1,1.1423651489894835,0.6587202880036784
gumbel-separated-n5000-d2-seed42,synthetic,gumbel,separated_clusters,random_sqrt_clique,5000,2,42.0,False,2,50,49,True,1.0,1,5000,5000,252415,70,70,13,14,6,1,1,1.1423651489894835,0.5591063650063006
gumbel-separated-n5000-d2-seed42,synthetic,gumbel,separated_clusters,score_sg_antihub,5000,2,42.0,False,2,50,49,True,1.0,1,5000,5000,252415,70,70,13,14,6,1,1,1.1423651489894835,0.5558332829969004
gumbel-iid-n5000-d10-seed42,synthetic,gumbel,iid,approx_knn_only,5000,10,42.0,False,2,50,49,True,1.0,1,5000,5000,250000,0,70,5,29,6,1,1,18.412069055004395,0.5611082019895548
gumbel-iid-n5000-d10-seed42,synthetic,gumbel,iid,random_sqrt_clique,5000,10,42.0,False,2,50,49,True,1.0,1,5000,5000,252415,70,70,5,29,6,1,1,18.412069055004395,0.5460691390035208
gumbel-iid-n5000-d10-seed42,synthetic,gumbel,iid,score_sg_antihub,5000,10,42.0,False,2,50,49,True,1.0,1,5000,5000,252415,70,70,5,29,6,1,1,18.412069055004395,0.5624438509985339
gumbel-separated-n5000-d10-seed42,synthetic,gumbel,separated_clusters,approx_knn_only,5000,10,42.0,False,2,50,49,False,0.0,6,834,833,250000,0,70,3,28,19,1,1,1.1201820379938,0.6472965690045385
gumbel-separated-n5000-d10-seed42,synthetic,gumbel,separated_clusters,random_sqrt_clique,5000,10,42.0,False,2,50,49,True,1.0,1,5000,5000,252415,70,70,3,28,19,1,1,1.1201820379938,0.5554635750013404
gumbel-separated-n5000-d10-seed42,synthetic,gumbel,separated_clusters,score_sg_antihub,5000,10,42.0,False,2,50,49,True,1.0,1,5000,5000,252415,70,70,3,28,19,1,1,1.1201820379938,0.5586376959981862
gumbel-iid-n5000-d32-seed42,synthetic,gumbel,iid,approx_knn_only,5000,32,42.0,False,2,50,49,True,1.0,1,5000,5000,250000,0,70,0,80,70,1,1,18.423820380994584,0.5502711570006795
gumbel-iid-n5000-d32-seed42,synthetic,gumbel,iid,random_sqrt_clique,5000,32,42.0,False,2,50,49,True,1.0,1,5000,5000,252415,70,70,0,80,70,1,1,18.423820380994584,0.5612678239995148
gumbel-iid-n5000-d32-seed42,synthetic,gumbel,iid,score_sg_antihub,5000,32,42.0,False,2,50,49,True,1.0,1,5000,5000,252415,70,70,0,80,70,1,1,18.423820380994584,0.5929919320042245
gumbel-separated-n5000-d32-seed42,synthetic,gumbel,separated_clusters,approx_knn_only,5000,32,42.0,False,2,50,49,False,0.0,6,834,833,250000,0,70,1,117,2,1,1,1.109857124989503,0.6919461869983934
gumbel-separated-n5000-d32-seed42,synthetic,gumbel,separated_clusters,random_sqrt_clique,5000,32,42.0,False,2,50,49,True,1.0,1,5000,5000,252415,70,70,1,117,2,1,1,1.109857124989503,0.5653929229883943
gumbel-separated-n5000-d32-seed42,synthetic,gumbel,separated_clusters,score_sg_antihub,5000,32,42.0,False,2,50,49,True,1.0,1,5000,5000,252415,70,70,1,117,2,1,1,1.109857124989503,0.5518484829954104
gumbel-iid-n5000-d64-seed42,synthetic,gumbel,iid,approx_knn_only,5000,64,42.0,False,2,50,49,True,1.0,1,5000,5000,250000,0,70,0,250,70,1,1,18.54513361900172,0.578944976994535
gumbel-iid-n5000-d64-seed42,synthetic,gumbel,iid,random_sqrt_clique,5000,64,42.0,False,2,50,49,True,1.0,1,5000,5000,252415,70,70,0,250,70,1,1,18.54513361900172,0.6162881830096012
gumbel-iid-n5000-d64-seed42,synthetic,gumbel,iid,score_sg_antihub,5000,64,42.0,False,2,50,49,True,1.0,1,5000,5000,252415,70,70,0,250,70,1,1,18.54513361900172,0.6331529010058148
gumbel-separated-n5000-d64-seed42,synthetic,gumbel,separated_clusters,approx_knn_only,5000,64,42.0,False,2,50,49,False,0.0,6,834,833,250000,0,70,0,180,70,1,1,1.1462548730050912,0.6481866969988914
gumbel-separated-n5000-d64-seed42,synthetic,gumbel,separated_clusters,random_sqrt_clique,5000,64,42.0,False,2,50,49,True,1.0,1,5000,5000,252415,70,70,0,180,70,1,1,1.1462548730050912,0.5683520369930193
gumbel-separated-n5000-d64-seed42,synthetic,gumbel,separated_clusters,score_sg_antihub,5000,64,42.0,False,2,50,49,True,1.0,1,5000,5000,252415,70,70,0,180,70,1,1,1.1462548730050912,0.6344593179965159
gumbel-iid-n5000-d128-seed42,synthetic,gumbel,iid,approx_knn_only,5000,128,42.0,False,2,50,49,True,1.0,1,5000,5000,250000,0,70,0,570,70,1,1,18.702117752996852,0.6443174160085618
gumbel-iid-n5000-d128-seed42,synthetic,gumbel,iid,random_sqrt_clique,5000,128,42.0,False,2,50,49,True,1.0,1,5000,5000,252415,70,70,0,570,70,1,1,18.702117752996852,0.6077734169957694
gumbel-iid-n5000-d128-seed42,synthetic,gumbel,iid,score_sg_antihub,5000,128,42.0,False,2,50,49,True,1.0,1,5000,5000,252415,70,70,0,570,70,1,1,18.702117752996852,0.598052066998207
gumbel-separated-n5000-d128-seed42,synthetic,gumbel,separated_clusters,approx_knn_only,5000,128,42.0,False,2,50,49,False,0.0,6,834,833,250000,0,70,0,345,70,1,1,1.2354879500053355,0.6707427830115194
gumbel-separated-n5000-d128-seed42,synthetic,gumbel,separated_clusters,random_sqrt_clique,5000,128,42.0,False,2,50,49,True,1.0,1,5000,5000,252415,70,70,0,345,70,1,1,1.2354879500053355,0.6441321800084552
gumbel-separated-n5000-d128-seed42,synthetic,gumbel,separated_clusters,score_sg_antihub,5000,128,42.0,False,2,50,49,True,1.0,1,5000,5000,252415,70,70,0,345,70,1,1,1.2354879500053355,0.6202366329962388
gumbel-iid-n10000-d2-seed42,synthetic,gumbel,iid,approx_knn_only,10000,2,42.0,False,2,50,49,True,1.0,1,10000,10000,500000,0,100,21,12,12,1,1,19.436627721996047,1.131306778988801
gumbel-iid-n10000-d2-seed42,synthetic,gumbel,iid,random_sqrt_clique,10000,2,42.0,False,2,50,49,True,1.0,1,10000,10000,504950,100,100,21,12,12,1,1,19.436627721996047,1.162156884005526
gumbel-iid-n10000-d2-seed42,synthetic,gumbel,iid,score_sg_antihub,10000,2,42.0,False,2,50,49,True,1.0,1,10000,10000,504950,100,100,21,12,12,1,1,19.436627721996047,1.205413261996
gumbel-separated-n10000-d2-seed42,synthetic,gumbel,separated_clusters,approx_knn_only,10000,2,42.0,False,2,50,49,False,0.0,5,3334,1666,500000,0,100,13,20,16,1,1,2.185173247999046,1.243812150991289
gumbel-separated-n10000-d2-seed42,synthetic,gumbel,separated_clusters,random_sqrt_clique,10000,2,42.0,False,2,50,49,True,1.0,1,10000,10000,504950,100,100,13,20,16,1,1,2.185173247999046,1.148719221004285
gumbel-separated-n10000-d2-seed42,synthetic,gumbel,separated_clusters,score_sg_antihub,10000,2,42.0,False,2,50,49,True,1.0,1,10000,10000,504950,100,100,13,20,16,1,1,2.185173247999046,1.133922822002205
gumbel-iid-n10000-d10-seed42,synthetic,gumbel,iid,approx_knn_only,10000,10,42.0,False,2,50,49,True,1.0,1,10000,10000,500000,0,100,4,37,37,1,1,19.872595556997112,1.1236573060014052
gumbel-iid-n10000-d10-seed42,synthetic,gumbel,iid,random_sqrt_clique,10000,10,42.0,False,2,50,49,True,1.0,1,10000,10000,504950,100,100,4,37,37,1,1,19.872595556997112,1.1022405120020269
gumbel-iid-n10000-d10-seed42,synthetic,gumbel,iid,score_sg_antihub,10000,10,42.0,False,2,50,49,True,1.0,1,10000,10000,504950,100,100,4,37,37,1,1,19.872595556997112,1.125198558002012
gumbel-separated-n10000-d10-seed42,synthetic,gumbel,separated_clusters,approx_knn_only,10000,10,42.0,False,2,50,49,False,0.0,6,1667,1666,500000,0,100,3,40,23,1,1,2.23440379499516,1.117977901987615
gumbel-separated-n10000-d10-seed42,synthetic,gumbel,separated_clusters,random_sqrt_clique,10000,10,42.0,False,2,50,49,True,1.0,1,10000,10000,504950,100,100,3,40,23,1,1,2.23440379499516,1.195961946999887
gumbel-separated-n10000-d10-seed42,synthetic,gumbel,separated_clusters,score_sg_antihub,10000,10,42.0,False,2,50,49,True,1.0,1,10000,10000,504950,100,100,3,40,23,1,1,2.23440379499516,1.158077981992392
gumbel-iid-n10000-d32-seed42,synthetic,gumbel,iid,approx_knn_only,10000,32,42.0,False,2,50,49,True,1.0,1,10000,10000,500000,0,100,0,130,100,1,1,19.787589205996483,1.1494527739996556
gumbel-iid-n10000-d32-seed42,synthetic,gumbel,iid,random_sqrt_clique,10000,32,42.0,False,2,50,49,True,1.0,1,10000,10000,504950,100,100,0,130,100,1,1,19.787589205996483,1.1983264239970597
gumbel-iid-n10000-d32-seed42,synthetic,gumbel,iid,score_sg_antihub,10000,32,42.0,False,2,50,49,True,1.0,1,10000,10000,504950,100,100,0,130,100,1,1,19.787589205996483,1.1086603959993226
gumbel-separated-n10000-d32-seed42,synthetic,gumbel,separated_clusters,approx_knn_only,10000,32,42.0,False,2,50,49,False,0.0,6,1667,1666,500000,0,100,0,166,100,1,1,2.227941853008815,1.1417995840020012
gumbel-separated-n10000-d32-seed42,synthetic,gumbel,separated_clusters,random_sqrt_clique,10000,32,42.0,False,2,50,49,True,1.0,1,10000,10000,504950,100,100,0,166,100,1,1,2.227941853008815,1.0948926540004322
gumbel-separated-n10000-d32-seed42,synthetic,gumbel,separated_clusters,score_sg_antihub,10000,32,42.0,False,2,50,49,True,1.0,1,10000,10000,504950,100,100,0,166,100,1,1,2.227941853008815,1.1376085410011
gumbel-iid-n10000-d64-seed42,synthetic,gumbel,iid,approx_knn_only,10000,64,42.0,False,2,50,49,True,1.0,1,10000,10000,500000,0,100,0,500,100,1,1,20.184101319988255,1.157293368989485
gumbel-iid-n10000-d64-seed42,synthetic,gumbel,iid,random_sqrt_clique,10000,64,42.0,False,2,50,49,True,1.0,1,10000,10000,504950,100,100,0,500,100,1,1,20.184101319988255,1.1835857940022834
gumbel-iid-n10000-d64-seed42,synthetic,gumbel,iid,score_sg_antihub,10000,64,42.0,False,2,50,49,True,1.0,1,10000,10000,504950,100,100,0,500,100,1,1,20.184101319988255,1.2233109709923156
gumbel-separated-n10000-d64-seed42,synthetic,gumbel,separated_clusters,approx_knn_only,10000,64,42.0,False,2,50,49,False,0.0,6,1667,1666,500000,0,100,0,443,100,1,1,2.291509444999974,1.268467411005986
gumbel-separated-n10000-d64-seed42,synthetic,gumbel,separated_clusters,random_sqrt_clique,10000,64,42.0,False,2,50,49,True,1.0,1,10000,10000,504950,100,100,0,443,100,1,1,2.291509444999974,1.1483927340013906
gumbel-separated-n10000-d64-seed42,synthetic,gumbel,separated_clusters,score_sg_antihub,10000,64,42.0,False,2,50,49,True,1.0,1,10000,10000,504950,100,100,0,443,100,1,1,2.291509444999974,1.1653184479946503
gumbel-iid-n10000-d128-seed42,synthetic,gumbel,iid,approx_knn_only,10000,128,42.0,False,2,50,49,True,1.0,1,10000,10000,500000,0,100,0,1216,100,1,1,20.548380804990305,1.1684204079938354
gumbel-iid-n10000-d128-seed42,synthetic,gumbel,iid,random_sqrt_clique,10000,128,42.0,False,2,50,49,True,1.0,1,10000,10000,504950,100,100,0,1216,100,1,1,20.548380804990305,1.192321766007808
gumbel-iid-n10000-d128-seed42,synthetic,gumbel,iid,score_sg_antihub,10000,128,42.0,False,2,50,49,True,1.0,1,10000,10000,504950,100,100,0,1216,100,1,1,20.548380804990305,1.2428505179996137
gumbel-separated-n10000-d128-seed42,synthetic,gumbel,separated_clusters,approx_knn_only,10000,128,42.0,False,2,50,49,False,0.0,6,1667,1666,500000,0,100,0,866,100,1,1,2.709630716999527,1.2616588329983642
gumbel-separated-n10000-d128-seed42,synthetic,gumbel,separated_clusters,random_sqrt_clique,10000,128,42.0,False,2,50,49,True,1.0,1,10000,10000,504950,100,100,0,866,100,1,1,2.709630716999527,1.1409056800039252
gumbel-separated-n10000-d128-seed42,synthetic,gumbel,separated_clusters,score_sg_antihub,10000,128,42.0,False,2,50,49,True,1.0,1,10000,10000,504950,100,100,0,866,100,1,1,2.709630716999527,1.1495972220000112
gumbel-iid-n25000-d2-seed42,synthetic,gumbel,iid,approx_knn_only,25000,2,42.0,False,2,50,49,True,1.0,1,25000,25000,1250000,0,158,25,17,15,1,1,22.20738935499685,2.9681415840022964
gumbel-iid-n25000-d2-seed42,synthetic,gumbel,iid,random_sqrt_clique,25000,2,42.0,False,2,50,49,True,1.0,1,25000,25000,1262403,158,158,25,17,15,1,1,22.20738935499685,2.984675897998386
gumbel-iid-n25000-d2-seed42,synthetic,gumbel,iid,score_sg_antihub,25000,2,42.0,False,2,50,49,True,1.0,1,25000,25000,1262403,158,158,25,17,15,1,1,22.20738935499685,2.848842164996313
gumbel-separated-n25000-d2-seed42,synthetic,gumbel,separated_clusters,approx_knn_only,25000,2,42.0,False,2,50,49,False,0.0,3,12500,4167,1250000,0,158,14,33,28,1,1,5.120571997002116,2.859882746997755
gumbel-separated-n25000-d2-seed42,synthetic,gumbel,separated_clusters,random_sqrt_clique,25000,2,42.0,False,2,50,49,True,1.0,1,25000,25000,1262403,158,158,14,33,28,1,1,5.120571997002116,3.009689659011201
gumbel-separated-n25000-d2-seed42,synthetic,gumbel,separated_clusters,score_sg_antihub,25000,2,42.0,False,2,50,49,True,1.0,1,25000,25000,1262403,158,158,14,33,28,1,1,5.120571997002116,2.9774212100019213
gumbel-iid-n25000-d10-seed42,synthetic,gumbel,iid,approx_knn_only,25000,10,42.0,False,2,50,49,True,1.0,1,25000,25000,1250000,0,158,4,74,41,1,1,23.1120355840103,2.922851430004812
gumbel-iid-n25000-d10-seed42,synthetic,gumbel,iid,random_sqrt_clique,25000,10,42.0,False,2,50,49,True,1.0,1,25000,25000,1262403,158,158,4,74,41,1,1,23.1120355840103,2.8961673799931305
gumbel-iid-n25000-d10-seed42,synthetic,gumbel,iid,score_sg_antihub,25000,10,42.0,False,2,50,49,True,1.0,1,25000,25000,1262403,158,158,4,74,41,1,1,23.1120355840103,2.866345906004426
gumbel-separated-n25000-d10-seed42,synthetic,gumbel,separated_clusters,approx_knn_only,25000,10,42.0,False,2,50,49,False,0.0,6,4167,4166,1250000,0,158,3,97,22,2,2,5.3010448059940245,2.876716443002806
gumbel-separated-n25000-d10-seed42,synthetic,gumbel,separated_clusters,random_sqrt_clique,25000,10,42.0,False,2,50,49,True,1.0,1,25000,25000,1262403,158,158,3,97,22,2,2,5.3010448059940245,3.009640636999393
gumbel-separated-n25000-d10-seed42,synthetic,gumbel,separated_clusters,score_sg_antihub,25000,10,42.0,False,2,50,49,True,1.0,1,25000,25000,1262403,158,158,3,97,22,2,2,5.3010448059940245,2.992481868990581
gumbel-iid-n25000-d32-seed42,synthetic,gumbel,iid,approx_knn_only,25000,32,42.0,False,2,50,49,True,1.0,1,25000,25000,1250000,0,158,0,316,158,1,1,23.9220692539966,2.97994542401284
gumbel-iid-n25000-d32-seed42,synthetic,gumbel,iid,random_sqrt_clique,25000,32,42.0,False,2,50,49,True,1.0,1,25000,25000,1262403,158,158,0,316,158,1,1,23.9220692539966,2.995434952987125
gumbel-iid-n25000-d32-seed42,synthetic,gumbel,iid,score_sg_antihub,25000,32,42.0,False,2,50,49,True,1.0,1,25000,25000,1262403,158,158,0,316,158,1,1,23.9220692539966,2.777331649995176
gumbel-separated-n25000-d32-seed42,synthetic,gumbel,separated_clusters,approx_knn_only,25000,32,42.0,False,2,50,49,False,0.0,6,4167,4166,1250000,0,158,0,369,158,1,1,5.321553859001142,2.787599204006256
gumbel-separated-n25000-d32-seed42,synthetic,gumbel,separated_clusters,random_sqrt_clique,25000,32,42.0,False,2,50,49,True,1.0,1,25000,25000,1262403,158,158,0,369,158,1,1,5.321553859001142,2.9135014769999543
gumbel-separated-n25000-d32-seed42,synthetic,gumbel,separated_clusters,score_sg_antihub,25000,32,42.0,False,2,50,49,True,1.0,1,25000,25000,1262403,158,158,0,369,158,1,1,5.321553859001142,2.9039425829978427
gumbel-iid-n25000-d64-seed42,synthetic,gumbel,iid,approx_knn_only,25000,64,42.0,False,2,50,49,True,1.0,1,25000,25000,1250000,0,158,0,1256,158,1,1,24.59979935499723,2.904977184007293
gumbel-iid-n25000-d64-seed42,synthetic,gumbel,iid,random_sqrt_clique,25000,64,42.0,False,2,50,49,True,1.0,1,25000,25000,1262403,158,158,0,1256,158,1,1,24.59979935499723,3.019582178996643
gumbel-iid-n25000-d64-seed42,synthetic,gumbel,iid,score_sg_antihub,25000,64,42.0,False,2,50,49,True,1.0,1,25000,25000,1262403,158,158,0,1256,158,1,1,24.59979935499723,2.937864436011296
gumbel-separated-n25000-d64-seed42,synthetic,gumbel,separated_clusters,approx_knn_only,25000,64,42.0,False,2,50,49,False,0.0,6,4167,4166,1250000,0,158,0,1149,158,1,1,5.832590213001822,2.9660117130115395
gumbel-separated-n25000-d64-seed42,synthetic,gumbel,separated_clusters,random_sqrt_clique,25000,64,42.0,False,2,50,49,True,1.0,1,25000,25000,1262403,158,158,0,1149,158,1,1,5.832590213001822,2.888881250997656
gumbel-separated-n25000-d64-seed42,synthetic,gumbel,separated_clusters,score_sg_antihub,25000,64,42.0,False,2,50,49,True,1.0,1,25000,25000,1262403,158,158,0,1149,158,1,1,5.832590213001822,2.835544009009027
gumbel-iid-n25000-d128-seed42,synthetic,gumbel,iid,approx_knn_only,25000,128,42.0,False,2,50,49,True,1.0,1,25000,25000,1250000,0,158,0,3335,158,1,1,26.16744905199448,2.890001520994701
gumbel-iid-n25000-d128-seed42,synthetic,gumbel,iid,random_sqrt_clique,25000,128,42.0,False,2,50,49,True,1.0,1,25000,25000,1262403,158,158,0,3335,158,1,1,26.16744905199448,2.9761729819874745
gumbel-iid-n25000-d128-seed42,synthetic,gumbel,iid,score_sg_antihub,25000,128,42.0,False,2,50,49,True,1.0,1,25000,25000,1262403,158,158,0,3335,158,1,1,26.16744905199448,2.9181051880004816
gumbel-separated-n25000-d128-seed42,synthetic,gumbel,separated_clusters,approx_knn_only,25000,128,42.0,False,2,50,49,False,0.0,6,4167,4166,1250000,0,158,0,2523,158,1,1,7.32303769000282,2.9033179889956955
gumbel-separated-n25000-d128-seed42,synthetic,gumbel,separated_clusters,random_sqrt_clique,25000,128,42.0,False,2,50,49,True,1.0,1,25000,25000,1262403,158,158,0,2523,158,1,1,7.32303769000282,2.9267551789962454
gumbel-separated-n25000-d128-seed42,synthetic,gumbel,separated_clusters,score_sg_antihub,25000,128,42.0,False,2,50,49,True,1.0,1,25000,25000,1262403,158,158,0,2523,158,1,1,7.32303769000282,2.9466636490105884
gumbel-iid-n50000-d2-seed42,synthetic,gumbel,iid,approx_knn_only,50000,2,42.0,False,2,50,49,True,1.0,1,50000,50000,2500000,0,223,27,24,20,1,1,27.272770544994277,6.388070230008452
gumbel-iid-n50000-d2-seed42,synthetic,gumbel,iid,random_sqrt_clique,50000,2,42.0,False,2,50,49,True,1.0,1,50000,50000,2524753,223,223,27,24,20,1,1,27.272770544994277,6.531838787996094
gumbel-iid-n50000-d2-seed42,synthetic,gumbel,iid,score_sg_antihub,50000,2,42.0,False,2,50,49,True,1.0,1,50000,50000,2524753,223,223,27,24,20,1,1,27.272770544994277,6.557232559993281
gumbel-separated-n50000-d2-seed42,synthetic,gumbel,separated_clusters,approx_knn_only,50000,2,42.0,False,2,50,49,False,0.0,4,25001,8333,2500000,0,223,16,45,5,1,1,9.904973270997289,6.588746673995047
gumbel-separated-n50000-d2-seed42,synthetic,gumbel,separated_clusters,random_sqrt_clique,50000,2,42.0,False,2,50,49,True,1.0,1,50000,50000,2524753,223,223,16,45,5,1,1,9.904973270997289,6.563387892994797
gumbel-separated-n50000-d2-seed42,synthetic,gumbel,separated_clusters,score_sg_antihub,50000,2,42.0,False,2,50,49,True,1.0,1,50000,50000,2524753,223,223,16,45,5,1,1,9.904973270997289,6.594193023993284
gumbel-iid-n50000-d10-seed42,synthetic,gumbel,iid,approx_knn_only,50000,10,42.0,False,2,50,49,True,1.0,1,50000,50000,2500000,0,223,4,121,47,1,1,28.81336916399596,5.850566881999839
gumbel-iid-n50000-d10-seed42,synthetic,gumbel,iid,random_sqrt_clique,50000,10,42.0,False,2,50,49,True,1.0,1,50000,50000,2524753,223,223,4,121,47,1,1,28.81336916399596,6.446439346997067
gumbel-iid-n50000-d10-seed42,synthetic,gumbel,iid,score_sg_antihub,50000,10,42.0,False,2,50,49,True,1.0,1,50000,50000,2524753,223,223,4,121,47,1,1,28.81336916399596,5.928253254998708
gumbel-separated-n50000-d10-seed42,synthetic,gumbel,separated_clusters,approx_knn_only,50000,10,42.0,False,2,50,49,False,0.0,6,8334,8333,2500000,0,223,3,146,21,1,1,10.70080847600184,5.894613951997599
gumbel-separated-n50000-d10-seed42,synthetic,gumbel,separated_clusters,random_sqrt_clique,50000,10,42.0,False,2,50,49,True,1.0,1,50000,50000,2524753,223,223,3,146,21,1,1,10.70080847600184,7.349947594004334
gumbel-separated-n50000-d10-seed42,synthetic,gumbel,separated_clusters,score_sg_antihub,50000,10,42.0,False,2,50,49,True,1.0,1,50000,50000,2524753,223,223,3,146,21,1,1,10.70080847600184,7.90125806198921
gumbel-iid-n50000-d32-seed42,synthetic,gumbel,iid,approx_knn_only,50000,32,42.0,False,2,50,49,True,1.0,1,50000,50000,2500000,0,223,0,575,223,1,1,31.07706131399027,6.134288437009673
gumbel-iid-n50000-d32-seed42,synthetic,gumbel,iid,random_sqrt_clique,50000,32,42.0,False,2,50,49,True,1.0,1,50000,50000,2524753,223,223,0,575,223,1,1,31.07706131399027,6.157120742995176
gumbel-iid-n50000-d32-seed42,synthetic,gumbel,iid,score_sg_antihub,50000,32,42.0,False,2,50,49,True,1.0,1,50000,50000,2524753,223,223,0,575,223,1,1,31.07706131399027,6.049313966010232
gumbel-separated-n50000-d32-seed42,synthetic,gumbel,separated_clusters,approx_knn_only,50000,32,42.0,False,2,50,49,False,0.0,6,8334,8333,2500000,0,223,0,670,223,1,1,11.882185244001448,6.161697800998809
gumbel-separated-n50000-d32-seed42,synthetic,gumbel,separated_clusters,random_sqrt_clique,50000,32,42.0,False,2,50,49,True,1.0,1,50000,50000,2524753,223,223,0,670,223,1,1,11.882185244001448,6.123458763991948
gumbel-separated-n50000-d32-seed42,synthetic,gumbel,separated_clusters,score_sg_antihub,50000,32,42.0,False,2,50,49,True,1.0,1,50000,50000,2524753,223,223,0,670,223,1,1,11.882185244001448,6.227951328997733
gumbel-iid-n50000-d64-seed42,synthetic,gumbel,iid,approx_knn_only,50000,64,42.0,False,2,50,49,True,1.0,1,50000,50000,2500000,0,223,0,2525,223,1,1,33.241046200011624,5.921533443004591
gumbel-iid-n50000-d64-seed42,synthetic,gumbel,iid,random_sqrt_clique,50000,64,42.0,False,2,50,49,True,1.0,1,50000,50000,2524753,223,223,0,2525,223,1,1,33.241046200011624,6.144394678995013
gumbel-iid-n50000-d64-seed42,synthetic,gumbel,iid,score_sg_antihub,50000,64,42.0,False,2,50,49,True,1.0,1,50000,50000,2524753,223,223,0,2525,223,1,1,33.241046200011624,5.948435906000668
gumbel-separated-n50000-d64-seed42,synthetic,gumbel,separated_clusters,approx_knn_only,50000,64,42.0,False,2,50,49,False,0.0,6,8334,8333,2500000,0,223,0,2364,223,1,1,13.46515337099845,5.859326927995426
gumbel-separated-n50000-d64-seed42,synthetic,gumbel,separated_clusters,random_sqrt_clique,50000,64,42.0,False,2,50,49,True,1.0,1,50000,50000,2524753,223,223,0,2364,223,1,1,13.46515337099845,5.960032686998602
gumbel-separated-n50000-d64-seed42,synthetic,gumbel,separated_clusters,score_sg_antihub,50000,64,42.0,False,2,50,49,True,1.0,1,50000,50000,2524753,223,223,0,2364,223,1,1,13.46515337099845,5.950727421004558
gumbel-iid-n50000-d128-seed42,synthetic,gumbel,iid,approx_knn_only,50000,128,42.0,False,2,50,49,True,1.0,1,50000,50000,2500000,0,223,0,7534,223,1,1,36.49087713100016,5.9234563170030015
gumbel-iid-n50000-d128-seed42,synthetic,gumbel,iid,random_sqrt_clique,50000,128,42.0,False,2,50,49,True,1.0,1,50000,50000,2524753,223,223,0,7534,223,1,1,36.49087713100016,5.876966361000086
gumbel-iid-n50000-d128-seed42,synthetic,gumbel,iid,score_sg_antihub,50000,128,42.0,False,2,50,49,True,1.0,1,50000,50000,2524753,223,223,0,7534,223,1,1,36.49087713100016,5.848340430995449
gumbel-separated-n50000-d128-seed42,synthetic,gumbel,separated_clusters,approx_knn_only,50000,128,42.0,False,2,50,49,False,0.0,6,8334,8333,2500000,0,223,0,5686,223,1,1,15.903579296995304,6.066365201011649
gumbel-separated-n50000-d128-seed42,synthetic,gumbel,separated_clusters,random_sqrt_clique,50000,128,42.0,False,2,50,49,True,1.0,1,50000,50000,2524753,223,223,0,5686,223,1,1,15.903579296995304,6.019664613995701
gumbel-separated-n50000-d128-seed42,synthetic,gumbel,separated_clusters,score_sg_antihub,50000,128,42.0,False,2,50,49,True,1.0,1,50000,50000,2524753,223,223,0,5686,223,1,1,15.903579296995304,5.992636112001492
gumbel-iid-n100000-d2-seed42,synthetic,gumbel,iid,approx_knn_only,100000,2,42.0,False,2,50,49,True,1.0,1,100000,100000,5000000,0,316,30,30,12,1,1,37.32209034099651,12.480587223006296
gumbel-iid-n100000-d2-seed42,synthetic,gumbel,iid,random_sqrt_clique,100000,2,42.0,False,2,50,49,True,1.0,1,100000,100000,5049770,316,316,30,30,12,1,1,37.32209034099651,12.626016648006043
gumbel-iid-n100000-d2-seed42,synthetic,gumbel,iid,score_sg_antihub,100000,2,42.0,False,2,50,49,True,1.0,1,100000,100000,5049770,316,316,30,30,12,1,1,37.32209034099651,12.57687476000865
gumbel-separated-n100000-d2-seed42,synthetic,gumbel,separated_clusters,approx_knn_only,100000,2,42.0,False,2,50,49,False,0.0,2,83333,16667,5000000,0,316,16,39,24,1,1,20.40226884500589,12.811186416001874
gumbel-separated-n100000-d2-seed42,synthetic,gumbel,separated_clusters,random_sqrt_clique,100000,2,42.0,False,2,50,49,True,1.0,1,100000,100000,5049770,316,316,16,39,24,1,1,20.40226884500589,12.765133373002756
gumbel-separated-n100000-d2-seed42,synthetic,gumbel,separated_clusters,score_sg_antihub,100000,2,42.0,False,2,50,49,True,1.0,1,100000,100000,5049770,316,316,16,39,24,1,1,20.40226884500589,12.85898082399217
gumbel-iid-n100000-d10-seed42,synthetic,gumbel,iid,approx_knn_only,100000,10,42.0,False,2,50,49,True,1.0,1,100000,100000,5000000,0,316,3,144,127,1,1,41.064356287010014,12.559617321996484
gumbel-iid-n100000-d10-seed42,synthetic,gumbel,iid,random_sqrt_clique,100000,10,42.0,False,2,50,49,True,1.0,1,100000,100000,5049770,316,316,3,144,127,1,1,41.064356287010014,12.59207153400348
gumbel-iid-n100000-d10-seed42,synthetic,gumbel,iid,score_sg_antihub,100000,10,42.0,False,2,50,49,True,1.0,1,100000,100000,5049770,316,316,3,144,127,1,1,41.064356287010014,12.7111028549989
gumbel-separated-n100000-d10-seed42,synthetic,gumbel,separated_clusters,approx_knn_only,100000,10,42.0,False,2,50,49,False,0.0,6,16667,16666,5000000,0,316,3,237,21,1,1,23.47846739299712,12.549341870006174
gumbel-separated-n100000-d10-seed42,synthetic,gumbel,separated_clusters,random_sqrt_clique,100000,10,42.0,False,2,50,49,True,1.0,1,100000,100000,5049770,316,316,3,237,21,1,1,23.47846739299712,12.924357855008566
gumbel-separated-n100000-d10-seed42,synthetic,gumbel,separated_clusters,score_sg_antihub,100000,10,42.0,False,2,50,49,True,1.0,1,100000,100000,5049770,316,316,3,237,21,1,1,23.47846739299712,12.678022723004688
gumbel-iid-n100000-d32-seed42,synthetic,gumbel,iid,approx_knn_only,100000,32,42.0,False,2,50,49,True,1.0,1,100000,100000,5000000,0,316,0,1109,316,2,2,46.60335141399992,12.33302260900382
gumbel-iid-n100000-d32-seed42,synthetic,gumbel,iid,random_sqrt_clique,100000,32,42.0,False,2,50,49,True,1.0,1,100000,100000,5049770,316,316,0,1109,316,2,2,46.60335141399992,12.36963014199864
gumbel-iid-n100000-d32-seed42,synthetic,gumbel,iid,score_sg_antihub,100000,32,42.0,False,2,50,49,True,1.0,1,100000,100000,5049770,316,316,0,1109,316,2,2,46.60335141399992,12.363872654997976
gumbel-separated-n100000-d32-seed42,synthetic,gumbel,separated_clusters,approx_knn_only,100000,32,42.0,False,2,50,49,False,0.0,6,16667,16666,5000000,0,316,0,1243,316,1,1,25.54505964901182,12.473248131005676
gumbel-separated-n100000-d32-seed42,synthetic,gumbel,separated_clusters,random_sqrt_clique,100000,32,42.0,False,2,50,49,True,1.0,1,100000,100000,5049770,316,316,0,1243,316,1,1,25.54505964901182,12.38954125600867
gumbel-separated-n100000-d32-seed42,synthetic,gumbel,separated_clusters,score_sg_antihub,100000,32,42.0,False,2,50,49,True,1.0,1,100000,100000,5049770,316,316,0,1243,316,1,1,25.54505964901182,12.323453987992252
gumbel-iid-n100000-d64-seed42,synthetic,gumbel,iid,approx_knn_only,100000,64,42.0,False,2,50,49,True,1.0,1,100000,100000,5000000,0,316,0,5296,316,1,2,52.617545714994776,12.328663413005415
gumbel-iid-n100000-d64-seed42,synthetic,gumbel,iid,random_sqrt_clique,100000,64,42.0,False,2,50,49,True,1.0,1,100000,100000,5049770,316,316,0,5296,316,1,2,52.617545714994776,12.347619166001095
gumbel-iid-n100000-d64-seed42,synthetic,gumbel,iid,score_sg_antihub,100000,64,42.0,False,2,50,49,True,1.0,1,100000,100000,5049770,316,316,0,5296,316,1,2,52.617545714994776,12.3583205909963
gumbel-separated-n100000-d64-seed42,synthetic,gumbel,separated_clusters,approx_knn_only,100000,64,42.0,False,2,50,49,False,0.0,6,16667,16666,5000000,0,316,0,4965,316,1,1,29.46768342200085,13.747513246999006
gumbel-separated-n100000-d64-seed42,synthetic,gumbel,separated_clusters,random_sqrt_clique,100000,64,42.0,False,2,50,49,True,1.0,1,100000,100000,5049770,316,316,0,4965,316,1,1,29.46768342200085,12.714730394000073
gumbel-separated-n100000-d64-seed42,synthetic,gumbel,separated_clusters,score_sg_antihub,100000,64,42.0,False,2,50,49,True,1.0,1,100000,100000,5049770,316,316,0,4965,316,1,1,29.46768342200085,12.902144680003405
gumbel-iid-n100000-d128-seed42,synthetic,gumbel,iid,approx_knn_only,100000,128,42.0,False,2,50,49,True,1.0,1,100000,100000,5000000,0,316,0,16043,316,1,1,59.50928909100185,13.02850124599354
gumbel-iid-n100000-d128-seed42,synthetic,gumbel,iid,random_sqrt_clique,100000,128,42.0,False,2,50,49,True,1.0,1,100000,100000,5049770,316,316,0,16043,316,1,1,59.50928909100185,13.325757863000035
gumbel-iid-n100000-d128-seed42,synthetic,gumbel,iid,score_sg_antihub,100000,128,42.0,False,2,50,49,True,1.0,1,100000,100000,5049770,316,316,0,16043,316,1,1,59.50928909100185,13.25375511799939
gumbel-separated-n100000-d128-seed42,synthetic,gumbel,separated_clusters,approx_knn_only,100000,128,42.0,False,2,50,49,False,0.0,6,16667,16666,5000000,0,316,0,12553,316,1,1,34.729724571996485,13.308205487002851
gumbel-separated-n100000-d128-seed42,synthetic,gumbel,separated_clusters,random_sqrt_clique,100000,128,42.0,False,2,50,49,True,1.0,1,100000,100000,5049770,316,316,0,12553,316,1,1,34.729724571996485,13.471694283012766
gumbel-separated-n100000-d128-seed42,synthetic,gumbel,separated_clusters,score_sg_antihub,100000,128,42.0,False,2,50,49,True,1.0,1,100000,100000,5049770,316,316,0,12553,316,1,1,34.729724571996485,13.345442848003586
gumbel-iid-n200000-d2-seed42,synthetic,gumbel,iid,approx_knn_only,200000,2,42.0,False,2,50,49,True,1.0,1,200000,200000,10000000,0,447,32,52,17,1,1,58.03512508999847,26.374978428997565
gumbel-iid-n200000-d2-seed42,synthetic,gumbel,iid,random_sqrt_clique,200000,2,42.0,False,2,50,49,True,1.0,1,200000,200000,10099681,447,447,32,52,17,1,1,58.03512508999847,26.43714218700188
gumbel-iid-n200000-d2-seed42,synthetic,gumbel,iid,score_sg_antihub,200000,2,42.0,False,2,50,49,True,1.0,1,200000,200000,10099681,447,447,32,52,17,1,1,58.03512508999847,26.362557073007338
gumbel-separated-n200000-d2-seed42,synthetic,gumbel,separated_clusters,approx_knn_only,200000,2,42.0,False,2,50,49,True,1.0,1,200000,200000,10000000,0,447,18,73,9,1,1,41.25725740099733,26.56840720999753
gumbel-separated-n200000-d2-seed42,synthetic,gumbel,separated_clusters,random_sqrt_clique,200000,2,42.0,False,2,50,49,True,1.0,1,200000,200000,10099681,447,447,18,73,9,1,1,41.25725740099733,27.00131124099425
gumbel-separated-n200000-d2-seed42,synthetic,gumbel,separated_clusters,score_sg_antihub,200000,2,42.0,False,2,50,49,True,1.0,1,200000,200000,10099681,447,447,18,73,9,1,1,41.25725740099733,26.974663922999756
gumbel-iid-n200000-d10-seed42,synthetic,gumbel,iid,approx_knn_only,200000,10,42.0,False,2,50,49,True,1.0,1,200000,200000,10000000,0,447,3,252,154,1,1,64.36946640400856,24.69973336199473
gumbel-iid-n200000-d10-seed42,synthetic,gumbel,iid,random_sqrt_clique,200000,10,42.0,False,2,50,49,True,1.0,1,200000,200000,10099681,447,447,3,252,154,1,1,64.36946640400856,25.425448247988243
gumbel-iid-n200000-d10-seed42,synthetic,gumbel,iid,score_sg_antihub,200000,10,42.0,False,2,50,49,True,1.0,1,200000,200000,10099681,447,447,3,252,154,1,1,64.36946640400856,24.901048693995108
gumbel-separated-n200000-d10-seed42,synthetic,gumbel,separated_clusters,approx_knn_only,200000,10,42.0,False,2,50,49,False,0.0,6,33334,33333,10000000,0,447,2,263,217,1,1,47.57150756000192,25.096444766997596
gumbel-separated-n200000-d10-seed42,synthetic,gumbel,separated_clusters,random_sqrt_clique,200000,10,42.0,False,2,50,49,True,1.0,1,200000,200000,10099681,447,447,2,263,217,1,1,47.57150756000192,24.912138069004868
gumbel-separated-n200000-d10-seed42,synthetic,gumbel,separated_clusters,score_sg_antihub,200000,10,42.0,False,2,50,49,True,1.0,1,200000,200000,10099681,447,447,2,263,217,1,1,47.57150756000192,24.896486473007823
gumbel-iid-n200000-d32-seed42,synthetic,gumbel,iid,approx_knn_only,200000,32,42.0,False,2,50,49,True,1.0,1,200000,200000,10000000,0,447,0,2057,447,1,2,81.89139647400589,26.45455514600326
gumbel-iid-n200000-d32-seed42,synthetic,gumbel,iid,random_sqrt_clique,200000,32,42.0,False,2,50,49,True,1.0,1,200000,200000,10099681,447,447,0,2057,447,1,2,81.89139647400589,26.310750524004103
gumbel-iid-n200000-d32-seed42,synthetic,gumbel,iid,score_sg_antihub,200000,32,42.0,False,2,50,49,True,1.0,1,200000,200000,10099681,447,447,0,2057,447,1,2,81.89139647400589,25.72812174899445
gumbel-separated-n200000-d32-seed42,synthetic,gumbel,separated_clusters,approx_knn_only,200000,32,42.0,False,2,50,49,False,0.0,6,33334,33333,10000000,0,447,0,2417,447,1,1,54.000902952000615,25.907716952991905
gumbel-separated-n200000-d32-seed42,synthetic,gumbel,separated_clusters,random_sqrt_clique,200000,32,42.0,False,2,50,49,True,1.0,1,200000,200000,10099681,447,447,0,2417,447,1,1,54.000902952000615,25.68053442699602
gumbel-separated-n200000-d32-seed42,synthetic,gumbel,separated_clusters,score_sg_antihub,200000,32,42.0,False,2,50,49,True,1.0,1,200000,200000,10099681,447,447,0,2417,447,1,1,54.000902952000615,25.84497873699001
gumbel-iid-n200000-d64-seed42,synthetic,gumbel,iid,approx_knn_only,200000,64,42.0,False,2,50,49,True,1.0,1,200000,200000,10000000,0,447,0,10585,447,1,1,96.1735155119968,25.75574444999802
gumbel-iid-n200000-d64-seed42,synthetic,gumbel,iid,random_sqrt_clique,200000,64,42.0,False,2,50,49,True,1.0,1,200000,200000,10099681,447,447,0,10585,447,1,1,96.1735155119968,26.13846280700818
gumbel-iid-n200000-d64-seed42,synthetic,gumbel,iid,score_sg_antihub,200000,64,42.0,False,2,50,49,True,1.0,1,200000,200000,10099681,447,447,0,10585,447,1,1,96.1735155119968,26.26233127199521
gumbel-separated-n200000-d64-seed42,synthetic,gumbel,separated_clusters,approx_knn_only,200000,64,42.0,False,2,50,49,False,0.0,6,33334,33333,10000000,0,447,0,10140,447,1,2,65.74231721900287,25.966890611001872
gumbel-separated-n200000-d64-seed42,synthetic,gumbel,separated_clusters,random_sqrt_clique,200000,64,42.0,False,2,50,49,True,1.0,1,200000,200000,10099681,447,447,0,10140,447,1,2,65.74231721900287,25.77945161999378
gumbel-separated-n200000-d64-seed42,synthetic,gumbel,separated_clusters,score_sg_antihub,200000,64,42.0,False,2,50,49,True,1.0,1,200000,200000,10099681,447,447,0,10140,447,1,2,65.74231721900287,25.854277096004807
gumbel-iid-n200000-d128-seed42,synthetic,gumbel,iid,approx_knn_only,200000,128,42.0,False,2,50,49,True,1.0,1,200000,200000,10000000,0,447,0,34811,447,1,1,110.02961034500912,25.064354930000263
gumbel-iid-n200000-d128-seed42,synthetic,gumbel,iid,random_sqrt_clique,200000,128,42.0,False,2,50,49,True,1.0,1,200000,200000,10099681,447,447,0,34811,447,1,1,110.02961034500912,25.07018547100597
gumbel-iid-n200000-d128-seed42,synthetic,gumbel,iid,score_sg_antihub,200000,128,42.0,False,2,50,49,True,1.0,1,200000,200000,10099681,447,447,0,34811,447,1,1,110.02961034500912,25.660926832002588
gumbel-separated-n200000-d128-seed42,synthetic,gumbel,separated_clusters,approx_knn_only,200000,128,42.0,False,2,50,49,False,0.0,6,33334,33333,10000000,0,447,0,27655,447,1,2,78.02831425500335,24.98123294301331
gumbel-separated-n200000-d128-seed42,synthetic,gumbel,separated_clusters,random_sqrt_clique,200000,128,42.0,False,2,50,49,True,1.0,1,200000,200000,10099681,447,447,0,27655,447,1,2,78.02831425500335,25.27817539399257
gumbel-separated-n200000-d128-seed42,synthetic,gumbel,separated_clusters,score_sg_antihub,200000,128,42.0,False,2,50,49,True,1.0,1,200000,200000,10099681,447,447,0,27655,447,1,2,78.02831425500335,25.60398217799957
gumbel-iid-n500000-d2-seed42,synthetic,gumbel,iid,approx_knn_only,500000,2,42.0,False,2,50,49,True,1.0,1,500000,500000,25000000,0,707,33,173,50,1,1,119.1743219580094,65.93527934400481
gumbel-iid-n500000-d2-seed42,synthetic,gumbel,iid,random_sqrt_clique,500000,2,42.0,False,2,50,49,True,1.0,1,500000,500000,25249571,707,707,33,173,50,1,1,119.1743219580094,66.39790779800387
gumbel-iid-n500000-d2-seed42,synthetic,gumbel,iid,score_sg_antihub,500000,2,42.0,False,2,50,49,True,1.0,1,500000,500000,25249571,707,707,33,173,50,1,1,119.1743219580094,66.66993124199507
gumbel-separated-n500000-d2-seed42,synthetic,gumbel,separated_clusters,approx_knn_only,500000,2,42.0,False,2,50,49,False,0.0,2,250001,249999,25000000,0,707,20,79,53,1,1,103.1220300700079,67.13389224000275
gumbel-separated-n500000-d2-seed42,synthetic,gumbel,separated_clusters,random_sqrt_clique,500000,2,42.0,False,2,50,49,True,1.0,1,500000,500000,25249571,707,707,20,79,53,1,1,103.1220300700079,67.2921161819977
gumbel-separated-n500000-d2-seed42,synthetic,gumbel,separated_clusters,score_sg_antihub,500000,2,42.0,False,2,50,49,True,1.0,1,500000,500000,25249571,707,707,20,79,53,1,1,103.1220300700079,67.57940752500144
gumbel-iid-n500000-d10-seed42,synthetic,gumbel,iid,approx_knn_only,500000,10,42.0,False,2,50,49,True,1.0,1,500000,500000,25000000,0,707,3,525,125,1,1,137.4793056280032,65.31178200000431
gumbel-iid-n500000-d10-seed42,synthetic,gumbel,iid,random_sqrt_clique,500000,10,42.0,False,2,50,49,True,1.0,1,500000,500000,25249571,707,707,3,525,125,1,1,137.4793056280032,68.3084338339977
gumbel-iid-n500000-d10-seed42,synthetic,gumbel,iid,score_sg_antihub,500000,10,42.0,False,2,50,49,True,1.0,1,500000,500000,25249571,707,707,3,525,125,1,1,137.4793056280032,66.17489728500368
gumbel-separated-n500000-d10-seed42,synthetic,gumbel,separated_clusters,approx_knn_only,500000,10,42.0,False,2,50,49,False,0.0,6,83334,83333,25000000,0,707,2,516,279,1,1,120.3410298480012,64.92985743499594
gumbel-separated-n500000-d10-seed42,synthetic,gumbel,separated_clusters,random_sqrt_clique,500000,10,42.0,False,2,50,49,True,1.0,1,500000,500000,25249571,707,707,2,516,279,1,1,120.3410298480012,65.71281796500261
gumbel-separated-n500000-d10-seed42,synthetic,gumbel,separated_clusters,score_sg_antihub,500000,10,42.0,False,2,50,49,True,1.0,1,500000,500000,25249571,707,707,2,516,279,1,1,120.3410298480012,65.96471786599432
gumbel-iid-n500000-d32-seed42,synthetic,gumbel,iid,approx_knn_only,500000,32,42.0,False,2,50,49,True,1.0,1,500000,500000,25000000,0,707,0,4722,707,2,4,188.82903331899436,65.82192487800785
gumbel-iid-n500000-d32-seed42,synthetic,gumbel,iid,random_sqrt_clique,500000,32,42.0,False,2,50,49,True,1.0,1,500000,500000,25249571,707,707,0,4722,707,2,4,188.82903331899436,66.9600300710008
gumbel-iid-n500000-d32-seed42,synthetic,gumbel,iid,score_sg_antihub,500000,32,42.0,False,2,50,49,True,1.0,1,500000,500000,25249571,707,707,0,4722,707,2,4,188.82903331899436,66.43191672800458
gumbel-separated-n500000-d32-seed42,synthetic,gumbel,separated_clusters,approx_knn_only,500000,32,42.0,False,2,50,49,False,0.0,6,83334,83333,25000000,0,707,0,5647,707,2,2,151.21134460100438,67.7320117969939
gumbel-separated-n500000-d32-seed42,synthetic,gumbel,separated_clusters,random_sqrt_clique,500000,32,42.0,False,2,50,49,True,1.0,1,500000,500000,25249571,707,707,0,5647,707,2,2,151.21134460100438,67.74733512000239
gumbel-separated-n500000-d32-seed42,synthetic,gumbel,separated_clusters,score_sg_antihub,500000,32,42.0,False,2,50,49,True,1.0,1,500000,500000,25249571,707,707,0,5647,707,2,2,151.21134460100438,66.72291267401306
gumbel-iid-n500000-d64-seed42,synthetic,gumbel,iid,approx_knn_only,500000,64,42.0,False,2,50,49,True,1.0,1,500000,500000,25000000,0,707,0,26819,707,1,2,243.32646429199667,64.08597895200364
gumbel-iid-n500000-d64-seed42,synthetic,gumbel,iid,random_sqrt_clique,500000,64,42.0,False,2,50,49,True,1.0,1,500000,500000,25249571,707,707,0,26819,707,1,2,243.32646429199667,65.21391414399841
gumbel-iid-n500000-d64-seed42,synthetic,gumbel,iid,score_sg_antihub,500000,64,42.0,False,2,50,49,True,1.0,1,500000,500000,25249571,707,707,0,26819,707,1,2,243.32646429199667,65.40423150200513
gumbel-separated-n500000-d64-seed42,synthetic,gumbel,separated_clusters,approx_knn_only,500000,64,42.0,False,2,50,49,False,0.0,6,83334,83333,25000000,0,707,0,25845,707,1,1,189.6291079049988,64.71829315701325
gumbel-separated-n500000-d64-seed42,synthetic,gumbel,separated_clusters,random_sqrt_clique,500000,64,42.0,False,2,50,49,True,1.0,1,500000,500000,25249571,707,707,0,25845,707,1,1,189.6291079049988,65.49138101899007
gumbel-separated-n500000-d64-seed42,synthetic,gumbel,separated_clusters,score_sg_antihub,500000,64,42.0,False,2,50,49,True,1.0,1,500000,500000,25249571,707,707,0,25845,707,1,1,189.6291079049988,65.6054427850031
gumbel-iid-n500000-d128-seed42,synthetic,gumbel,iid,approx_knn_only,500000,128,42.0,False,2,50,49,True,1.0,1,500000,500000,25000000,0,707,0,98888,707,1,1,282.57669733901275,64.09259867899527
gumbel-iid-n500000-d128-seed42,synthetic,gumbel,iid,random_sqrt_clique,500000,128,42.0,False,2,50,49,True,1.0,1,500000,500000,25249571,707,707,0,98888,707,1,1,282.57669733901275,65.0635942670051
gumbel-iid-n500000-d128-seed42,synthetic,gumbel,iid,score_sg_antihub,500000,128,42.0,False,2,50,49,True,1.0,1,500000,500000,25249571,707,707,0,98888,707,1,1,282.57669733901275,65.22907574501005
gumbel-separated-n500000-d128-seed42,synthetic,gumbel,separated_clusters,approx_knn_only,500000,128,42.0,False,2,50,49,False,0.0,6,83334,83333,25000000,0,707,0,78037,707,1,1,231.50833516700368,65.15873672600719
gumbel-separated-n500000-d128-seed42,synthetic,gumbel,separated_clusters,random_sqrt_clique,500000,128,42.0,False,2,50,49,True,1.0,1,500000,500000,25249571,707,707,0,78037,707,1,1,231.50833516700368,65.4512894530053
gumbel-separated-n500000-d128-seed42,synthetic,gumbel,separated_clusters,score_sg_antihub,500000,128,42.0,False,2,50,49,True,1.0,1,500000,500000,25249571,707,707,0,78037,707,1,1,231.50833516700368,66.07616041699657
gumbel-iid-n1000000-d2-seed42,synthetic,gumbel,iid,approx_knn_only,1000000,2,42.0,False,2,50,49,True,1.0,1,1000000,1000000,50000000,0,1000,33,313,104,1,3,227.9740080920019,139.51679061999312
gumbel-iid-n1000000-d2-seed42,synthetic,gumbel,iid,random_sqrt_clique,1000000,2,42.0,False,2,50,49,True,1.0,1,1000000,1000000,50499500,1000,1000,33,313,104,1,3,227.9740080920019,139.7134456509957
gumbel-iid-n1000000-d2-seed42,synthetic,gumbel,iid,score_sg_antihub,1000000,2,42.0,False,2,50,49,True,1.0,1,1000000,1000000,50499500,1000,1000,33,313,104,1,3,227.9740080920019,141.2758174599876
gumbel-separated-n1000000-d2-seed42,synthetic,gumbel,separated_clusters,approx_knn_only,1000000,2,42.0,False,2,50,49,True,1.0,1,1000000,1000000,50000000,0,1000,22,111,30,1,1,212.4217379299953,140.20126216000062
gumbel-separated-n1000000-d2-seed42,synthetic,gumbel,separated_clusters,random_sqrt_clique,1000000,2,42.0,False,2,50,49,True,1.0,1,1000000,1000000,50499500,1000,1000,22,111,30,1,1,212.4217379299953,140.24368184299965
gumbel-separated-n1000000-d2-seed42,synthetic,gumbel,separated_clusters,score_sg_antihub,1000000,2,42.0,False,2,50,49,True,1.0,1,1000000,1000000,50499500,1000,1000,22,111,30,1,1,212.4217379299953,138.77111269399757
gumbel-iid-n1000000-d10-seed42,synthetic,gumbel,iid,approx_knn_only,1000000,10,42.0,False,2,50,49,True,1.0,1,1000000,1000000,50000000,0,1000,2,567,567,1,1,261.88135105399124,130.62119043599523
gumbel-iid-n1000000-d10-seed42,synthetic,gumbel,iid,random_sqrt_clique,1000000,10,42.0,False,2,50,49,True,1.0,1,1000000,1000000,50499500,1000,1000,2,567,567,1,1,261.88135105399124,132.48275846100296
gumbel-iid-n1000000-d10-seed42,synthetic,gumbel,iid,score_sg_antihub,1000000,10,42.0,False,2,50,49,True,1.0,1,1000000,1000000,50499500,1000,1000,2,567,567,1,1,261.88135105399124,131.17540902699693
gumbel-separated-n1000000-d10-seed42,synthetic,gumbel,separated_clusters,approx_knn_only,1000000,10,42.0,False,2,50,49,False,0.0,6,166667,166666,50000000,0,1000,2,868,362,1,1,246.14613971300423,132.0393438550091
gumbel-separated-n1000000-d10-seed42,synthetic,gumbel,separated_clusters,random_sqrt_clique,1000000,10,42.0,False,2,50,49,True,1.0,1,1000000,1000000,50499500,1000,1000,2,868,362,1,1,246.14613971300423,134.7223917980009
gumbel-separated-n1000000-d10-seed42,synthetic,gumbel,separated_clusters,score_sg_antihub,1000000,10,42.0,False,2,50,49,True,1.0,1,1000000,1000000,50499500,1000,1000,2,868,362,1,1,246.14613971300423,133.19817655399677
gumbel-iid-n1000000-d32-seed42,synthetic,gumbel,iid,approx_knn_only,1000000,32,42.0,False,2,50,49,True,1.0,1,1000000,1000000,50000000,0,1000,0,8744,1000,5,6,400.0507243610045,128.9487078050006
gumbel-iid-n1000000-d32-seed42,synthetic,gumbel,iid,random_sqrt_clique,1000000,32,42.0,False,2,50,49,True,1.0,1,1000000,1000000,50499500,1000,1000,0,8744,1000,5,6,400.0507243610045,130.77488094799628
gumbel-iid-n1000000-d32-seed42,synthetic,gumbel,iid,score_sg_antihub,1000000,32,42.0,False,2,50,49,True,1.0,1,1000000,1000000,50499500,1000,1000,0,8744,1000,5,6,400.0507243610045,131.47450109900092
gumbel-separated-n1000000-d32-seed42,synthetic,gumbel,separated_clusters,approx_knn_only,1000000,32,42.0,False,2,50,49,False,0.0,6,166667,166666,50000000,0,1000,0,10544,1000,2,4,321.8683389630023,128.66334934199404
gumbel-separated-n1000000-d32-seed42,synthetic,gumbel,separated_clusters,random_sqrt_clique,1000000,32,42.0,False,2,50,49,True,1.0,1,1000000,1000000,50499500,1000,1000,0,10544,1000,2,4,321.8683389630023,130.66504407199682
gumbel-separated-n1000000-d32-seed42,synthetic,gumbel,separated_clusters,score_sg_antihub,1000000,32,42.0,False,2,50,49,True,1.0,1,1000000,1000000,50499500,1000,1000,0,10544,1000,2,4,321.8683389630023,129.73440636499436
gumbel-iid-n1000000-d64-seed42,synthetic,gumbel,iid,approx_knn_only,1000000,64,42.0,False,2,50,49,True,1.0,1,1000000,1000000,50000000,0,1000,0,53842,1000,3,3,520.916880949997,127.39325019899115
gumbel-iid-n1000000-d64-seed42,synthetic,gumbel,iid,random_sqrt_clique,1000000,64,42.0,False,2,50,49,True,1.0,1,1000000,1000000,50499500,1000,1000,0,53842,1000,3,3,520.916880949997,128.82397029899585
gumbel-iid-n1000000-d64-seed42,synthetic,gumbel,iid,score_sg_antihub,1000000,64,42.0,False,2,50,49,True,1.0,1,1000000,1000000,50499500,1000,1000,0,53842,1000,3,3,520.916880949997,128.76553550599783
gumbel-separated-n1000000-d64-seed42,synthetic,gumbel,separated_clusters,approx_knn_only,1000000,64,42.0,False,2,50,49,False,0.0,6,166667,166666,50000000,0,1000,0,52570,1000,2,4,425.2055719140044,127.2695669010136
gumbel-separated-n1000000-d64-seed42,synthetic,gumbel,separated_clusters,random_sqrt_clique,1000000,64,42.0,False,2,50,49,True,1.0,1,1000000,1000000,50499500,1000,1000,0,52570,1000,2,4,425.2055719140044,129.98317479800608
gumbel-separated-n1000000-d64-seed42,synthetic,gumbel,separated_clusters,score_sg_antihub,1000000,64,42.0,False,2,50,49,True,1.0,1,1000000,1000000,50499500,1000,1000,0,52570,1000,2,4,425.2055719140044,127.68724858999484
gumbel-iid-n1000000-d128-seed42,synthetic,gumbel,iid,approx_knn_only,1000000,128,42.0,False,2,50,49,True,1.0,1,1000000,1000000,50000000,0,1000,0,214122,1000,1,1,583.1629985250038,129.10827598899778
gumbel-iid-n1000000-d128-seed42,synthetic,gumbel,iid,random_sqrt_clique,1000000,128,42.0,False,2,50,49,True,1.0,1,1000000,1000000,50499500,1000,1000,0,214122,1000,1,1,583.1629985250038,130.68494585900044
gumbel-iid-n1000000-d128-seed42,synthetic,gumbel,iid,score_sg_antihub,1000000,128,42.0,False,2,50,49,True,1.0,1,1000000,1000000,50499500,1000,1000,0,214122,1000,1,1,583.1629985250038,131.7977619690064
gumbel-separated-n1000000-d128-seed42,synthetic,gumbel,separated_clusters,approx_knn_only,1000000,128,42.0,False,2,50,49,False,0.0,6,166667,166666,50000000,0,1000,0,170129,1000,1,1,510.80200096499175,131.50320303499757
gumbel-separated-n1000000-d128-seed42,synthetic,gumbel,separated_clusters,random_sqrt_clique,1000000,128,42.0,False,2,50,49,True,1.0,1,1000000,1000000,50499500,1000,1000,0,170129,1000,1,1,510.80200096499175,132.588619001006
gumbel-separated-n1000000-d128-seed42,synthetic,gumbel,separated_clusters,score_sg_antihub,1000000,128,42.0,False,2,50,49,True,1.0,1,1000000,1000000,50499500,1000,1000,0,170129,1000,1,1,510.80200096499175,132.57368923298782
logistic-iid-n1000-d2-seed42,synthetic,logistic,iid,approx_knn_only,1000,2,42.0,False,2,50,49,True,1.0,1,1000,1000,50000,0,31,15,5,3,1,1,18.240517347992864,0.1170442839938914
logistic-iid-n1000-d2-seed42,synthetic,logistic,iid,random_sqrt_clique,1000,2,42.0,False,2,50,49,True,1.0,1,1000,1000,50465,31,31,15,5,3,1,1,18.240517347992864,0.1228682460059644
logistic-iid-n1000-d2-seed42,synthetic,logistic,iid,score_sg_antihub,1000,2,42.0,False,2,50,49,True,1.0,1,1000,1000,50465,31,31,15,5,3,1,1,18.240517347992864,0.1259430999925825
logistic-separated-n1000-d2-seed42,synthetic,logistic,separated_clusters,approx_knn_only,1000,2,42.0,False,2,50,49,False,0.0,6,167,166,50000,0,31,8,5,5,1,1,0.3227456960012205,0.1182143850019201
logistic-separated-n1000-d2-seed42,synthetic,logistic,separated_clusters,random_sqrt_clique,1000,2,42.0,False,2,50,49,True,1.0,1,1000,1000,50465,31,31,8,5,5,1,1,0.3227456960012205,0.1169157319964142
logistic-separated-n1000-d2-seed42,synthetic,logistic,separated_clusters,score_sg_antihub,1000,2,42.0,False,2,50,49,True,1.0,1,1000,1000,50465,31,31,8,5,5,1,1,0.3227456960012205,0.1134305460000177
logistic-iid-n1000-d10-seed42,synthetic,logistic,iid,approx_knn_only,1000,10,42.0,False,2,50,49,True,1.0,1,1000,1000,50000,0,31,4,10,2,1,1,17.62238392001018,0.1125930099951801
logistic-iid-n1000-d10-seed42,synthetic,logistic,iid,random_sqrt_clique,1000,10,42.0,False,2,50,49,True,1.0,1,1000,1000,50465,31,31,4,10,2,1,1,17.62238392001018,0.1071481709950603
logistic-iid-n1000-d10-seed42,synthetic,logistic,iid,score_sg_antihub,1000,10,42.0,False,2,50,49,True,1.0,1,1000,1000,50465,31,31,4,10,2,1,1,17.62238392001018,0.1072822919959435
logistic-separated-n1000-d10-seed42,synthetic,logistic,separated_clusters,approx_knn_only,1000,10,42.0,False,2,50,49,False,0.0,6,167,166,50000,0,31,4,8,5,1,1,0.3392534570011776,0.1194112179946387
logistic-separated-n1000-d10-seed42,synthetic,logistic,separated_clusters,random_sqrt_clique,1000,10,42.0,False,2,50,49,True,1.0,1,1000,1000,50465,31,31,4,8,5,1,1,0.3392534570011776,0.1176426640013232
logistic-separated-n1000-d10-seed42,synthetic,logistic,separated_clusters,score_sg_antihub,1000,10,42.0,False,2,50,49,True,1.0,1,1000,1000,50465,31,31,4,8,5,1,1,0.3392534570011776,0.1122388439980568
logistic-iid-n1000-d32-seed42,synthetic,logistic,iid,approx_knn_only,1000,32,42.0,False,2,50,49,True,1.0,1,1000,1000,50000,0,31,0,33,31,1,1,17.674743260999094,0.1211058609915198
logistic-iid-n1000-d32-seed42,synthetic,logistic,iid,random_sqrt_clique,1000,32,42.0,False,2,50,49,True,1.0,1,1000,1000,50465,31,31,0,33,31,1,1,17.674743260999094,0.1130395279906224
logistic-iid-n1000-d32-seed42,synthetic,logistic,iid,score_sg_antihub,1000,32,42.0,False,2,50,49,True,1.0,1,1000,1000,50465,31,31,0,33,31,1,1,17.674743260999094,0.1139069079945329
logistic-separated-n1000-d32-seed42,synthetic,logistic,separated_clusters,approx_knn_only,1000,32,42.0,False,2,50,49,False,0.0,6,167,166,50000,0,31,3,12,8,1,1,0.3386633339978289,0.1264398880011867
logistic-separated-n1000-d32-seed42,synthetic,logistic,separated_clusters,random_sqrt_clique,1000,32,42.0,False,2,50,49,True,1.0,1,1000,1000,50465,31,31,3,12,8,1,1,0.3386633339978289,0.1260529709979891
logistic-separated-n1000-d32-seed42,synthetic,logistic,separated_clusters,score_sg_antihub,1000,32,42.0,False,2,50,49,True,1.0,1,1000,1000,50465,31,31,3,12,8,1,1,0.3386633339978289,0.1283349629957229
logistic-iid-n1000-d64-seed42,synthetic,logistic,iid,approx_knn_only,1000,64,42.0,False,2,50,49,True,1.0,1,1000,1000,50000,0,31,0,54,31,1,1,17.63951749399712,0.1155780230037635
logistic-iid-n1000-d64-seed42,synthetic,logistic,iid,random_sqrt_clique,1000,64,42.0,False,2,50,49,True,1.0,1,1000,1000,50465,31,31,0,54,31,1,1,17.63951749399712,0.1213726959977066
logistic-iid-n1000-d64-seed42,synthetic,logistic,iid,score_sg_antihub,1000,64,42.0,False,2,50,49,True,1.0,1,1000,1000,50465,31,31,0,54,31,1,1,17.63951749399712,0.1224824709934182
logistic-separated-n1000-d64-seed42,synthetic,logistic,separated_clusters,approx_knn_only,1000,64,42.0,False,2,50,49,False,0.0,6,167,166,50000,0,31,2,13,8,1,1,0.3480036920082057,0.1212020810053218
logistic-separated-n1000-d64-seed42,synthetic,logistic,separated_clusters,random_sqrt_clique,1000,64,42.0,False,2,50,49,True,1.0,1,1000,1000,50465,31,31,2,13,8,1,1,0.3480036920082057,0.1249984809983288
logistic-separated-n1000-d64-seed42,synthetic,logistic,separated_clusters,score_sg_antihub,1000,64,42.0,False,2,50,49,True,1.0,1,1000,1000,50465,31,31,2,13,8,1,1,0.3480036920082057,0.1231758950016228
logistic-iid-n1000-d128-seed42,synthetic,logistic,iid,approx_knn_only,1000,128,42.0,False,2,50,49,True,1.0,1,1000,1000,50000,0,31,0,56,31,1,1,17.61526773699734,0.1279456159973051
logistic-iid-n1000-d128-seed42,synthetic,logistic,iid,random_sqrt_clique,1000,128,42.0,False,2,50,49,True,1.0,1,1000,1000,50465,31,31,0,56,31,1,1,17.61526773699734,0.1240940440038684
logistic-iid-n1000-d128-seed42,synthetic,logistic,iid,score_sg_antihub,1000,128,42.0,False,2,50,49,True,1.0,1,1000,1000,50465,31,31,0,56,31,1,1,17.61526773699734,0.1225383440032601
logistic-separated-n1000-d128-seed42,synthetic,logistic,separated_clusters,approx_knn_only,1000,128,42.0,False,2,50,49,False,0.0,6,167,166,50000,0,31,2,27,9,1,1,0.3619382390024839,0.1197726570098893
logistic-separated-n1000-d128-seed42,synthetic,logistic,separated_clusters,random_sqrt_clique,1000,128,42.0,False,2,50,49,True,1.0,1,1000,1000,50465,31,31,2,27,9,1,1,0.3619382390024839,0.1138183219882194
logistic-separated-n1000-d128-seed42,synthetic,logistic,separated_clusters,score_sg_antihub,1000,128,42.0,False,2,50,49,True,1.0,1,1000,1000,50465,31,31,2,27,9,1,1,0.3619382390024839,0.1127288269926793
logistic-iid-n5000-d2-seed42,synthetic,logistic,iid,approx_knn_only,5000,2,42.0,False,2,50,49,True,1.0,1,5000,5000,250000,0,70,20,8,4,1,1,18.456795942009197,0.5659428359940648
logistic-iid-n5000-d2-seed42,synthetic,logistic,iid,random_sqrt_clique,5000,2,42.0,False,2,50,49,True,1.0,1,5000,5000,252415,70,70,20,8,4,1,1,18.456795942009197,0.5703429109998979
logistic-iid-n5000-d2-seed42,synthetic,logistic,iid,score_sg_antihub,5000,2,42.0,False,2,50,49,True,1.0,1,5000,5000,252415,70,70,20,8,4,1,1,18.456795942009197,0.5604502919886727
logistic-separated-n5000-d2-seed42,synthetic,logistic,separated_clusters,approx_knn_only,5000,2,42.0,False,2,50,49,False,0.0,6,834,833,250000,0,70,10,13,8,2,2,1.132733782986179,0.6935189149953658
logistic-separated-n5000-d2-seed42,synthetic,logistic,separated_clusters,random_sqrt_clique,5000,2,42.0,False,2,50,49,True,1.0,1,5000,5000,252415,70,70,10,13,8,2,2,1.132733782986179,0.5562697020068299
logistic-separated-n5000-d2-seed42,synthetic,logistic,separated_clusters,score_sg_antihub,5000,2,42.0,False,2,50,49,True,1.0,1,5000,5000,252415,70,70,10,13,8,2,2,1.132733782986179,0.5601483030040981
logistic-iid-n5000-d10-seed42,synthetic,logistic,iid,approx_knn_only,5000,10,42.0,False,2,50,49,True,1.0,1,5000,5000,250000,0,70,2,42,29,1,1,18.514004232012667,0.5658703329972923
logistic-iid-n5000-d10-seed42,synthetic,logistic,iid,random_sqrt_clique,5000,10,42.0,False,2,50,49,True,1.0,1,5000,5000,252415,70,70,2,42,29,1,1,18.514004232012667,0.5713595760025783
logistic-iid-n5000-d10-seed42,synthetic,logistic,iid,score_sg_antihub,5000,10,42.0,False,2,50,49,True,1.0,1,5000,5000,252415,70,70,2,42,29,1,1,18.514004232012667,0.5952115260006394
logistic-separated-n5000-d10-seed42,synthetic,logistic,separated_clusters,approx_knn_only,5000,10,42.0,False,2,50,49,False,0.0,6,834,833,250000,0,70,2,48,4,1,1,1.0989601010078331,0.6599563909985591
logistic-separated-n5000-d10-seed42,synthetic,logistic,separated_clusters,random_sqrt_clique,5000,10,42.0,False,2,50,49,True,1.0,1,5000,5000,252415,70,70,2,48,4,1,1,1.0989601010078331,0.580880662004347
logistic-separated-n5000-d10-seed42,synthetic,logistic,separated_clusters,score_sg_antihub,5000,10,42.0,False,2,50,49,True,1.0,1,5000,5000,252415,70,70,2,48,4,1,1,1.0989601010078331,0.5666204689914593
logistic-iid-n5000-d32-seed42,synthetic,logistic,iid,approx_knn_only,5000,32,42.0,False,2,50,49,True,1.0,1,5000,5000,250000,0,70,0,199,70,1,1,18.551115559006572,0.5740466099960031
logistic-iid-n5000-d32-seed42,synthetic,logistic,iid,random_sqrt_clique,5000,32,42.0,False,2,50,49,True,1.0,1,5000,5000,252415,70,70,0,199,70,1,1,18.551115559006572,0.5983780359965749
logistic-iid-n5000-d32-seed42,synthetic,logistic,iid,score_sg_antihub,5000,32,42.0,False,2,50,49,True,1.0,1,5000,5000,252415,70,70,0,199,70,1,1,18.551115559006572,0.6113686989992857
logistic-separated-n5000-d32-seed42,synthetic,logistic,separated_clusters,approx_knn_only,5000,32,42.0,False,2,50,49,False,0.0,6,834,833,250000,0,70,0,113,70,1,1,1.055251069003134,0.6710842470056377
logistic-separated-n5000-d32-seed42,synthetic,logistic,separated_clusters,random_sqrt_clique,5000,32,42.0,False,2,50,49,True,1.0,1,5000,5000,252415,70,70,0,113,70,1,1,1.055251069003134,0.5512839709990658
logistic-separated-n5000-d32-seed42,synthetic,logistic,separated_clusters,score_sg_antihub,5000,32,42.0,False,2,50,49,True,1.0,1,5000,5000,252415,70,70,0,113,70,1,1,1.055251069003134,0.5690940790082095
logistic-iid-n5000-d64-seed42,synthetic,logistic,iid,approx_knn_only,5000,64,42.0,False,2,50,49,True,1.0,1,5000,5000,250000,0,70,0,372,70,1,1,18.64056699500361,0.582924030997674
logistic-iid-n5000-d64-seed42,synthetic,logistic,iid,random_sqrt_clique,5000,64,42.0,False,2,50,49,True,1.0,1,5000,5000,252415,70,70,0,372,70,1,1,18.64056699500361,0.5721110390004469
logistic-iid-n5000-d64-seed42,synthetic,logistic,iid,score_sg_antihub,5000,64,42.0,False,2,50,49,True,1.0,1,5000,5000,252415,70,70,0,372,70,1,1,18.64056699500361,0.5465926979959477
logistic-separated-n5000-d64-seed42,synthetic,logistic,separated_clusters,approx_knn_only,5000,64,42.0,False,2,50,49,False,0.0,6,834,833,250000,0,70,0,227,70,1,1,1.1309567989956122,0.6493707759946119
logistic-separated-n5000-d64-seed42,synthetic,logistic,separated_clusters,random_sqrt_clique,5000,64,42.0,False,2,50,49,True,1.0,1,5000,5000,252415,70,70,0,227,70,1,1,1.1309567989956122,0.6254268159973435
logistic-separated-n5000-d64-seed42,synthetic,logistic,separated_clusters,score_sg_antihub,5000,64,42.0,False,2,50,49,True,1.0,1,5000,5000,252415,70,70,0,227,70,1,1,1.1309567989956122,0.5608072969916975
logistic-iid-n5000-d128-seed42,synthetic,logistic,iid,approx_knn_only,5000,128,42.0,False,2,50,49,True,1.0,1,5000,5000,250000,0,70,0,621,70,1,1,19.216010931995697,0.5710814469930483
logistic-iid-n5000-d128-seed42,synthetic,logistic,iid,random_sqrt_clique,5000,128,42.0,False,2,50,49,True,1.0,1,5000,5000,252415,70,70,0,621,70,1,1,19.216010931995697,0.575478925005882
logistic-iid-n5000-d128-seed42,synthetic,logistic,iid,score_sg_antihub,5000,128,42.0,False,2,50,49,True,1.0,1,5000,5000,252415,70,70,0,621,70,1,1,19.216010931995697,0.6118761009856826
logistic-separated-n5000-d128-seed42,synthetic,logistic,separated_clusters,approx_knn_only,5000,128,42.0,False,2,50,49,False,0.0,6,834,833,250000,0,70,0,309,70,1,1,1.3351410159957595,0.6578340119885979
logistic-separated-n5000-d128-seed42,synthetic,logistic,separated_clusters,random_sqrt_clique,5000,128,42.0,False,2,50,49,True,1.0,1,5000,5000,252415,70,70,0,309,70,1,1,1.3351410159957595,0.5882234840100864
logistic-separated-n5000-d128-seed42,synthetic,logistic,separated_clusters,score_sg_antihub,5000,128,42.0,False,2,50,49,True,1.0,1,5000,5000,252415,70,70,0,309,70,1,1,1.3351410159957595,0.5823180479928851
logistic-iid-n10000-d2-seed42,synthetic,logistic,iid,approx_knn_only,10000,2,42.0,False,2,50,49,True,1.0,1,10000,10000,500000,0,100,23,8,5,1,1,19.425460725004086,1.1722909720119787
logistic-iid-n10000-d2-seed42,synthetic,logistic,iid,random_sqrt_clique,10000,2,42.0,False,2,50,49,True,1.0,1,10000,10000,504950,100,100,23,8,5,1,1,19.425460725004086,1.0992889199987983
logistic-iid-n10000-d2-seed42,synthetic,logistic,iid,score_sg_antihub,10000,2,42.0,False,2,50,49,True,1.0,1,10000,10000,504950,100,100,23,8,5,1,1,19.425460725004086,1.1070672169880709
logistic-separated-n10000-d2-seed42,synthetic,logistic,separated_clusters,approx_knn_only,10000,2,42.0,False,2,50,49,False,0.0,6,1667,1666,500000,0,100,11,19,10,1,1,2.205405918008182,1.074252537000575
logistic-separated-n10000-d2-seed42,synthetic,logistic,separated_clusters,random_sqrt_clique,10000,2,42.0,False,2,50,49,True,1.0,1,10000,10000,504950,100,100,11,19,10,1,1,2.205405918008182,1.164817848999519
logistic-separated-n10000-d2-seed42,synthetic,logistic,separated_clusters,score_sg_antihub,10000,2,42.0,False,2,50,49,True,1.0,1,10000,10000,504950,100,100,11,19,10,1,1,2.205405918008182,1.1767416170041545
logistic-iid-n10000-d10-seed42,synthetic,logistic,iid,approx_knn_only,10000,10,42.0,False,2,50,49,True,1.0,1,10000,10000,500000,0,100,2,48,29,1,1,19.84143503199448,1.1628916090121493
logistic-iid-n10000-d10-seed42,synthetic,logistic,iid,random_sqrt_clique,10000,10,42.0,False,2,50,49,True,1.0,1,10000,10000,504950,100,100,2,48,29,1,1,19.84143503199448,1.2050683580018813
logistic-iid-n10000-d10-seed42,synthetic,logistic,iid,score_sg_antihub,10000,10,42.0,False,2,50,49,True,1.0,1,10000,10000,504950,100,100,2,48,29,1,1,19.84143503199448,1.1333348240004852
logistic-separated-n10000-d10-seed42,synthetic,logistic,separated_clusters,approx_knn_only,10000,10,42.0,False,2,50,49,False,0.0,6,1667,1666,500000,0,100,1,82,57,1,1,2.194452705996809,1.1597150409943424
logistic-separated-n10000-d10-seed42,synthetic,logistic,separated_clusters,random_sqrt_clique,10000,10,42.0,False,2,50,49,True,1.0,1,10000,10000,504950,100,100,1,82,57,1,1,2.194452705996809,1.1414920239913044
logistic-separated-n10000-d10-seed42,synthetic,logistic,separated_clusters,score_sg_antihub,10000,10,42.0,False,2,50,49,True,1.0,1,10000,10000,504950,100,100,1,82,57,1,1,2.194452705996809,1.196614586006035
logistic-iid-n10000-d32-seed42,synthetic,logistic,iid,approx_knn_only,10000,32,42.0,False,2,50,49,True,1.0,1,10000,10000,500000,0,100,0,354,100,1,1,19.817849376995586,1.1225479099957738
logistic-iid-n10000-d32-seed42,synthetic,logistic,iid,random_sqrt_clique,10000,32,42.0,False,2,50,49,True,1.0,1,10000,10000,504950,100,100,0,354,100,1,1,19.817849376995586,1.1362579880078556
logistic-iid-n10000-d32-seed42,synthetic,logistic,iid,score_sg_antihub,10000,32,42.0,False,2,50,49,True,1.0,1,10000,10000,504950,100,100,0,354,100,1,1,19.817849376995586,1.209273132000817
logistic-separated-n10000-d32-seed42,synthetic,logistic,separated_clusters,approx_knn_only,10000,32,42.0,False,2,50,49,False,0.0,6,1667,1666,500000,0,100,0,311,100,1,1,2.236023973004194,1.2274996009946335
logistic-separated-n10000-d32-seed42,synthetic,logistic,separated_clusters,random_sqrt_clique,10000,32,42.0,False,2,50,49,True,1.0,1,10000,10000,504950,100,100,0,311,100,1,1,2.236023973004194,1.1546286699885968
logistic-separated-n10000-d32-seed42,synthetic,logistic,separated_clusters,score_sg_antihub,10000,32,42.0,False,2,50,49,True,1.0,1,10000,10000,504950,100,100,0,311,100,1,1,2.236023973004194,1.093620321000344
logistic-iid-n10000-d64-seed42,synthetic,logistic,iid,approx_knn_only,10000,64,42.0,False,2,50,49,True,1.0,1,10000,10000,500000,0,100,0,862,100,1,2,20.060420437992438,1.133962588995928
logistic-iid-n10000-d64-seed42,synthetic,logistic,iid,random_sqrt_clique,10000,64,42.0,False,2,50,49,True,1.0,1,10000,10000,504950,100,100,0,862,100,1,2,20.060420437992438,1.121682939992752
logistic-iid-n10000-d64-seed42,synthetic,logistic,iid,score_sg_antihub,10000,64,42.0,False,2,50,49,True,1.0,1,10000,10000,504950,100,100,0,862,100,1,2,20.060420437992438,1.169700059996103
logistic-separated-n10000-d64-seed42,synthetic,logistic,separated_clusters,approx_knn_only,10000,64,42.0,False,2,50,49,False,0.0,6,1667,1666,500000,0,100,0,571,100,1,1,2.25385280699993,1.121435783992638
logistic-separated-n10000-d64-seed42,synthetic,logistic,separated_clusters,random_sqrt_clique,10000,64,42.0,False,2,50,49,True,1.0,1,10000,10000,504950,100,100,0,571,100,1,1,2.25385280699993,1.25080524700752
logistic-separated-n10000-d64-seed42,synthetic,logistic,separated_clusters,score_sg_antihub,10000,64,42.0,False,2,50,49,True,1.0,1,10000,10000,504950,100,100,0,571,100,1,1,2.25385280699993,1.1277908860065509
logistic-iid-n10000-d128-seed42,synthetic,logistic,iid,approx_knn_only,10000,128,42.0,False,2,50,49,True,1.0,1,10000,10000,500000,0,100,0,1417,100,1,1,20.56425812099769,1.1323146539943991
logistic-iid-n10000-d128-seed42,synthetic,logistic,iid,random_sqrt_clique,10000,128,42.0,False,2,50,49,True,1.0,1,10000,10000,504950,100,100,0,1417,100,1,1,20.56425812099769,1.1379063950007549
logistic-iid-n10000-d128-seed42,synthetic,logistic,iid,score_sg_antihub,10000,128,42.0,False,2,50,49,True,1.0,1,10000,10000,504950,100,100,0,1417,100,1,1,20.56425812099769,1.2020912619918818
logistic-separated-n10000-d128-seed42,synthetic,logistic,separated_clusters,approx_knn_only,10000,128,42.0,False,2,50,49,False,0.0,6,1667,1666,500000,0,100,0,869,100,1,1,2.6773805120028555,1.1940870380058186
logistic-separated-n10000-d128-seed42,synthetic,logistic,separated_clusters,random_sqrt_clique,10000,128,42.0,False,2,50,49,True,1.0,1,10000,10000,504950,100,100,0,869,100,1,1,2.6773805120028555,1.2170166159921791
logistic-separated-n10000-d128-seed42,synthetic,logistic,separated_clusters,score_sg_antihub,10000,128,42.0,False,2,50,49,True,1.0,1,10000,10000,504950,100,100,0,869,100,1,1,2.6773805120028555,1.302247442989028
logistic-iid-n25000-d2-seed42,synthetic,logistic,iid,approx_knn_only,25000,2,42.0,False,2,50,49,True,1.0,1,25000,25000,1250000,0,158,29,10,9,1,1,22.259139846995826,3.0774890540051274
logistic-iid-n25000-d2-seed42,synthetic,logistic,iid,random_sqrt_clique,25000,2,42.0,False,2,50,49,True,1.0,1,25000,25000,1262403,158,158,29,10,9,1,1,22.259139846995826,3.039597970011528
logistic-iid-n25000-d2-seed42,synthetic,logistic,iid,score_sg_antihub,25000,2,42.0,False,2,50,49,True,1.0,1,25000,25000,1262403,158,158,29,10,9,1,1,22.259139846995826,2.9153263209882425
logistic-separated-n25000-d2-seed42,synthetic,logistic,separated_clusters,approx_knn_only,25000,2,42.0,False,2,50,49,False,0.0,6,4167,4166,1250000,0,158,13,18,9,1,1,5.095428040993284,2.93936685200606
logistic-separated-n25000-d2-seed42,synthetic,logistic,separated_clusters,random_sqrt_clique,25000,2,42.0,False,2,50,49,True,1.0,1,25000,25000,1262403,158,158,13,18,9,1,1,5.095428040993284,3.034739130991511
logistic-separated-n25000-d2-seed42,synthetic,logistic,separated_clusters,score_sg_antihub,25000,2,42.0,False,2,50,49,True,1.0,1,25000,25000,1262403,158,158,13,18,9,1,1,5.095428040993284,3.059437288000481
logistic-iid-n25000-d10-seed42,synthetic,logistic,iid,approx_knn_only,25000,10,42.0,False,2,50,49,True,1.0,1,25000,25000,1250000,0,158,2,100,34,1,1,23.43228796699259,2.939235193989589
logistic-iid-n25000-d10-seed42,synthetic,logistic,iid,random_sqrt_clique,25000,10,42.0,False,2,50,49,True,1.0,1,25000,25000,1262403,158,158,2,100,34,1,1,23.43228796699259,2.9738964959979057
logistic-iid-n25000-d10-seed42,synthetic,logistic,iid,score_sg_antihub,25000,10,42.0,False,2,50,49,True,1.0,1,25000,25000,1262403,158,158,2,100,34,1,1,23.43228796699259,2.8650690889917314
logistic-separated-n25000-d10-seed42,synthetic,logistic,separated_clusters,approx_knn_only,25000,10,42.0,False,2,50,49,False,0.0,6,4167,4166,1250000,0,158,1,147,68,1,1,5.230247111991048,2.888265727000544
logistic-separated-n25000-d10-seed42,synthetic,logistic,separated_clusters,random_sqrt_clique,25000,10,42.0,False,2,50,49,True,1.0,1,25000,25000,1262403,158,158,1,147,68,1,1,5.230247111991048,2.9819314269989263
logistic-separated-n25000-d10-seed42,synthetic,logistic,separated_clusters,score_sg_antihub,25000,10,42.0,False,2,50,49,True,1.0,1,25000,25000,1262403,158,158,1,147,68,1,1,5.230247111991048,2.939679229995818
logistic-iid-n25000-d32-seed42,synthetic,logistic,iid,approx_knn_only,25000,32,42.0,False,2,50,49,True,1.0,1,25000,25000,1250000,0,158,0,921,158,1,1,23.69363465499191,2.874155817000428
logistic-iid-n25000-d32-seed42,synthetic,logistic,iid,random_sqrt_clique,25000,32,42.0,False,2,50,49,True,1.0,1,25000,25000,1262403,158,158,0,921,158,1,1,23.69363465499191,2.9751880249968963
logistic-iid-n25000-d32-seed42,synthetic,logistic,iid,score_sg_antihub,25000,32,42.0,False,2,50,49,True,1.0,1,25000,25000,1262403,158,158,0,921,158,1,1,23.69363465499191,2.935909747000551
logistic-separated-n25000-d32-seed42,synthetic,logistic,separated_clusters,approx_knn_only,25000,32,42.0,False,2,50,49,False,0.0,6,4167,4166,1250000,0,158,0,847,158,2,2,5.352656928007491,2.9545540389954112
logistic-separated-n25000-d32-seed42,synthetic,logistic,separated_clusters,random_sqrt_clique,25000,32,42.0,False,2,50,49,True,1.0,1,25000,25000,1262403,158,158,0,847,158,2,2,5.352656928007491,2.900440402008826
logistic-separated-n25000-d32-seed42,synthetic,logistic,separated_clusters,score_sg_antihub,25000,32,42.0,False,2,50,49,True,1.0,1,25000,25000,1262403,158,158,0,847,158,2,2,5.352656928007491,2.8916259039979195
logistic-iid-n25000-d64-seed42,synthetic,logistic,iid,approx_knn_only,25000,64,42.0,False,2,50,49,True,1.0,1,25000,25000,1250000,0,158,0,2425,158,1,1,24.826347516005622,2.979378233998432
logistic-iid-n25000-d64-seed42,synthetic,logistic,iid,random_sqrt_clique,25000,64,42.0,False,2,50,49,True,1.0,1,25000,25000,1262403,158,158,0,2425,158,1,1,24.826347516005622,2.942411266005365
logistic-iid-n25000-d64-seed42,synthetic,logistic,iid,score_sg_antihub,25000,64,42.0,False,2,50,49,True,1.0,1,25000,25000,1262403,158,158,0,2425,158,1,1,24.826347516005622,2.8429670309997164
logistic-separated-n25000-d64-seed42,synthetic,logistic,separated_clusters,approx_knn_only,25000,64,42.0,False,2,50,49,False,0.0,6,4167,4166,1250000,0,158,0,1715,158,1,1,6.031576706998749,2.886576666001929
logistic-separated-n25000-d64-seed42,synthetic,logistic,separated_clusters,random_sqrt_clique,25000,64,42.0,False,2,50,49,True,1.0,1,25000,25000,1262403,158,158,0,1715,158,1,1,6.031576706998749,3.088770153000951
logistic-separated-n25000-d64-seed42,synthetic,logistic,separated_clusters,score_sg_antihub,25000,64,42.0,False,2,50,49,True,1.0,1,25000,25000,1262403,158,158,0,1715,158,1,1,6.031576706998749,3.064925623999443
logistic-iid-n25000-d128-seed42,synthetic,logistic,iid,approx_knn_only,25000,128,42.0,False,2,50,49,True,1.0,1,25000,25000,1250000,0,158,0,4462,158,1,1,26.046895801002396,2.907611055998132
logistic-iid-n25000-d128-seed42,synthetic,logistic,iid,random_sqrt_clique,25000,128,42.0,False,2,50,49,True,1.0,1,25000,25000,1262403,158,158,0,4462,158,1,1,26.046895801002396,2.992761230008909
logistic-iid-n25000-d128-seed42,synthetic,logistic,iid,score_sg_antihub,25000,128,42.0,False,2,50,49,True,1.0,1,25000,25000,1262403,158,158,0,4462,158,1,1,26.046895801002396,2.8727597770048305
logistic-separated-n25000-d128-seed42,synthetic,logistic,separated_clusters,approx_knn_only,25000,128,42.0,False,2,50,49,False,0.0,6,4167,4166,1250000,0,158,0,2887,158,1,1,7.919020787987392,4.437986292992719
logistic-separated-n25000-d128-seed42,synthetic,logistic,separated_clusters,random_sqrt_clique,25000,128,42.0,False,2,50,49,True,1.0,1,25000,25000,1262403,158,158,0,2887,158,1,1,7.919020787987392,3.031149406990153
logistic-separated-n25000-d128-seed42,synthetic,logistic,separated_clusters,score_sg_antihub,25000,128,42.0,False,2,50,49,True,1.0,1,25000,25000,1262403,158,158,0,2887,158,1,1,7.919020787987392,3.061449436994735
logistic-iid-n50000-d2-seed42,synthetic,logistic,iid,approx_knn_only,50000,2,42.0,False,2,50,49,True,1.0,1,50000,50000,2500000,0,223,31,15,15,1,1,27.2325623910001,6.388917834992753
logistic-iid-n50000-d2-seed42,synthetic,logistic,iid,random_sqrt_clique,50000,2,42.0,False,2,50,49,True,1.0,1,50000,50000,2524753,223,223,31,15,15,1,1,27.2325623910001,6.346036810995429
logistic-iid-n50000-d2-seed42,synthetic,logistic,iid,score_sg_antihub,50000,2,42.0,False,2,50,49,True,1.0,1,50000,50000,2524753,223,223,31,15,15,1,1,27.2325623910001,6.264309353995486
logistic-separated-n50000-d2-seed42,synthetic,logistic,separated_clusters,approx_knn_only,50000,2,42.0,False,2,50,49,False,0.0,2,33333,16667,2500000,0,223,16,42,20,1,1,10.174591647009947,6.458700160990702
logistic-separated-n50000-d2-seed42,synthetic,logistic,separated_clusters,random_sqrt_clique,50000,2,42.0,False,2,50,49,True,1.0,1,50000,50000,2524753,223,223,16,42,20,1,1,10.174591647009947,6.364982636005152
logistic-separated-n50000-d2-seed42,synthetic,logistic,separated_clusters,score_sg_antihub,50000,2,42.0,False,2,50,49,True,1.0,1,50000,50000,2524753,223,223,16,42,20,1,1,10.174591647009947,6.396160727003007
logistic-iid-n50000-d10-seed42,synthetic,logistic,iid,approx_knn_only,50000,10,42.0,False,2,50,49,True,1.0,1,50000,50000,2500000,0,223,2,189,39,1,1,29.10955259000184,6.133703568004421
logistic-iid-n50000-d10-seed42,synthetic,logistic,iid,random_sqrt_clique,50000,10,42.0,False,2,50,49,True,1.0,1,50000,50000,2524753,223,223,2,189,39,1,1,29.10955259000184,6.030702436008141
logistic-iid-n50000-d10-seed42,synthetic,logistic,iid,score_sg_antihub,50000,10,42.0,False,2,50,49,True,1.0,1,50000,50000,2524753,223,223,2,189,39,1,1,29.10955259000184,6.299375460002921
logistic-separated-n50000-d10-seed42,synthetic,logistic,separated_clusters,approx_knn_only,50000,10,42.0,False,2,50,49,False,0.0,6,8334,8333,2500000,0,223,1,223,91,1,1,11.47886976400332,6.038980352997896
logistic-separated-n50000-d10-seed42,synthetic,logistic,separated_clusters,random_sqrt_clique,50000,10,42.0,False,2,50,49,True,1.0,1,50000,50000,2524753,223,223,1,223,91,1,1,11.47886976400332,6.221253890005755
logistic-separated-n50000-d10-seed42,synthetic,logistic,separated_clusters,score_sg_antihub,50000,10,42.0,False,2,50,49,True,1.0,1,50000,50000,2524753,223,223,1,223,91,1,1,11.47886976400332,6.139513304995489
logistic-iid-n50000-d32-seed42,synthetic,logistic,iid,approx_knn_only,50000,32,42.0,False,2,50,49,True,1.0,1,50000,50000,2500000,0,223,0,1809,223,1,3,30.918102576004458,6.035831465997035
logistic-iid-n50000-d32-seed42,synthetic,logistic,iid,random_sqrt_clique,50000,32,42.0,False,2,50,49,True,1.0,1,50000,50000,2524753,223,223,0,1809,223,1,3,30.918102576004458,6.199670022004284
logistic-iid-n50000-d32-seed42,synthetic,logistic,iid,score_sg_antihub,50000,32,42.0,False,2,50,49,True,1.0,1,50000,50000,2524753,223,223,0,1809,223,1,3,30.918102576004458,6.004716566007119
logistic-separated-n50000-d32-seed42,synthetic,logistic,separated_clusters,approx_knn_only,50000,32,42.0,False,2,50,49,False,0.0,6,8334,8333,2500000,0,223,0,1727,223,1,1,11.633015689003514,6.042735761002405
logistic-separated-n50000-d32-seed42,synthetic,logistic,separated_clusters,random_sqrt_clique,50000,32,42.0,False,2,50,49,True,1.0,1,50000,50000,2524753,223,223,0,1727,223,1,1,11.633015689003514,5.928864415007411
logistic-separated-n50000-d32-seed42,synthetic,logistic,separated_clusters,score_sg_antihub,50000,32,42.0,False,2,50,49,True,1.0,1,50000,50000,2524753,223,223,0,1727,223,1,1,11.633015689003514,5.99362600898894
logistic-iid-n50000-d64-seed42,synthetic,logistic,iid,approx_knn_only,50000,64,42.0,False,2,50,49,True,1.0,1,50000,50000,2500000,0,223,0,5273,223,2,2,33.86849109600007,5.823648128993227
logistic-iid-n50000-d64-seed42,synthetic,logistic,iid,random_sqrt_clique,50000,64,42.0,False,2,50,49,True,1.0,1,50000,50000,2524753,223,223,0,5273,223,2,2,33.86849109600007,5.974737323005684
logistic-iid-n50000-d64-seed42,synthetic,logistic,iid,score_sg_antihub,50000,64,42.0,False,2,50,49,True,1.0,1,50000,50000,2524753,223,223,0,5273,223,2,2,33.86849109600007,5.934063188993605
logistic-separated-n50000-d64-seed42,synthetic,logistic,separated_clusters,approx_knn_only,50000,64,42.0,False,2,50,49,False,0.0,6,8334,8333,2500000,0,223,0,4100,223,2,2,13.57456531499338,5.916721549001522
logistic-separated-n50000-d64-seed42,synthetic,logistic,separated_clusters,random_sqrt_clique,50000,64,42.0,False,2,50,49,True,1.0,1,50000,50000,2524753,223,223,0,4100,223,2,2,13.57456531499338,6.012374951009406
logistic-separated-n50000-d64-seed42,synthetic,logistic,separated_clusters,score_sg_antihub,50000,64,42.0,False,2,50,49,True,1.0,1,50000,50000,2524753,223,223,0,4100,223,2,2,13.57456531499338,5.936815502005629
logistic-iid-n50000-d128-seed42,synthetic,logistic,iid,approx_knn_only,50000,128,42.0,False,2,50,49,True,1.0,1,50000,50000,2500000,0,223,0,10529,223,1,1,36.5945735139976,6.10559189900232
logistic-iid-n50000-d128-seed42,synthetic,logistic,iid,random_sqrt_clique,50000,128,42.0,False,2,50,49,True,1.0,1,50000,50000,2524753,223,223,0,10529,223,1,1,36.5945735139976,6.159100779012078
logistic-iid-n50000-d128-seed42,synthetic,logistic,iid,score_sg_antihub,50000,128,42.0,False,2,50,49,True,1.0,1,50000,50000,2524753,223,223,0,10529,223,1,1,36.5945735139976,6.208470142009901
logistic-separated-n50000-d128-seed42,synthetic,logistic,separated_clusters,approx_knn_only,50000,128,42.0,False,2,50,49,False,0.0,6,8334,8333,2500000,0,223,0,6823,223,1,1,15.4952160440007,6.001796409997041
logistic-separated-n50000-d128-seed42,synthetic,logistic,separated_clusters,random_sqrt_clique,50000,128,42.0,False,2,50,49,True,1.0,1,50000,50000,2524753,223,223,0,6823,223,1,1,15.4952160440007,6.185270372996456
logistic-separated-n50000-d128-seed42,synthetic,logistic,separated_clusters,score_sg_antihub,50000,128,42.0,False,2,50,49,True,1.0,1,50000,50000,2524753,223,223,0,6823,223,1,1,15.4952160440007,6.282857465994312
logistic-iid-n100000-d2-seed42,synthetic,logistic,iid,approx_knn_only,100000,2,42.0,False,2,50,49,True,1.0,1,100000,100000,5000000,0,316,34,85,7,1,1,37.351366579998285,12.923151826995309
logistic-iid-n100000-d2-seed42,synthetic,logistic,iid,random_sqrt_clique,100000,2,42.0,False,2,50,49,True,1.0,1,100000,100000,5049770,316,316,34,85,7,1,1,37.351366579998285,13.05342468500021
logistic-iid-n100000-d2-seed42,synthetic,logistic,iid,score_sg_antihub,100000,2,42.0,False,2,50,49,True,1.0,1,100000,100000,5049770,316,316,34,85,7,1,1,37.351366579998285,12.954697982990185
logistic-separated-n100000-d2-seed42,synthetic,logistic,separated_clusters,approx_knn_only,100000,2,42.0,False,2,50,49,True,1.0,1,100000,100000,5000000,0,316,17,33,10,1,1,20.505900662989006,12.988363418000516
logistic-separated-n100000-d2-seed42,synthetic,logistic,separated_clusters,random_sqrt_clique,100000,2,42.0,False,2,50,49,True,1.0,1,100000,100000,5049770,316,316,17,33,10,1,1,20.505900662989006,13.142163423006425
logistic-separated-n100000-d2-seed42,synthetic,logistic,separated_clusters,score_sg_antihub,100000,2,42.0,False,2,50,49,True,1.0,1,100000,100000,5049770,316,316,17,33,10,1,1,20.505900662989006,13.084913817001508
logistic-iid-n100000-d10-seed42,synthetic,logistic,iid,approx_knn_only,100000,10,42.0,False,2,50,49,True,1.0,1,100000,100000,5000000,0,316,2,284,7,1,1,41.58054681601061,13.053242932001012
logistic-iid-n100000-d10-seed42,synthetic,logistic,iid,random_sqrt_clique,100000,10,42.0,False,2,50,49,True,1.0,1,100000,100000,5049770,316,316,2,284,7,1,1,41.58054681601061,12.78138848200615
logistic-iid-n100000-d10-seed42,synthetic,logistic,iid,score_sg_antihub,100000,10,42.0,False,2,50,49,True,1.0,1,100000,100000,5049770,316,316,2,284,7,1,1,41.58054681601061,12.463830571010476
logistic-separated-n100000-d10-seed42,synthetic,logistic,separated_clusters,approx_knn_only,100000,10,42.0,False,2,50,49,False,0.0,5,33333,16666,5000000,0,316,1,360,93,1,1,23.709153162999428,12.55021953600226
logistic-separated-n100000-d10-seed42,synthetic,logistic,separated_clusters,random_sqrt_clique,100000,10,42.0,False,2,50,49,True,1.0,1,100000,100000,5049770,316,316,1,360,93,1,1,23.709153162999428,12.494745755000622
logistic-separated-n100000-d10-seed42,synthetic,logistic,separated_clusters,score_sg_antihub,100000,10,42.0,False,2,50,49,True,1.0,1,100000,100000,5049770,316,316,1,360,93,1,1,23.709153162999428,12.48426347100758
logistic-iid-n100000-d32-seed42,synthetic,logistic,iid,approx_knn_only,100000,32,42.0,False,2,50,49,True,1.0,1,100000,100000,5000000,0,316,0,3544,316,1,2,48.21147881199431,12.82774559299287
logistic-iid-n100000-d32-seed42,synthetic,logistic,iid,random_sqrt_clique,100000,32,42.0,False,2,50,49,True,1.0,1,100000,100000,5049770,316,316,0,3544,316,1,2,48.21147881199431,13.12344971600396
logistic-iid-n100000-d32-seed42,synthetic,logistic,iid,score_sg_antihub,100000,32,42.0,False,2,50,49,True,1.0,1,100000,100000,5049770,316,316,0,3544,316,1,2,48.21147881199431,13.50218430699897
logistic-separated-n100000-d32-seed42,synthetic,logistic,separated_clusters,approx_knn_only,100000,32,42.0,False,2,50,49,False,0.0,6,16667,16666,5000000,0,316,0,3549,316,1,1,26.42846575099975,13.217962605005596
logistic-separated-n100000-d32-seed42,synthetic,logistic,separated_clusters,random_sqrt_clique,100000,32,42.0,False,2,50,49,True,1.0,1,100000,100000,5049770,316,316,0,3549,316,1,1,26.42846575099975,13.1955817979906
logistic-separated-n100000-d32-seed42,synthetic,logistic,separated_clusters,score_sg_antihub,100000,32,42.0,False,2,50,49,True,1.0,1,100000,100000,5049770,316,316,0,3549,316,1,1,26.42846575099975,13.07270588898973
logistic-iid-n100000-d64-seed42,synthetic,logistic,iid,approx_knn_only,100000,64,42.0,False,2,50,49,True,1.0,1,100000,100000,5000000,0,316,0,11295,316,1,2,53.88888072800182,12.460156824992737
logistic-iid-n100000-d64-seed42,synthetic,logistic,iid,random_sqrt_clique,100000,64,42.0,False,2,50,49,True,1.0,1,100000,100000,5049770,316,316,0,11295,316,1,2,53.88888072800182,12.760037150990684
logistic-iid-n100000-d64-seed42,synthetic,logistic,iid,score_sg_antihub,100000,64,42.0,False,2,50,49,True,1.0,1,100000,100000,5049770,316,316,0,11295,316,1,2,53.88888072800182,12.72489601399866
logistic-separated-n100000-d64-seed42,synthetic,logistic,separated_clusters,approx_knn_only,100000,64,42.0,False,2,50,49,False,0.0,6,16667,16666,5000000,0,316,0,9018,316,1,1,29.728717502992367,12.79196739201143
logistic-separated-n100000-d64-seed42,synthetic,logistic,separated_clusters,random_sqrt_clique,100000,64,42.0,False,2,50,49,True,1.0,1,100000,100000,5049770,316,316,0,9018,316,1,1,29.728717502992367,12.728585179007496
logistic-separated-n100000-d64-seed42,synthetic,logistic,separated_clusters,score_sg_antihub,100000,64,42.0,False,2,50,49,True,1.0,1,100000,100000,5049770,316,316,0,9018,316,1,1,29.728717502992367,12.71756271700724
logistic-iid-n100000-d128-seed42,synthetic,logistic,iid,approx_knn_only,100000,128,42.0,False,2,50,49,True,1.0,1,100000,100000,5000000,0,316,0,24107,316,1,1,58.79069808201166,11.969781630003126
logistic-iid-n100000-d128-seed42,synthetic,logistic,iid,random_sqrt_clique,100000,128,42.0,False,2,50,49,True,1.0,1,100000,100000,5049770,316,316,0,24107,316,1,1,58.79069808201166,11.885927814000752
logistic-iid-n100000-d128-seed42,synthetic,logistic,iid,score_sg_antihub,100000,128,42.0,False,2,50,49,True,1.0,1,100000,100000,5049770,316,316,0,24107,316,1,1,58.79069808201166,11.90514011400228
logistic-separated-n100000-d128-seed42,synthetic,logistic,separated_clusters,approx_knn_only,100000,128,42.0,False,2,50,49,False,0.0,6,16667,16666,5000000,0,316,0,16357,316,1,1,35.5474751629954,12.075016773000243
logistic-separated-n100000-d128-seed42,synthetic,logistic,separated_clusters,random_sqrt_clique,100000,128,42.0,False,2,50,49,True,1.0,1,100000,100000,5049770,316,316,0,16357,316,1,1,35.5474751629954,12.18970308599819
logistic-separated-n100000-d128-seed42,synthetic,logistic,separated_clusters,score_sg_antihub,100000,128,42.0,False,2,50,49,True,1.0,1,100000,100000,5049770,316,316,0,16357,316,1,1,35.5474751629954,12.511901570003827
logistic-iid-n200000-d2-seed42,synthetic,logistic,iid,approx_knn_only,200000,2,42.0,False,2,50,49,True,1.0,1,200000,200000,10000000,0,447,34,130,63,1,1,57.94668871500471,25.59831485300674
logistic-iid-n200000-d2-seed42,synthetic,logistic,iid,random_sqrt_clique,200000,2,42.0,False,2,50,49,True,1.0,1,200000,200000,10099681,447,447,34,130,63,1,1,57.94668871500471,25.71118097899307
logistic-iid-n200000-d2-seed42,synthetic,logistic,iid,score_sg_antihub,200000,2,42.0,False,2,50,49,True,1.0,1,200000,200000,10099681,447,447,34,130,63,1,1,57.94668871500471,25.567084651003825
logistic-separated-n200000-d2-seed42,synthetic,logistic,separated_clusters,approx_knn_only,200000,2,42.0,False,2,50,49,True,1.0,1,200000,200000,10000000,0,447,19,57,52,1,1,41.60464217299887,25.499159218001296
logistic-separated-n200000-d2-seed42,synthetic,logistic,separated_clusters,random_sqrt_clique,200000,2,42.0,False,2,50,49,True,1.0,1,200000,200000,10099681,447,447,19,57,52,1,1,41.60464217299887,25.98289045300044
logistic-separated-n200000-d2-seed42,synthetic,logistic,separated_clusters,score_sg_antihub,200000,2,42.0,False,2,50,49,True,1.0,1,200000,200000,10099681,447,447,19,57,52,1,1,41.60464217299887,26.120130883995444
logistic-iid-n200000-d10-seed42,synthetic,logistic,iid,approx_knn_only,200000,10,42.0,False,2,50,49,True,1.0,1,200000,200000,10000000,0,447,1,307,296,1,1,66.17921283499163,25.515367902000435
logistic-iid-n200000-d10-seed42,synthetic,logistic,iid,random_sqrt_clique,200000,10,42.0,False,2,50,49,True,1.0,1,200000,200000,10099681,447,447,1,307,296,1,1,66.17921283499163,25.745858066002256
logistic-iid-n200000-d10-seed42,synthetic,logistic,iid,score_sg_antihub,200000,10,42.0,False,2,50,49,True,1.0,1,200000,200000,10099681,447,447,1,307,296,1,1,66.17921283499163,25.85387278300186
logistic-separated-n200000-d10-seed42,synthetic,logistic,separated_clusters,approx_knn_only,200000,10,42.0,False,2,50,49,False,0.0,5,66666,33333,10000000,0,447,1,601,106,1,1,48.17372974900354,26.45030785999552
logistic-separated-n200000-d10-seed42,synthetic,logistic,separated_clusters,random_sqrt_clique,200000,10,42.0,False,2,50,49,True,1.0,1,200000,200000,10099681,447,447,1,601,106,1,1,48.17372974900354,26.19298924299073
logistic-separated-n200000-d10-seed42,synthetic,logistic,separated_clusters,score_sg_antihub,200000,10,42.0,False,2,50,49,True,1.0,1,200000,200000,10099681,447,447,1,601,106,1,1,48.17372974900354,25.721093522995943
logistic-iid-n200000-d32-seed42,synthetic,logistic,iid,approx_knn_only,200000,32,42.0,False,2,50,49,True,1.0,1,200000,200000,10000000,0,447,0,6786,447,1,1,83.31443678200594,25.44705909199547
logistic-iid-n200000-d32-seed42,synthetic,logistic,iid,random_sqrt_clique,200000,32,42.0,False,2,50,49,True,1.0,1,200000,200000,10099681,447,447,0,6786,447,1,1,83.31443678200594,25.44636139800423
logistic-iid-n200000-d32-seed42,synthetic,logistic,iid,score_sg_antihub,200000,32,42.0,False,2,50,49,True,1.0,1,200000,200000,10099681,447,447,0,6786,447,1,1,83.31443678200594,25.55981947400141
logistic-separated-n200000-d32-seed42,synthetic,logistic,separated_clusters,approx_knn_only,200000,32,42.0,False,2,50,49,False,0.0,6,33334,33333,10000000,0,447,0,7122,447,1,2,56.98322285599716,25.522020539996447
logistic-separated-n200000-d32-seed42,synthetic,logistic,separated_clusters,random_sqrt_clique,200000,32,42.0,False,2,50,49,True,1.0,1,200000,200000,10099681,447,447,0,7122,447,1,2,56.98322285599716,25.747705688001588
logistic-separated-n200000-d32-seed42,synthetic,logistic,separated_clusters,score_sg_antihub,200000,32,42.0,False,2,50,49,True,1.0,1,200000,200000,10099681,447,447,0,7122,447,1,2,56.98322285599716,25.575581505996524
logistic-iid-n200000-d64-seed42,synthetic,logistic,iid,approx_knn_only,200000,64,42.0,False,2,50,49,True,1.0,1,200000,200000,10000000,0,447,0,24217,447,1,1,97.42111174699676,25.03659327699279
logistic-iid-n200000-d64-seed42,synthetic,logistic,iid,random_sqrt_clique,200000,64,42.0,False,2,50,49,True,1.0,1,200000,200000,10099681,447,447,0,24217,447,1,1,97.42111174699676,25.237690622991067
logistic-iid-n200000-d64-seed42,synthetic,logistic,iid,score_sg_antihub,200000,64,42.0,False,2,50,49,True,1.0,1,200000,200000,10099681,447,447,0,24217,447,1,1,97.42111174699676,25.407927317995927
logistic-separated-n200000-d64-seed42,synthetic,logistic,separated_clusters,approx_knn_only,200000,64,42.0,False,2,50,49,False,0.0,6,33334,33333,10000000,0,447,0,19811,447,2,2,67.92636462699738,25.52749678400869
logistic-separated-n200000-d64-seed42,synthetic,logistic,separated_clusters,random_sqrt_clique,200000,64,42.0,False,2,50,49,True,1.0,1,200000,200000,10099681,447,447,0,19811,447,2,2,67.92636462699738,25.27665305499977
logistic-separated-n200000-d64-seed42,synthetic,logistic,separated_clusters,score_sg_antihub,200000,64,42.0,False,2,50,49,True,1.0,1,200000,200000,10099681,447,447,0,19811,447,2,2,67.92636462699738,25.7364502579876
logistic-iid-n200000-d128-seed42,synthetic,logistic,iid,approx_knn_only,200000,128,42.0,False,2,50,49,True,1.0,1,200000,200000,10000000,0,447,0,54998,447,1,1,103.74995174701326,25.035576923997723
logistic-iid-n200000-d128-seed42,synthetic,logistic,iid,random_sqrt_clique,200000,128,42.0,False,2,50,49,True,1.0,1,200000,200000,10099681,447,447,0,54998,447,1,1,103.74995174701326,27.145660034992037
logistic-iid-n200000-d128-seed42,synthetic,logistic,iid,score_sg_antihub,200000,128,42.0,False,2,50,49,True,1.0,1,200000,200000,10099681,447,447,0,54998,447,1,1,103.74995174701326,25.53613871699781
logistic-separated-n200000-d128-seed42,synthetic,logistic,separated_clusters,approx_knn_only,200000,128,42.0,False,2,50,49,False,0.0,6,33334,33333,10000000,0,447,0,38070,447,2,2,79.4640439650102,25.44321774601121
logistic-separated-n200000-d128-seed42,synthetic,logistic,separated_clusters,random_sqrt_clique,200000,128,42.0,False,2,50,49,True,1.0,1,200000,200000,10099681,447,447,0,38070,447,2,2,79.4640439650102,25.655078654002864
logistic-separated-n200000-d128-seed42,synthetic,logistic,separated_clusters,score_sg_antihub,200000,128,42.0,False,2,50,49,True,1.0,1,200000,200000,10099681,447,447,0,38070,447,2,2,79.4640439650102,25.84341289200529
logistic-iid-n500000-d2-seed42,synthetic,logistic,iid,approx_knn_only,500000,2,42.0,False,2,50,49,True,1.0,1,500000,500000,25000000,0,707,34,249,108,1,1,119.37292339799752,67.41197388799628
logistic-iid-n500000-d2-seed42,synthetic,logistic,iid,random_sqrt_clique,500000,2,42.0,False,2,50,49,True,1.0,1,500000,500000,25249571,707,707,34,249,108,1,1,119.37292339799752,67.56807784400007
logistic-iid-n500000-d2-seed42,synthetic,logistic,iid,score_sg_antihub,500000,2,42.0,False,2,50,49,True,1.0,1,500000,500000,25249571,707,707,34,249,108,1,1,119.37292339799752,67.25154982799722
logistic-separated-n500000-d2-seed42,synthetic,logistic,separated_clusters,approx_knn_only,500000,2,42.0,False,2,50,49,True,1.0,1,500000,500000,25000000,0,707,23,55,36,1,1,103.40616696800862,66.06365359800111
logistic-separated-n500000-d2-seed42,synthetic,logistic,separated_clusters,random_sqrt_clique,500000,2,42.0,False,2,50,49,True,1.0,1,500000,500000,25249571,707,707,23,55,36,1,1,103.40616696800862,67.43164788700233
logistic-separated-n500000-d2-seed42,synthetic,logistic,separated_clusters,score_sg_antihub,500000,2,42.0,False,2,50,49,True,1.0,1,500000,500000,25249571,707,707,23,55,36,1,1,103.40616696800862,68.97830627499206
logistic-iid-n500000-d10-seed42,synthetic,logistic,iid,approx_knn_only,500000,10,42.0,False,2,50,49,True,1.0,1,500000,500000,25000000,0,707,1,519,416,1,1,140.5415241259907,66.00325830900692
logistic-iid-n500000-d10-seed42,synthetic,logistic,iid,random_sqrt_clique,500000,10,42.0,False,2,50,49,True,1.0,1,500000,500000,25249571,707,707,1,519,416,1,1,140.5415241259907,66.01074486901052
logistic-iid-n500000-d10-seed42,synthetic,logistic,iid,score_sg_antihub,500000,10,42.0,False,2,50,49,True,1.0,1,500000,500000,25249571,707,707,1,519,416,1,1,140.5415241259907,65.5196764410066
logistic-separated-n500000-d10-seed42,synthetic,logistic,separated_clusters,approx_knn_only,500000,10,42.0,False,2,50,49,False,0.0,6,83334,83333,25000000,0,707,1,1050,97,1,4,123.02119702799246,65.48975407000398
logistic-separated-n500000-d10-seed42,synthetic,logistic,separated_clusters,random_sqrt_clique,500000,10,42.0,False,2,50,49,True,1.0,1,500000,500000,25249571,707,707,1,1050,97,1,4,123.02119702799246,66.97751980400062
logistic-separated-n500000-d10-seed42,synthetic,logistic,separated_clusters,score_sg_antihub,500000,10,42.0,False,2,50,49,True,1.0,1,500000,500000,25249571,707,707,1,1050,97,1,4,123.02119702799246,66.14391868301027
logistic-iid-n500000-d32-seed42,synthetic,logistic,iid,approx_knn_only,500000,32,42.0,False,2,50,49,True,1.0,1,500000,500000,25000000,0,707,0,16218,707,3,4,201.7619107639912,68.7164498159982
logistic-iid-n500000-d32-seed42,synthetic,logistic,iid,random_sqrt_clique,500000,32,42.0,False,2,50,49,True,1.0,1,500000,500000,25249571,707,707,0,16218,707,3,4,201.7619107639912,71.58363636900322
logistic-iid-n500000-d32-seed42,synthetic,logistic,iid,score_sg_antihub,500000,32,42.0,False,2,50,49,True,1.0,1,500000,500000,25249571,707,707,0,16218,707,3,4,201.7619107639912,69.5560728529963
logistic-separated-n500000-d32-seed42,synthetic,logistic,separated_clusters,approx_knn_only,500000,32,42.0,False,2,50,49,False,0.0,6,83334,83333,25000000,0,707,0,17673,707,1,4,152.86139214999275,69.05955948500196
logistic-separated-n500000-d32-seed42,synthetic,logistic,separated_clusters,random_sqrt_clique,500000,32,42.0,False,2,50,49,True,1.0,1,500000,500000,25249571,707,707,0,17673,707,1,4,152.86139214999275,69.1540021589899
logistic-separated-n500000-d32-seed42,synthetic,logistic,separated_clusters,score_sg_antihub,500000,32,42.0,False,2,50,49,True,1.0,1,500000,500000,25249571,707,707,0,17673,707,1,4,152.86139214999275,68.46488307899563
logistic-iid-n500000-d64-seed42,synthetic,logistic,iid,approx_knn_only,500000,64,42.0,False,2,50,49,True,1.0,1,500000,500000,25000000,0,707,0,65995,707,1,1,249.91212679300224,65.93587565299822
logistic-iid-n500000-d64-seed42,synthetic,logistic,iid,random_sqrt_clique,500000,64,42.0,False,2,50,49,True,1.0,1,500000,500000,25249571,707,707,0,65995,707,1,1,249.91212679300224,67.95485296599509
logistic-iid-n500000-d64-seed42,synthetic,logistic,iid,score_sg_antihub,500000,64,42.0,False,2,50,49,True,1.0,1,500000,500000,25249571,707,707,0,65995,707,1,1,249.91212679300224,66.96132327399391
logistic-separated-n500000-d64-seed42,synthetic,logistic,separated_clusters,approx_knn_only,500000,64,42.0,False,2,50,49,False,0.0,6,83334,83333,25000000,0,707,0,54640,707,1,1,194.08567936200416,65.80406999299885
logistic-separated-n500000-d64-seed42,synthetic,logistic,separated_clusters,random_sqrt_clique,500000,64,42.0,False,2,50,49,True,1.0,1,500000,500000,25249571,707,707,0,54640,707,1,1,194.08567936200416,66.92476278400864
logistic-separated-n500000-d64-seed42,synthetic,logistic,separated_clusters,score_sg_antihub,500000,64,42.0,False,2,50,49,True,1.0,1,500000,500000,25249571,707,707,0,54640,707,1,1,194.08567936200416,67.19667516399932
logistic-iid-n500000-d128-seed42,synthetic,logistic,iid,approx_knn_only,500000,128,42.0,False,2,50,49,True,1.0,1,500000,500000,25000000,0,707,0,159070,707,1,1,255.153367470004,64.77862091899442
logistic-iid-n500000-d128-seed42,synthetic,logistic,iid,random_sqrt_clique,500000,128,42.0,False,2,50,49,True,1.0,1,500000,500000,25249571,707,707,0,159070,707,1,1,255.153367470004,67.21391728999151
logistic-iid-n500000-d128-seed42,synthetic,logistic,iid,score_sg_antihub,500000,128,42.0,False,2,50,49,True,1.0,1,500000,500000,25249571,707,707,0,159070,707,1,1,255.153367470004,64.72017246400355
logistic-separated-n500000-d128-seed42,synthetic,logistic,separated_clusters,approx_knn_only,500000,128,42.0,False,2,50,49,False,0.0,6,83334,83333,25000000,0,707,0,116676,707,1,1,222.3802629189886,65.3258131340117
logistic-separated-n500000-d128-seed42,synthetic,logistic,separated_clusters,random_sqrt_clique,500000,128,42.0,False,2,50,49,True,1.0,1,500000,500000,25249571,707,707,0,116676,707,1,1,222.3802629189886,65.18610900800559
logistic-separated-n500000-d128-seed42,synthetic,logistic,separated_clusters,score_sg_antihub,500000,128,42.0,False,2,50,49,True,1.0,1,500000,500000,25249571,707,707,0,116676,707,1,1,222.3802629189886,65.22107042699645
logistic-iid-n1000000-d2-seed42,synthetic,logistic,iid,approx_knn_only,1000000,2,42.0,False,2,50,49,True,1.0,1,1000000,1000000,50000000,0,1000,34,515,194,1,1,227.5179027889972,136.09193114101072
logistic-iid-n1000000-d2-seed42,synthetic,logistic,iid,random_sqrt_clique,1000000,2,42.0,False,2,50,49,True,1.0,1,1000000,1000000,50499500,1000,1000,34,515,194,1,1,227.5179027889972,137.16658637399087
logistic-iid-n1000000-d2-seed42,synthetic,logistic,iid,score_sg_antihub,1000000,2,42.0,False,2,50,49,True,1.0,1,1000000,1000000,50499500,1000,1000,34,515,194,1,1,227.5179027889972,137.76950648899947
logistic-separated-n1000000-d2-seed42,synthetic,logistic,separated_clusters,approx_knn_only,1000000,2,42.0,False,2,50,49,True,1.0,1,1000000,1000000,50000000,0,1000,26,88,79,1,1,211.68819742300548,136.30041016699397
logistic-separated-n1000000-d2-seed42,synthetic,logistic,separated_clusters,random_sqrt_clique,1000000,2,42.0,False,2,50,49,True,1.0,1,1000000,1000000,50499500,1000,1000,26,88,79,1,1,211.68819742300548,139.82558467800845
logistic-separated-n1000000-d2-seed42,synthetic,logistic,separated_clusters,score_sg_antihub,1000000,2,42.0,False,2,50,49,True,1.0,1,1000000,1000000,50499500,1000,1000,26,88,79,1,1,211.68819742300548,138.6915350920026
logistic-iid-n1000000-d10-seed42,synthetic,logistic,iid,approx_knn_only,1000000,10,42.0,False,2,50,49,True,1.0,1,1000000,1000000,50000000,0,1000,1,814,574,3,3,268.225014222,136.77065773800132
logistic-iid-n1000000-d10-seed42,synthetic,logistic,iid,random_sqrt_clique,1000000,10,42.0,False,2,50,49,True,1.0,1,1000000,1000000,50499500,1000,1000,1,814,574,3,3,268.225014222,135.9083976569964
logistic-iid-n1000000-d10-seed42,synthetic,logistic,iid,score_sg_antihub,1000000,10,42.0,False,2,50,49,True,1.0,1,1000000,1000000,50499500,1000,1000,1,814,574,3,3,268.225014222,136.7512745980057
logistic-separated-n1000000-d10-seed42,synthetic,logistic,separated_clusters,approx_knn_only,1000000,10,42.0,False,2,50,49,False,0.0,6,166667,166666,50000000,0,1000,1,1680,74,1,2,251.50026248500217,134.96353920600086
logistic-separated-n1000000-d10-seed42,synthetic,logistic,separated_clusters,random_sqrt_clique,1000000,10,42.0,False,2,50,49,True,1.0,1,1000000,1000000,50499500,1000,1000,1,1680,74,1,2,251.50026248500217,136.70186570000078
logistic-separated-n1000000-d10-seed42,synthetic,logistic,separated_clusters,score_sg_antihub,1000000,10,42.0,False,2,50,49,True,1.0,1,1000000,1000000,50499500,1000,1000,1,1680,74,1,2,251.50026248500217,136.76589554500242
logistic-iid-n1000000-d32-seed42,synthetic,logistic,iid,approx_knn_only,1000000,32,42.0,False,2,50,49,True,1.0,1,1000000,1000000,50000000,0,1000,0,30715,1000,4,7,418.9025137779972,128.92883878099383
logistic-iid-n1000000-d32-seed42,synthetic,logistic,iid,random_sqrt_clique,1000000,32,42.0,False,2,50,49,True,1.0,1,1000000,1000000,50499500,1000,1000,0,30715,1000,4,7,418.9025137779972,129.00227083600475
logistic-iid-n1000000-d32-seed42,synthetic,logistic,iid,score_sg_antihub,1000000,32,42.0,False,2,50,49,True,1.0,1,1000000,1000000,50499500,1000,1000,0,30715,1000,4,7,418.9025137779972,129.11619262299791
logistic-separated-n1000000-d32-seed42,synthetic,logistic,separated_clusters,approx_knn_only,1000000,32,42.0,False,2,50,49,False,0.0,6,166667,166666,50000000,0,1000,0,34655,1000,3,5,344.57081493099395,129.37498350799433
logistic-separated-n1000000-d32-seed42,synthetic,logistic,separated_clusters,random_sqrt_clique,1000000,32,42.0,False,2,50,49,True,1.0,1,1000000,1000000,50499500,1000,1000,0,34655,1000,3,5,344.57081493099395,131.19495373801328
logistic-separated-n1000000-d32-seed42,synthetic,logistic,separated_clusters,score_sg_antihub,1000000,32,42.0,False,2,50,49,True,1.0,1,1000000,1000000,50499500,1000,1000,0,34655,1000,3,5,344.57081493099395,129.90381463400263
logistic-iid-n1000000-d64-seed42,synthetic,logistic,iid,approx_knn_only,1000000,64,42.0,False,2,50,49,True,1.0,1,1000000,1000000,50000000,0,1000,0,140694,1000,1,1,533.5566478959954,133.69156866399862
logistic-iid-n1000000-d64-seed42,synthetic,logistic,iid,random_sqrt_clique,1000000,64,42.0,False,2,50,49,True,1.0,1,1000000,1000000,50499500,1000,1000,0,140694,1000,1,1,533.5566478959954,134.10486800300714
logistic-iid-n1000000-d64-seed42,synthetic,logistic,iid,score_sg_antihub,1000000,64,42.0,False,2,50,49,True,1.0,1,1000000,1000000,50499500,1000,1000,0,140694,1000,1,1,533.5566478959954,134.21153759400477
logistic-separated-n1000000-d64-seed42,synthetic,logistic,separated_clusters,approx_knn_only,1000000,64,42.0,False,2,50,49,False,0.0,6,166667,166666,50000000,0,1000,0,117369,1000,1,2,437.45089395200193,133.02148524900258
logistic-separated-n1000000-d64-seed42,synthetic,logistic,separated_clusters,random_sqrt_clique,1000000,64,42.0,False,2,50,49,True,1.0,1,1000000,1000000,50499500,1000,1000,0,117369,1000,1,2,437.45089395200193,135.79062184199574
logistic-separated-n1000000-d64-seed42,synthetic,logistic,separated_clusters,score_sg_antihub,1000000,64,42.0,False,2,50,49,True,1.0,1,1000000,1000000,50499500,1000,1000,0,117369,1000,1,2,437.45089395200193,134.9404967409937
logistic-iid-n1000000-d128-seed42,synthetic,logistic,iid,approx_knn_only,1000000,128,42.0,False,2,50,49,True,1.0,1,1000000,1000000,50000000,0,1000,0,345678,1000,1,1,527.3601008100086,133.18405908500426
logistic-iid-n1000000-d128-seed42,synthetic,logistic,iid,random_sqrt_clique,1000000,128,42.0,False,2,50,49,True,1.0,1,1000000,1000000,50499500,1000,1000,0,345678,1000,1,1,527.3601008100086,132.0156624670053
logistic-iid-n1000000-d128-seed42,synthetic,logistic,iid,score_sg_antihub,1000000,128,42.0,False,2,50,49,True,1.0,1,1000000,1000000,50499500,1000,1000,0,345678,1000,1,1,527.3601008100086,131.97599074000027
logistic-separated-n1000000-d128-seed42,synthetic,logistic,separated_clusters,approx_knn_only,1000000,128,42.0,False,2,50,49,False,0.0,6,166667,166666,50000000,0,1000,0,264858,1000,1,1,490.0685336930037,135.16576146599257
logistic-separated-n1000000-d128-seed42,synthetic,logistic,separated_clusters,random_sqrt_clique,1000000,128,42.0,False,2,50,49,True,1.0,1,1000000,1000000,50499500,1000,1000,0,264858,1000,1,1,490.0685336930037,134.06464564699854
logistic-separated-n1000000-d128-seed42,synthetic,logistic,separated_clusters,score_sg_antihub,1000000,128,42.0,False,2,50,49,True,1.0,1,1000000,1000000,50499500,1000,1000,0,264858,1000,1,1,490.0685336930037,133.90083020301245
gaussian_sparse-iid-n1000-d2-seed42,synthetic,gaussian_sparse,iid,approx_knn_only,1000,2,42.0,False,2,50,49,True,1.0,1,1000,1000,50000,0,31,0,552,31,31,54,17.641974541998934,0.1271641670027747
gaussian_sparse-iid-n1000-d2-seed42,synthetic,gaussian_sparse,iid,random_sqrt_clique,1000,2,42.0,False,2,50,49,True,1.0,1,1000,1000,50465,31,31,0,552,31,31,54,17.641974541998934,0.1272939519985811
gaussian_sparse-iid-n1000-d2-seed42,synthetic,gaussian_sparse,iid,score_sg_antihub,1000,2,42.0,False,2,50,49,True,1.0,1,1000,1000,50465,31,31,0,552,31,31,54,17.641974541998934,0.1217398839944507
gaussian_sparse-separated-n1000-d2-seed42,synthetic,gaussian_sparse,separated_clusters,approx_knn_only,1000,2,42.0,False,2,50,49,True,1.0,1,1000,1000,50000,0,31,0,295,31,3,16,0.2299903450038982,0.115681532988674
gaussian_sparse-separated-n1000-d2-seed42,synthetic,gaussian_sparse,separated_clusters,random_sqrt_clique,1000,2,42.0,False,2,50,49,True,1.0,1,1000,1000,50465,31,31,0,295,31,3,16,0.2299903450038982,0.1134400379960425
gaussian_sparse-separated-n1000-d2-seed42,synthetic,gaussian_sparse,separated_clusters,score_sg_antihub,1000,2,42.0,False,2,50,49,True,1.0,1,1000,1000,50465,31,31,0,295,31,3,16,0.2299903450038982,0.1153168589953566
gaussian_sparse-iid-n1000-d10-seed42,synthetic,gaussian_sparse,iid,approx_knn_only,1000,10,42.0,False,2,50,49,True,1.0,1,1000,1000,50000,0,31,0,144,31,30,36,17.637361230998067,0.1198618890048237
gaussian_sparse-iid-n1000-d10-seed42,synthetic,gaussian_sparse,iid,random_sqrt_clique,1000,10,42.0,False,2,50,49,True,1.0,1,1000,1000,50465,31,31,0,144,31,30,36,17.637361230998067,0.1163054700009524
gaussian_sparse-iid-n1000-d10-seed42,synthetic,gaussian_sparse,iid,score_sg_antihub,1000,10,42.0,False,2,50,49,True,1.0,1,1000,1000,50465,31,31,0,144,31,30,36,17.637361230998067,0.1145049410115461
gaussian_sparse-separated-n1000-d10-seed42,synthetic,gaussian_sparse,separated_clusters,approx_knn_only,1000,10,42.0,False,2,50,49,False,0.0,6,167,166,50000,0,31,0,85,31,7,8,0.2445398150011897,0.116521524003474
gaussian_sparse-separated-n1000-d10-seed42,synthetic,gaussian_sparse,separated_clusters,random_sqrt_clique,1000,10,42.0,False,2,50,49,True,1.0,1,1000,1000,50465,31,31,0,85,31,7,8,0.2445398150011897,0.1137253569904714
gaussian_sparse-separated-n1000-d10-seed42,synthetic,gaussian_sparse,separated_clusters,score_sg_antihub,1000,10,42.0,False,2,50,49,True,1.0,1,1000,1000,50465,31,31,0,85,31,7,8,0.2445398150011897,0.1143854249967262
gaussian_sparse-iid-n1000-d32-seed42,synthetic,gaussian_sparse,iid,approx_knn_only,1000,32,42.0,False,2,50,49,True,1.0,1,1000,1000,50000,0,31,1,18,11,1,1,17.86885045800591,0.1168924850062467
gaussian_sparse-iid-n1000-d32-seed42,synthetic,gaussian_sparse,iid,random_sqrt_clique,1000,32,42.0,False,2,50,49,True,1.0,1,1000,1000,50465,31,31,1,18,11,1,1,17.86885045800591,0.1163050970062613
gaussian_sparse-iid-n1000-d32-seed42,synthetic,gaussian_sparse,iid,score_sg_antihub,1000,32,42.0,False,2,50,49,True,1.0,1,1000,1000,50465,31,31,1,18,11,1,1,17.86885045800591,0.1273615209938725
gaussian_sparse-separated-n1000-d32-seed42,synthetic,gaussian_sparse,separated_clusters,approx_knn_only,1000,32,42.0,False,2,50,49,False,0.0,6,167,166,50000,0,31,0,70,31,1,1,0.3406417420046637,0.114219648996368
gaussian_sparse-separated-n1000-d32-seed42,synthetic,gaussian_sparse,separated_clusters,random_sqrt_clique,1000,32,42.0,False,2,50,49,True,1.0,1,1000,1000,50465,31,31,0,70,31,1,1,0.3406417420046637,0.1162673780054319
gaussian_sparse-separated-n1000-d32-seed42,synthetic,gaussian_sparse,separated_clusters,score_sg_antihub,1000,32,42.0,False,2,50,49,True,1.0,1,1000,1000,50465,31,31,0,70,31,1,1,0.3406417420046637,0.1084734739997657
gaussian_sparse-iid-n1000-d64-seed42,synthetic,gaussian_sparse,iid,approx_knn_only,1000,64,42.0,False,2,50,49,True,1.0,1,1000,1000,50000,0,31,0,109,31,1,1,17.65244212599646,0.1163113360089482
gaussian_sparse-iid-n1000-d64-seed42,synthetic,gaussian_sparse,iid,random_sqrt_clique,1000,64,42.0,False,2,50,49,True,1.0,1,1000,1000,50465,31,31,0,109,31,1,1,17.65244212599646,0.1124262570083374
gaussian_sparse-iid-n1000-d64-seed42,synthetic,gaussian_sparse,iid,score_sg_antihub,1000,64,42.0,False,2,50,49,True,1.0,1,1000,1000,50465,31,31,0,109,31,1,1,17.65244212599646,0.1126250999950571
gaussian_sparse-separated-n1000-d64-seed42,synthetic,gaussian_sparse,separated_clusters,approx_knn_only,1000,64,42.0,False,2,50,49,False,0.0,6,167,166,50000,0,31,0,109,31,1,1,0.3569440860010218,0.1173071310040541
gaussian_sparse-separated-n1000-d64-seed42,synthetic,gaussian_sparse,separated_clusters,random_sqrt_clique,1000,64,42.0,False,2,50,49,True,1.0,1,1000,1000,50465,31,31,0,109,31,1,1,0.3569440860010218,0.1244501769979251
gaussian_sparse-separated-n1000-d64-seed42,synthetic,gaussian_sparse,separated_clusters,score_sg_antihub,1000,64,42.0,False,2,50,49,True,1.0,1,1000,1000,50465,31,31,0,109,31,1,1,0.3569440860010218,0.1260680019913707
gaussian_sparse-iid-n1000-d128-seed42,synthetic,gaussian_sparse,iid,approx_knn_only,1000,128,42.0,False,2,50,49,True,1.0,1,1000,1000,50000,0,31,0,239,31,1,1,17.67817315600405,0.1236266299965791
gaussian_sparse-iid-n1000-d128-seed42,synthetic,gaussian_sparse,iid,random_sqrt_clique,1000,128,42.0,False,2,50,49,True,1.0,1,1000,1000,50465,31,31,0,239,31,1,1,17.67817315600405,0.1210895359981805
gaussian_sparse-iid-n1000-d128-seed42,synthetic,gaussian_sparse,iid,score_sg_antihub,1000,128,42.0,False,2,50,49,True,1.0,1,1000,1000,50465,31,31,0,239,31,1,1,17.67817315600405,0.1225220789929153
gaussian_sparse-separated-n1000-d128-seed42,synthetic,gaussian_sparse,separated_clusters,approx_knn_only,1000,128,42.0,False,2,50,49,False,0.0,6,167,166,50000,0,31,0,168,31,1,1,0.4044826939934864,0.124957584994263
gaussian_sparse-separated-n1000-d128-seed42,synthetic,gaussian_sparse,separated_clusters,random_sqrt_clique,1000,128,42.0,False,2,50,49,True,1.0,1,1000,1000,50465,31,31,0,168,31,1,1,0.4044826939934864,0.1278370460058795
gaussian_sparse-separated-n1000-d128-seed42,synthetic,gaussian_sparse,separated_clusters,score_sg_antihub,1000,128,42.0,False,2,50,49,True,1.0,1,1000,1000,50465,31,31,0,168,31,1,1,0.4044826939934864,0.1143607960111694
gaussian_sparse-iid-n5000-d2-seed42,synthetic,gaussian_sparse,iid,approx_knn_only,5000,2,42.0,False,2,50,49,True,1.0,1,5000,5000,250000,0,70,0,2468,70,13,56,18.11212222000177,0.5494629520107992
gaussian_sparse-iid-n5000-d2-seed42,synthetic,gaussian_sparse,iid,random_sqrt_clique,5000,2,42.0,False,2,50,49,True,1.0,1,5000,5000,252415,70,70,0,2468,70,13,56,18.11212222000177,0.5391440439998405
gaussian_sparse-iid-n5000-d2-seed42,synthetic,gaussian_sparse,iid,score_sg_antihub,5000,2,42.0,False,2,50,49,True,1.0,1,5000,5000,252415,70,70,0,2468,70,13,56,18.11212222000177,0.5533807100000558
gaussian_sparse-separated-n5000-d2-seed42,synthetic,gaussian_sparse,separated_clusters,approx_knn_only,5000,2,42.0,False,2,50,49,True,1.0,1,5000,5000,250000,0,70,0,2674,70,6,29,0.7152862569928402,0.6086690230004024
gaussian_sparse-separated-n5000-d2-seed42,synthetic,gaussian_sparse,separated_clusters,random_sqrt_clique,5000,2,42.0,False,2,50,49,True,1.0,1,5000,5000,252415,70,70,0,2674,70,6,29,0.7152862569928402,0.6825685229996452
gaussian_sparse-separated-n5000-d2-seed42,synthetic,gaussian_sparse,separated_clusters,score_sg_antihub,5000,2,42.0,False,2,50,49,True,1.0,1,5000,5000,252415,70,70,0,2674,70,6,29,0.7152862569928402,0.5640189809928415
gaussian_sparse-iid-n5000-d10-seed42,synthetic,gaussian_sparse,iid,approx_knn_only,5000,10,42.0,False,2,50,49,True,1.0,1,5000,5000,250000,0,70,0,877,70,20,40,18.43993771901296,0.541863962993375
gaussian_sparse-iid-n5000-d10-seed42,synthetic,gaussian_sparse,iid,random_sqrt_clique,5000,10,42.0,False,2,50,49,True,1.0,1,5000,5000,252415,70,70,0,877,70,20,40,18.43993771901296,0.543108594007208
gaussian_sparse-iid-n5000-d10-seed42,synthetic,gaussian_sparse,iid,score_sg_antihub,5000,10,42.0,False,2,50,49,True,1.0,1,5000,5000,252415,70,70,0,877,70,20,40,18.43993771901296,0.5471913349902024
gaussian_sparse-separated-n5000-d10-seed42,synthetic,gaussian_sparse,separated_clusters,approx_knn_only,5000,10,42.0,False,2,50,49,False,0.0,5,1667,833,250000,0,70,0,495,70,11,15,0.9219388079945928,0.6423252590029733
gaussian_sparse-separated-n5000-d10-seed42,synthetic,gaussian_sparse,separated_clusters,random_sqrt_clique,5000,10,42.0,False,2,50,49,True,1.0,1,5000,5000,252415,70,70,0,495,70,11,15,0.9219388079945928,0.5714048219961114
gaussian_sparse-separated-n5000-d10-seed42,synthetic,gaussian_sparse,separated_clusters,score_sg_antihub,5000,10,42.0,False,2,50,49,False,0.0,3,3334,833,252415,70,70,0,495,70,11,15,0.9219388079945928,0.5427878750051605
gaussian_sparse-iid-n5000-d32-seed42,synthetic,gaussian_sparse,iid,approx_knn_only,5000,32,42.0,False,2,50,49,True,1.0,1,5000,5000,250000,0,70,0,134,70,1,1,18.892050602997188,0.6467317389906384
gaussian_sparse-iid-n5000-d32-seed42,synthetic,gaussian_sparse,iid,random_sqrt_clique,5000,32,42.0,False,2,50,49,True,1.0,1,5000,5000,252415,70,70,0,134,70,1,1,18.892050602997188,0.6078156510047847
gaussian_sparse-iid-n5000-d32-seed42,synthetic,gaussian_sparse,iid,score_sg_antihub,5000,32,42.0,False,2,50,49,True,1.0,1,5000,5000,252415,70,70,0,134,70,1,1,18.892050602997188,0.5975442290073261
gaussian_sparse-separated-n5000-d32-seed42,synthetic,gaussian_sparse,separated_clusters,approx_knn_only,5000,32,42.0,False,2,50,49,False,0.0,6,834,833,250000,0,70,0,111,70,1,1,1.250968506996287,0.65850103199773
gaussian_sparse-separated-n5000-d32-seed42,synthetic,gaussian_sparse,separated_clusters,random_sqrt_clique,5000,32,42.0,False,2,50,49,True,1.0,1,5000,5000,252415,70,70,0,111,70,1,1,1.250968506996287,0.641534689013497
gaussian_sparse-separated-n5000-d32-seed42,synthetic,gaussian_sparse,separated_clusters,score_sg_antihub,5000,32,42.0,False,2,50,49,True,1.0,1,5000,5000,252415,70,70,0,111,70,1,1,1.250968506996287,0.6398880039923824
gaussian_sparse-iid-n5000-d64-seed42,synthetic,gaussian_sparse,iid,approx_knn_only,5000,64,42.0,False,2,50,49,True,1.0,1,5000,5000,250000,0,70,0,358,70,1,1,18.87159836900537,0.5597513009997783
gaussian_sparse-iid-n5000-d64-seed42,synthetic,gaussian_sparse,iid,random_sqrt_clique,5000,64,42.0,False,2,50,49,True,1.0,1,5000,5000,252415,70,70,0,358,70,1,1,18.87159836900537,0.5449271960096667
gaussian_sparse-iid-n5000-d64-seed42,synthetic,gaussian_sparse,iid,score_sg_antihub,5000,64,42.0,False,2,50,49,True,1.0,1,5000,5000,252415,70,70,0,358,70,1,1,18.87159836900537,0.5696480390033685
gaussian_sparse-separated-n5000-d64-seed42,synthetic,gaussian_sparse,separated_clusters,approx_knn_only,5000,64,42.0,False,2,50,49,False,0.0,6,834,833,250000,0,70,0,533,70,1,1,1.3639841309923213,0.6191255579906283
gaussian_sparse-separated-n5000-d64-seed42,synthetic,gaussian_sparse,separated_clusters,random_sqrt_clique,5000,64,42.0,False,2,50,49,True,1.0,1,5000,5000,252415,70,70,0,533,70,1,1,1.3639841309923213,0.5599248770013219
gaussian_sparse-separated-n5000-d64-seed42,synthetic,gaussian_sparse,separated_clusters,score_sg_antihub,5000,64,42.0,False,2,50,49,True,1.0,1,5000,5000,252415,70,70,0,533,70,1,1,1.3639841309923213,0.5667004049901152
gaussian_sparse-iid-n5000-d128-seed42,synthetic,gaussian_sparse,iid,approx_knn_only,5000,128,42.0,False,2,50,49,True,1.0,1,5000,5000,250000,0,70,0,1165,70,1,1,19.01355046099343,0.6535892009997042
gaussian_sparse-iid-n5000-d128-seed42,synthetic,gaussian_sparse,iid,random_sqrt_clique,5000,128,42.0,False,2,50,49,True,1.0,1,5000,5000,252415,70,70,0,1165,70,1,1,19.01355046099343,0.6115745010029059
gaussian_sparse-iid-n5000-d128-seed42,synthetic,gaussian_sparse,iid,score_sg_antihub,5000,128,42.0,False,2,50,49,True,1.0,1,5000,5000,252415,70,70,0,1165,70,1,1,19.01355046099343,0.5775920269952621
gaussian_sparse-separated-n5000-d128-seed42,synthetic,gaussian_sparse,separated_clusters,approx_knn_only,5000,128,42.0,False,2,50,49,False,0.0,6,834,833,250000,0,70,0,1200,70,1,1,1.4002136649942258,0.6798152840055991
gaussian_sparse-separated-n5000-d128-seed42,synthetic,gaussian_sparse,separated_clusters,random_sqrt_clique,5000,128,42.0,False,2,50,49,True,1.0,1,5000,5000,252415,70,70,0,1200,70,1,1,1.4002136649942258,0.6605018349946477
gaussian_sparse-separated-n5000-d128-seed42,synthetic,gaussian_sparse,separated_clusters,score_sg_antihub,5000,128,42.0,False,2,50,49,True,1.0,1,5000,5000,252415,70,70,0,1200,70,1,1,1.4002136649942258,0.5953227980062366
gaussian_sparse-iid-n10000-d2-seed42,synthetic,gaussian_sparse,iid,approx_knn_only,10000,2,42.0,False,2,50,49,False,0.0,4,9648,113,500000,0,100,0,5029,100,49,54,18.97359083700576,1.158010031998856
gaussian_sparse-iid-n10000-d2-seed42,synthetic,gaussian_sparse,iid,random_sqrt_clique,10000,2,42.0,False,2,50,49,False,0.0,2,9887,113,504950,100,100,0,5029,100,49,54,18.97359083700576,1.2348242680018302
gaussian_sparse-iid-n10000-d2-seed42,synthetic,gaussian_sparse,iid,score_sg_antihub,10000,2,42.0,False,2,50,49,False,0.0,4,9648,113,504950,100,100,0,5029,100,49,54,18.97359083700576,1.120371712997439
gaussian_sparse-separated-n10000-d2-seed42,synthetic,gaussian_sparse,separated_clusters,approx_knn_only,10000,2,42.0,False,2,50,49,True,1.0,1,10000,10000,500000,0,100,0,5633,100,12,88,1.4476358930114657,1.2762584469892315
gaussian_sparse-separated-n10000-d2-seed42,synthetic,gaussian_sparse,separated_clusters,random_sqrt_clique,10000,2,42.0,False,2,50,49,True,1.0,1,10000,10000,504950,100,100,0,5633,100,12,88,1.4476358930114657,1.109897620000993
gaussian_sparse-separated-n10000-d2-seed42,synthetic,gaussian_sparse,separated_clusters,score_sg_antihub,10000,2,42.0,False,2,50,49,True,1.0,1,10000,10000,504950,100,100,0,5633,100,12,88,1.4476358930114657,1.100732507999055
gaussian_sparse-iid-n10000-d10-seed42,synthetic,gaussian_sparse,iid,approx_knn_only,10000,10,42.0,False,2,50,49,True,1.0,1,10000,10000,500000,0,100,0,1845,100,32,38,19.802744646003703,1.0938582160015358
gaussian_sparse-iid-n10000-d10-seed42,synthetic,gaussian_sparse,iid,random_sqrt_clique,10000,10,42.0,False,2,50,49,True,1.0,1,10000,10000,504950,100,100,0,1845,100,32,38,19.802744646003703,1.0992494940001052
gaussian_sparse-iid-n10000-d10-seed42,synthetic,gaussian_sparse,iid,score_sg_antihub,10000,10,42.0,False,2,50,49,True,1.0,1,10000,10000,504950,100,100,0,1845,100,32,38,19.802744646003703,1.1769306530040922
gaussian_sparse-separated-n10000-d10-seed42,synthetic,gaussian_sparse,separated_clusters,approx_knn_only,10000,10,42.0,False,2,50,49,False,0.0,2,6667,3333,500000,0,100,0,1223,100,3,19,1.9666279859957283,1.119202508998569
gaussian_sparse-separated-n10000-d10-seed42,synthetic,gaussian_sparse,separated_clusters,random_sqrt_clique,10000,10,42.0,False,2,50,49,True,1.0,1,10000,10000,504950,100,100,0,1223,100,3,19,1.9666279859957283,1.2300144109904068
gaussian_sparse-separated-n10000-d10-seed42,synthetic,gaussian_sparse,separated_clusters,score_sg_antihub,10000,10,42.0,False,2,50,49,True,1.0,1,10000,10000,504950,100,100,0,1223,100,3,19,1.9666279859957283,1.1316661549935816
gaussian_sparse-iid-n10000-d32-seed42,synthetic,gaussian_sparse,iid,approx_knn_only,10000,32,42.0,False,2,50,49,True,1.0,1,10000,10000,500000,0,100,0,320,100,1,1,20.39017218600202,1.1607080399990082
gaussian_sparse-iid-n10000-d32-seed42,synthetic,gaussian_sparse,iid,random_sqrt_clique,10000,32,42.0,False,2,50,49,True,1.0,1,10000,10000,504950,100,100,0,320,100,1,1,20.39017218600202,1.126604707009392
gaussian_sparse-iid-n10000-d32-seed42,synthetic,gaussian_sparse,iid,score_sg_antihub,10000,32,42.0,False,2,50,49,True,1.0,1,10000,10000,504950,100,100,0,320,100,1,1,20.39017218600202,1.1804698490013834
gaussian_sparse-separated-n10000-d32-seed42,synthetic,gaussian_sparse,separated_clusters,approx_knn_only,10000,32,42.0,False,2,50,49,False,0.0,6,1667,1666,500000,0,100,0,150,100,1,1,2.2546627539995825,1.1285921259986935
gaussian_sparse-separated-n10000-d32-seed42,synthetic,gaussian_sparse,separated_clusters,random_sqrt_clique,10000,32,42.0,False,2,50,49,True,1.0,1,10000,10000,504950,100,100,0,150,100,1,1,2.2546627539995825,1.2354753800027538
gaussian_sparse-separated-n10000-d32-seed42,synthetic,gaussian_sparse,separated_clusters,score_sg_antihub,10000,32,42.0,False,2,50,49,True,1.0,1,10000,10000,504950,100,100,0,150,100,1,1,2.2546627539995825,1.1660823629936203
gaussian_sparse-iid-n10000-d64-seed42,synthetic,gaussian_sparse,iid,approx_knn_only,10000,64,42.0,False,2,50,49,True,1.0,1,10000,10000,500000,0,100,0,857,100,1,1,20.52783806298976,1.12461829399399
gaussian_sparse-iid-n10000-d64-seed42,synthetic,gaussian_sparse,iid,random_sqrt_clique,10000,64,42.0,False,2,50,49,True,1.0,1,10000,10000,504950,100,100,0,857,100,1,1,20.52783806298976,1.1322743819910102
gaussian_sparse-iid-n10000-d64-seed42,synthetic,gaussian_sparse,iid,score_sg_antihub,10000,64,42.0,False,2,50,49,True,1.0,1,10000,10000,504950,100,100,0,857,100,1,1,20.52783806298976,1.1614964710024651
gaussian_sparse-separated-n10000-d64-seed42,synthetic,gaussian_sparse,separated_clusters,approx_knn_only,10000,64,42.0,False,2,50,49,False,0.0,6,1667,1666,500000,0,100,0,781,100,1,1,2.7151314119983,1.13318712299224
gaussian_sparse-separated-n10000-d64-seed42,synthetic,gaussian_sparse,separated_clusters,random_sqrt_clique,10000,64,42.0,False,2,50,49,True,1.0,1,10000,10000,504950,100,100,0,781,100,1,1,2.7151314119983,1.1999889629951213
gaussian_sparse-separated-n10000-d64-seed42,synthetic,gaussian_sparse,separated_clusters,score_sg_antihub,10000,64,42.0,False,2,50,49,True,1.0,1,10000,10000,504950,100,100,0,781,100,1,1,2.7151314119983,1.0988357629976235
gaussian_sparse-iid-n10000-d128-seed42,synthetic,gaussian_sparse,iid,approx_knn_only,10000,128,42.0,False,2,50,49,True,1.0,1,10000,10000,500000,0,100,0,2320,100,1,1,21.17389553700923,1.1379370159993414
gaussian_sparse-iid-n10000-d128-seed42,synthetic,gaussian_sparse,iid,random_sqrt_clique,10000,128,42.0,False,2,50,49,True,1.0,1,10000,10000,504950,100,100,0,2320,100,1,1,21.17389553700923,1.2395947040058672
gaussian_sparse-iid-n10000-d128-seed42,synthetic,gaussian_sparse,iid,score_sg_antihub,10000,128,42.0,False,2,50,49,True,1.0,1,10000,10000,504950,100,100,0,2320,100,1,1,21.17389553700923,1.141945923998719
gaussian_sparse-separated-n10000-d128-seed42,synthetic,gaussian_sparse,separated_clusters,approx_knn_only,10000,128,42.0,False,2,50,49,False,0.0,6,1667,1666,500000,0,100,0,2471,100,1,1,3.0056454980076523,1.140399868003442
gaussian_sparse-separated-n10000-d128-seed42,synthetic,gaussian_sparse,separated_clusters,random_sqrt_clique,10000,128,42.0,False,2,50,49,True,1.0,1,10000,10000,504950,100,100,0,2471,100,1,1,3.0056454980076523,1.1184716730058426
gaussian_sparse-separated-n10000-d128-seed42,synthetic,gaussian_sparse,separated_clusters,score_sg_antihub,10000,128,42.0,False,2,50,49,True,1.0,1,10000,10000,504950,100,100,0,2471,100,1,1,3.0056454980076523,1.2069082840025658
gaussian_sparse-iid-n25000-d2-seed42,synthetic,gaussian_sparse,iid,approx_knn_only,25000,2,42.0,False,2,50,49,False,0.0,35,19745,131,1250000,0,158,0,13660,158,74,81,23.02658768699621,3.098078802999225
gaussian_sparse-iid-n25000-d2-seed42,synthetic,gaussian_sparse,iid,random_sqrt_clique,25000,2,42.0,False,2,50,49,False,0.0,14,23048,131,1262403,158,158,0,13660,158,74,81,23.02658768699621,2.977991899999324
gaussian_sparse-iid-n25000-d2-seed42,synthetic,gaussian_sparse,iid,score_sg_antihub,25000,2,42.0,False,2,50,49,False,0.0,33,20008,133,1262403,158,158,0,13660,158,74,81,23.02658768699621,3.058651433995692
gaussian_sparse-separated-n25000-d2-seed42,synthetic,gaussian_sparse,separated_clusters,approx_knn_only,25000,2,42.0,False,2,50,49,False,0.0,2,24882,118,1250000,0,158,0,13686,158,45,49,3.1591239029949065,3.0715580969990697
gaussian_sparse-separated-n25000-d2-seed42,synthetic,gaussian_sparse,separated_clusters,random_sqrt_clique,25000,2,42.0,False,2,50,49,False,0.0,2,24882,118,1262403,158,158,0,13686,158,45,49,3.1591239029949065,2.879012202989543
gaussian_sparse-separated-n25000-d2-seed42,synthetic,gaussian_sparse,separated_clusters,score_sg_antihub,25000,2,42.0,False,2,50,49,False,0.0,2,24882,118,1262403,158,158,0,13686,158,45,49,3.1591239029949065,3.0377504139905795
gaussian_sparse-iid-n25000-d10-seed42,synthetic,gaussian_sparse,iid,approx_knn_only,25000,10,42.0,False,2,50,49,True,1.0,1,25000,25000,1250000,0,158,0,5428,158,11,20,22.91731828599586,2.852447930999915
gaussian_sparse-iid-n25000-d10-seed42,synthetic,gaussian_sparse,iid,random_sqrt_clique,25000,10,42.0,False,2,50,49,True,1.0,1,25000,25000,1262403,158,158,0,5428,158,11,20,22.91731828599586,2.970701818005182
gaussian_sparse-iid-n25000-d10-seed42,synthetic,gaussian_sparse,iid,score_sg_antihub,25000,10,42.0,False,2,50,49,True,1.0,1,25000,25000,1262403,158,158,0,5428,158,11,20,22.91731828599586,2.947328893991653
gaussian_sparse-separated-n25000-d10-seed42,synthetic,gaussian_sparse,separated_clusters,approx_knn_only,25000,10,42.0,False,2,50,49,False,0.0,3,12501,4167,1250000,0,158,0,3951,158,23,26,5.067571671010228,2.924983034012257
gaussian_sparse-separated-n25000-d10-seed42,synthetic,gaussian_sparse,separated_clusters,random_sqrt_clique,25000,10,42.0,False,2,50,49,True,1.0,1,25000,25000,1262403,158,158,0,3951,158,23,26,5.067571671010228,2.7968071089999285
gaussian_sparse-separated-n25000-d10-seed42,synthetic,gaussian_sparse,separated_clusters,score_sg_antihub,25000,10,42.0,False,2,50,49,True,1.0,1,25000,25000,1262403,158,158,0,3951,158,23,26,5.067571671010228,2.8902792830049293
gaussian_sparse-iid-n25000-d32-seed42,synthetic,gaussian_sparse,iid,approx_knn_only,25000,32,42.0,False,2,50,49,True,1.0,1,25000,25000,1250000,0,158,0,668,158,1,1,24.23792415599746,2.8402763460035203
gaussian_sparse-iid-n25000-d32-seed42,synthetic,gaussian_sparse,iid,random_sqrt_clique,25000,32,42.0,False,2,50,49,True,1.0,1,25000,25000,1262403,158,158,0,668,158,1,1,24.23792415599746,2.8738561830105027
gaussian_sparse-iid-n25000-d32-seed42,synthetic,gaussian_sparse,iid,score_sg_antihub,25000,32,42.0,False,2,50,49,True,1.0,1,25000,25000,1262403,158,158,0,668,158,1,1,24.23792415599746,2.940164522005944
gaussian_sparse-separated-n25000-d32-seed42,synthetic,gaussian_sparse,separated_clusters,approx_knn_only,25000,32,42.0,False,2,50,49,False,0.0,6,4167,4166,1250000,0,158,0,529,158,1,2,6.359681147994706,2.836037621993455
gaussian_sparse-separated-n25000-d32-seed42,synthetic,gaussian_sparse,separated_clusters,random_sqrt_clique,25000,32,42.0,False,2,50,49,True,1.0,1,25000,25000,1262403,158,158,0,529,158,1,2,6.359681147994706,3.045976121997228
gaussian_sparse-separated-n25000-d32-seed42,synthetic,gaussian_sparse,separated_clusters,score_sg_antihub,25000,32,42.0,False,2,50,49,True,1.0,1,25000,25000,1262403,158,158,0,529,158,1,2,6.359681147994706,2.964869370989618
gaussian_sparse-iid-n25000-d64-seed42,synthetic,gaussian_sparse,iid,approx_knn_only,25000,64,42.0,False,2,50,49,True,1.0,1,25000,25000,1250000,0,158,0,2256,158,1,1,25.44898942000873,3.0126248510059668
gaussian_sparse-iid-n25000-d64-seed42,synthetic,gaussian_sparse,iid,random_sqrt_clique,25000,64,42.0,False,2,50,49,True,1.0,1,25000,25000,1262403,158,158,0,2256,158,1,1,25.44898942000873,2.9471261750004487
gaussian_sparse-iid-n25000-d64-seed42,synthetic,gaussian_sparse,iid,score_sg_antihub,25000,64,42.0,False,2,50,49,True,1.0,1,25000,25000,1262403,158,158,0,2256,158,1,1,25.44898942000873,3.053278594990843
gaussian_sparse-separated-n25000-d64-seed42,synthetic,gaussian_sparse,separated_clusters,approx_knn_only,25000,64,42.0,False,2,50,49,False,0.0,6,4167,4166,1250000,0,158,0,1843,158,2,2,6.964801932990667,3.043028072992456
gaussian_sparse-separated-n25000-d64-seed42,synthetic,gaussian_sparse,separated_clusters,random_sqrt_clique,25000,64,42.0,False,2,50,49,True,1.0,1,25000,25000,1262403,158,158,0,1843,158,2,2,6.964801932990667,2.9361928169964813
gaussian_sparse-separated-n25000-d64-seed42,synthetic,gaussian_sparse,separated_clusters,score_sg_antihub,25000,64,42.0,False,2,50,49,True,1.0,1,25000,25000,1262403,158,158,0,1843,158,2,2,6.964801932990667,3.0865970960003324
gaussian_sparse-iid-n25000-d128-seed42,synthetic,gaussian_sparse,iid,approx_knn_only,25000,128,42.0,False,2,50,49,True,1.0,1,25000,25000,1250000,0,158,0,5796,158,1,1,25.98362615400401,2.9224913499929244
gaussian_sparse-iid-n25000-d128-seed42,synthetic,gaussian_sparse,iid,random_sqrt_clique,25000,128,42.0,False,2,50,49,True,1.0,1,25000,25000,1262403,158,158,0,5796,158,1,1,25.98362615400401,3.0085737549961777
gaussian_sparse-iid-n25000-d128-seed42,synthetic,gaussian_sparse,iid,score_sg_antihub,25000,128,42.0,False,2,50,49,True,1.0,1,25000,25000,1262403,158,158,0,5796,158,1,1,25.98362615400401,3.006021763998433
gaussian_sparse-separated-n25000-d128-seed42,synthetic,gaussian_sparse,separated_clusters,approx_knn_only,25000,128,42.0,False,2,50,49,False,0.0,6,4167,4166,1250000,0,158,0,5801,158,1,1,7.933662073002779,3.0422416549990885
gaussian_sparse-separated-n25000-d128-seed42,synthetic,gaussian_sparse,separated_clusters,random_sqrt_clique,25000,128,42.0,False,2,50,49,True,1.0,1,25000,25000,1262403,158,158,0,5801,158,1,1,7.933662073002779,2.922270198992919
gaussian_sparse-separated-n25000-d128-seed42,synthetic,gaussian_sparse,separated_clusters,score_sg_antihub,25000,128,42.0,False,2,50,49,True,1.0,1,25000,25000,1262403,158,158,0,5801,158,1,1,7.933662073002779,3.0418321799952537
gaussian_sparse-iid-n50000-d2-seed42,synthetic,gaussian_sparse,iid,approx_knn_only,50000,2,42.0,False,2,50,49,False,0.0,161,24721,133,2500000,0,223,0,27421,223,60,83,24.087234107995755,5.915653226998984
gaussian_sparse-iid-n50000-d2-seed42,synthetic,gaussian_sparse,iid,random_sqrt_clique,50000,2,42.0,False,2,50,49,False,0.0,79,37710,133,2524753,223,223,0,27421,223,60,83,24.087234107995755,5.975811762007652
gaussian_sparse-iid-n50000-d2-seed42,synthetic,gaussian_sparse,iid,score_sg_antihub,50000,2,42.0,False,2,50,49,False,0.0,159,24988,136,2524753,223,223,0,27421,223,60,83,24.087234107995755,5.862657689998741
gaussian_sparse-separated-n50000-d2-seed42,synthetic,gaussian_sparse,separated_clusters,approx_knn_only,50000,2,42.0,False,2,50,49,False,0.0,8,49249,90,2500000,0,223,0,28050,223,29,42,6.177270640007919,5.899065385994618
gaussian_sparse-separated-n50000-d2-seed42,synthetic,gaussian_sparse,separated_clusters,random_sqrt_clique,50000,2,42.0,False,2,50,49,False,0.0,4,49714,90,2524753,223,223,0,28050,223,29,42,6.177270640007919,6.0392465949989855
gaussian_sparse-separated-n50000-d2-seed42,synthetic,gaussian_sparse,separated_clusters,score_sg_antihub,50000,2,42.0,False,2,50,49,False,0.0,6,49430,105,2524753,223,223,0,28050,223,29,42,6.177270640007919,5.94014888300444
gaussian_sparse-iid-n50000-d10-seed42,synthetic,gaussian_sparse,iid,approx_knn_only,50000,10,42.0,False,2,50,49,True,1.0,1,50000,50000,2500000,0,223,0,10809,223,30,62,28.638190711004427,5.936229758997797
gaussian_sparse-iid-n50000-d10-seed42,synthetic,gaussian_sparse,iid,random_sqrt_clique,50000,10,42.0,False,2,50,49,True,1.0,1,50000,50000,2524753,223,223,0,10809,223,30,62,28.638190711004427,6.128635346991359
gaussian_sparse-iid-n50000-d10-seed42,synthetic,gaussian_sparse,iid,score_sg_antihub,50000,10,42.0,False,2,50,49,True,1.0,1,50000,50000,2524753,223,223,0,10809,223,30,62,28.638190711004427,5.950498562990106
gaussian_sparse-separated-n50000-d10-seed42,synthetic,gaussian_sparse,separated_clusters,approx_knn_only,50000,10,42.0,False,2,50,49,False,0.0,2,41667,8333,2500000,0,223,0,8238,223,1,22,10.712054092000471,6.143571846012492
gaussian_sparse-separated-n50000-d10-seed42,synthetic,gaussian_sparse,separated_clusters,random_sqrt_clique,50000,10,42.0,False,2,50,49,True,1.0,1,50000,50000,2524753,223,223,0,8238,223,1,22,10.712054092000471,6.025340200008941
gaussian_sparse-separated-n50000-d10-seed42,synthetic,gaussian_sparse,separated_clusters,score_sg_antihub,50000,10,42.0,False,2,50,49,True,1.0,1,50000,50000,2524753,223,223,0,8238,223,1,22,10.712054092000471,6.139784160011914
gaussian_sparse-iid-n50000-d32-seed42,synthetic,gaussian_sparse,iid,approx_knn_only,50000,32,42.0,False,2,50,49,True,1.0,1,50000,50000,2500000,0,223,0,1294,223,2,2,30.60968130400579,6.144885006011464
gaussian_sparse-iid-n50000-d32-seed42,synthetic,gaussian_sparse,iid,random_sqrt_clique,50000,32,42.0,False,2,50,49,True,1.0,1,50000,50000,2524753,223,223,0,1294,223,2,2,30.60968130400579,6.233996938011842
gaussian_sparse-iid-n50000-d32-seed42,synthetic,gaussian_sparse,iid,score_sg_antihub,50000,32,42.0,False,2,50,49,True,1.0,1,50000,50000,2524753,223,223,0,1294,223,2,2,30.60968130400579,6.224115757999243
gaussian_sparse-separated-n50000-d32-seed42,synthetic,gaussian_sparse,separated_clusters,approx_knn_only,50000,32,42.0,False,2,50,49,False,0.0,6,8334,8333,2500000,0,223,0,1520,223,2,2,13.624439574006828,6.130217917991104
gaussian_sparse-separated-n50000-d32-seed42,synthetic,gaussian_sparse,separated_clusters,random_sqrt_clique,50000,32,42.0,False,2,50,49,True,1.0,1,50000,50000,2524753,223,223,0,1520,223,2,2,13.624439574006828,6.134597570009646
gaussian_sparse-separated-n50000-d32-seed42,synthetic,gaussian_sparse,separated_clusters,score_sg_antihub,50000,32,42.0,False,2,50,49,True,1.0,1,50000,50000,2524753,223,223,0,1520,223,2,2,13.624439574006828,6.144289132993436
gaussian_sparse-iid-n50000-d64-seed42,synthetic,gaussian_sparse,iid,approx_knn_only,50000,64,42.0,False,2,50,49,True,1.0,1,50000,50000,2500000,0,223,0,4217,223,1,1,33.67276262899395,6.02816979700583
gaussian_sparse-iid-n50000-d64-seed42,synthetic,gaussian_sparse,iid,random_sqrt_clique,50000,64,42.0,False,2,50,49,True,1.0,1,50000,50000,2524753,223,223,0,4217,223,1,1,33.67276262899395,5.963431226002285
gaussian_sparse-iid-n50000-d64-seed42,synthetic,gaussian_sparse,iid,score_sg_antihub,50000,64,42.0,False,2,50,49,True,1.0,1,50000,50000,2524753,223,223,0,4217,223,1,1,33.67276262899395,5.958667109007365
gaussian_sparse-separated-n50000-d64-seed42,synthetic,gaussian_sparse,separated_clusters,approx_knn_only,50000,64,42.0,False,2,50,49,False,0.0,6,8334,8333,2500000,0,223,0,4093,223,3,3,15.025253870990127,5.872585695004091
gaussian_sparse-separated-n50000-d64-seed42,synthetic,gaussian_sparse,separated_clusters,random_sqrt_clique,50000,64,42.0,False,2,50,49,True,1.0,1,50000,50000,2524753,223,223,0,4093,223,3,3,15.025253870990127,5.785425285997917
gaussian_sparse-separated-n50000-d64-seed42,synthetic,gaussian_sparse,separated_clusters,score_sg_antihub,50000,64,42.0,False,2,50,49,True,1.0,1,50000,50000,2524753,223,223,0,4093,223,3,3,15.025253870990127,5.873805313007324
gaussian_sparse-iid-n50000-d128-seed42,synthetic,gaussian_sparse,iid,approx_knn_only,50000,128,42.0,False,2,50,49,True,1.0,1,50000,50000,2500000,0,223,0,12152,223,2,2,36.5515430039959,6.406779736993485
gaussian_sparse-iid-n50000-d128-seed42,synthetic,gaussian_sparse,iid,random_sqrt_clique,50000,128,42.0,False,2,50,49,True,1.0,1,50000,50000,2524753,223,223,0,12152,223,2,2,36.5515430039959,6.248626795000746
gaussian_sparse-iid-n50000-d128-seed42,synthetic,gaussian_sparse,iid,score_sg_antihub,50000,128,42.0,False,2,50,49,True,1.0,1,50000,50000,2524753,223,223,0,12152,223,2,2,36.5515430039959,6.402566296004807
gaussian_sparse-separated-n50000-d128-seed42,synthetic,gaussian_sparse,separated_clusters,approx_knn_only,50000,128,42.0,False,2,50,49,False,0.0,6,8334,8333,2500000,0,223,0,11406,223,1,1,17.13385234499583,6.448674863000633
gaussian_sparse-separated-n50000-d128-seed42,synthetic,gaussian_sparse,separated_clusters,random_sqrt_clique,50000,128,42.0,False,2,50,49,True,1.0,1,50000,50000,2524753,223,223,0,11406,223,1,1,17.13385234499583,6.280759453002247
gaussian_sparse-separated-n50000-d128-seed42,synthetic,gaussian_sparse,separated_clusters,score_sg_antihub,50000,128,42.0,False,2,50,49,True,1.0,1,50000,50000,2524753,223,223,0,11406,223,1,1,17.13385234499583,6.37638965700171
gaussian_sparse-iid-n100000-d2-seed42,synthetic,gaussian_sparse,iid,approx_knn_only,100000,2,42.0,False,2,50,49,False,0.0,435,31320,116,5000000,0,316,0,55020,316,26,77,31.712604341999395,12.474252729996806
gaussian_sparse-iid-n100000-d2-seed42,synthetic,gaussian_sparse,iid,random_sqrt_clique,100000,2,42.0,False,2,50,49,False,0.0,253,60115,126,5049770,316,316,0,55020,316,26,77,31.712604341999395,12.480967683994097
gaussian_sparse-iid-n100000-d2-seed42,synthetic,gaussian_sparse,iid,score_sg_antihub,100000,2,42.0,False,2,50,49,False,0.0,431,31806,129,5049770,316,316,0,55020,316,26,77,31.712604341999395,12.347869367993551
gaussian_sparse-separated-n100000-d2-seed42,synthetic,gaussian_sparse,separated_clusters,approx_knn_only,100000,2,42.0,False,2,50,49,False,0.0,73,89846,89,5000000,0,316,0,57486,316,40,42,13.773652719988604,12.454336046997923
gaussian_sparse-separated-n100000-d2-seed42,synthetic,gaussian_sparse,separated_clusters,random_sqrt_clique,100000,2,42.0,False,2,50,49,False,0.0,53,92851,89,5049770,316,316,0,57486,316,40,42,13.773652719988604,12.400249822996557
gaussian_sparse-separated-n100000-d2-seed42,synthetic,gaussian_sparse,separated_clusters,score_sg_antihub,100000,2,42.0,False,2,50,49,False,0.0,70,90116,95,5049770,316,316,0,57486,316,40,42,13.773652719988604,15.598225310008274
gaussian_sparse-iid-n100000-d10-seed42,synthetic,gaussian_sparse,iid,approx_knn_only,100000,10,42.0,False,2,50,49,False,0.0,14,98187,122,5000000,0,316,0,22125,316,32,62,40.19744143199932,12.388118182992912
gaussian_sparse-iid-n100000-d10-seed42,synthetic,gaussian_sparse,iid,random_sqrt_clique,100000,10,42.0,False,2,50,49,False,0.0,10,98739,127,5049770,316,316,0,22125,316,32,62,40.19744143199932,12.669605720002435
gaussian_sparse-iid-n100000-d10-seed42,synthetic,gaussian_sparse,iid,score_sg_antihub,100000,10,42.0,False,2,50,49,False,0.0,14,98187,122,5049770,316,316,0,22125,316,32,62,40.19744143199932,12.465823892998742
gaussian_sparse-separated-n100000-d10-seed42,synthetic,gaussian_sparse,separated_clusters,approx_knn_only,100000,10,42.0,False,2,50,49,False,0.0,2,83333,16667,5000000,0,316,0,16822,316,9,21,22.38261352700647,12.817701523003052
gaussian_sparse-separated-n100000-d10-seed42,synthetic,gaussian_sparse,separated_clusters,random_sqrt_clique,100000,10,42.0,False,2,50,49,True,1.0,1,100000,100000,5049770,316,316,0,16822,316,9,21,22.38261352700647,12.81228542100871
gaussian_sparse-separated-n100000-d10-seed42,synthetic,gaussian_sparse,separated_clusters,score_sg_antihub,100000,10,42.0,False,2,50,49,True,1.0,1,100000,100000,5049770,316,316,0,16822,316,9,21,22.38261352700647,12.893709759999185
gaussian_sparse-iid-n100000-d32-seed42,synthetic,gaussian_sparse,iid,approx_knn_only,100000,32,42.0,False,2,50,49,True,1.0,1,100000,100000,5000000,0,316,0,2602,316,1,1,44.93293023899605,12.332659904990578
gaussian_sparse-iid-n100000-d32-seed42,synthetic,gaussian_sparse,iid,random_sqrt_clique,100000,32,42.0,False,2,50,49,True,1.0,1,100000,100000,5049770,316,316,0,2602,316,1,1,44.93293023899605,12.432642314000988
gaussian_sparse-iid-n100000-d32-seed42,synthetic,gaussian_sparse,iid,score_sg_antihub,100000,32,42.0,False,2,50,49,True,1.0,1,100000,100000,5049770,316,316,0,2602,316,1,1,44.93293023899605,12.44269826800155
gaussian_sparse-separated-n100000-d32-seed42,synthetic,gaussian_sparse,separated_clusters,approx_knn_only,100000,32,42.0,False,2,50,49,False,0.0,6,16667,16666,5000000,0,316,0,3221,316,1,1,27.953627638999023,12.39037521299906
gaussian_sparse-separated-n100000-d32-seed42,synthetic,gaussian_sparse,separated_clusters,random_sqrt_clique,100000,32,42.0,False,2,50,49,True,1.0,1,100000,100000,5049770,316,316,0,3221,316,1,1,27.953627638999023,12.405547464004483
gaussian_sparse-separated-n100000-d32-seed42,synthetic,gaussian_sparse,separated_clusters,score_sg_antihub,100000,32,42.0,False,2,50,49,True,1.0,1,100000,100000,5049770,316,316,0,3221,316,1,1,27.953627638999023,12.76854000800813
gaussian_sparse-iid-n100000-d64-seed42,synthetic,gaussian_sparse,iid,approx_knn_only,100000,64,42.0,False,2,50,49,True,1.0,1,100000,100000,5000000,0,316,0,7535,316,1,2,50.38732473998971,12.815860375994816
gaussian_sparse-iid-n100000-d64-seed42,synthetic,gaussian_sparse,iid,random_sqrt_clique,100000,64,42.0,False,2,50,49,True,1.0,1,100000,100000,5049770,316,316,0,7535,316,1,2,50.38732473998971,12.749017102003563
gaussian_sparse-iid-n100000-d64-seed42,synthetic,gaussian_sparse,iid,score_sg_antihub,100000,64,42.0,False,2,50,49,True,1.0,1,100000,100000,5049770,316,316,0,7535,316,1,2,50.38732473998971,13.180155283000204
gaussian_sparse-separated-n100000-d64-seed42,synthetic,gaussian_sparse,separated_clusters,approx_knn_only,100000,64,42.0,False,2,50,49,False,0.0,6,16667,16666,5000000,0,316,0,8854,316,3,3,32.39130362699507,12.683066463010618
gaussian_sparse-separated-n100000-d64-seed42,synthetic,gaussian_sparse,separated_clusters,random_sqrt_clique,100000,64,42.0,False,2,50,49,True,1.0,1,100000,100000,5049770,316,316,0,8854,316,3,3,32.39130362699507,12.731242458990891
gaussian_sparse-separated-n100000-d64-seed42,synthetic,gaussian_sparse,separated_clusters,score_sg_antihub,100000,64,42.0,False,2,50,49,True,1.0,1,100000,100000,5049770,316,316,0,8854,316,3,3,32.39130362699507,12.756286917996476
gaussian_sparse-iid-n100000-d128-seed42,synthetic,gaussian_sparse,iid,approx_knn_only,100000,128,42.0,False,2,50,49,True,1.0,1,100000,100000,5000000,0,316,0,24704,316,1,2,57.210743495001225,12.555663111998
gaussian_sparse-iid-n100000-d128-seed42,synthetic,gaussian_sparse,iid,random_sqrt_clique,100000,128,42.0,False,2,50,49,True,1.0,1,100000,100000,5049770,316,316,0,24704,316,1,2,57.210743495001225,12.42830943199806
gaussian_sparse-iid-n100000-d128-seed42,synthetic,gaussian_sparse,iid,score_sg_antihub,100000,128,42.0,False,2,50,49,True,1.0,1,100000,100000,5049770,316,316,0,24704,316,1,2,57.210743495001225,12.32311370500247
gaussian_sparse-separated-n100000-d128-seed42,synthetic,gaussian_sparse,separated_clusters,approx_knn_only,100000,128,42.0,False,2,50,49,False,0.0,6,16667,16666,5000000,0,316,0,23290,316,1,1,36.265155536006205,12.29393984300259
gaussian_sparse-separated-n100000-d128-seed42,synthetic,gaussian_sparse,separated_clusters,random_sqrt_clique,100000,128,42.0,False,2,50,49,True,1.0,1,100000,100000,5049770,316,316,0,23290,316,1,1,36.265155536006205,12.557942037994508
gaussian_sparse-separated-n100000-d128-seed42,synthetic,gaussian_sparse,separated_clusters,score_sg_antihub,100000,128,42.0,False,2,50,49,True,1.0,1,100000,100000,5049770,316,316,0,23290,316,1,1,36.265155536006205,12.496743487005006
gaussian_sparse-iid-n200000-d2-seed42,synthetic,gaussian_sparse,iid,approx_knn_only,200000,2,42.0,False,2,50,49,False,0.0,915,55047,119,10000000,0,447,0,109942,447,75,308,48.852673330999096,25.47626406600466
gaussian_sparse-iid-n200000-d2-seed42,synthetic,gaussian_sparse,iid,random_sqrt_clique,200000,2,42.0,False,2,50,49,False,0.0,645,98195,119,10099681,447,447,0,109942,447,75,308,48.852673330999096,25.58477862700238
gaussian_sparse-iid-n200000-d2-seed42,synthetic,gaussian_sparse,iid,score_sg_antihub,200000,2,42.0,False,2,50,49,False,0.0,906,56179,129,10099681,447,447,0,109942,447,75,308,48.852673330999096,25.60665664699627
gaussian_sparse-separated-n200000-d2-seed42,synthetic,gaussian_sparse,separated_clusters,approx_knn_only,200000,2,42.0,False,2,50,49,False,0.0,328,140776,92,10000000,0,447,0,117776,447,9,47,28.50847826899553,25.6994061430014
gaussian_sparse-separated-n200000-d2-seed42,synthetic,gaussian_sparse,separated_clusters,random_sqrt_clique,200000,2,42.0,False,2,50,49,False,0.0,222,161031,94,10099681,447,447,0,117776,447,9,47,28.50847826899553,28.309739832999185
gaussian_sparse-separated-n200000-d2-seed42,synthetic,gaussian_sparse,separated_clusters,score_sg_antihub,200000,2,42.0,False,2,50,49,False,0.0,323,141249,99,10099681,447,447,0,117776,447,9,47,28.50847826899553,26.336941678993757
gaussian_sparse-iid-n200000-d10-seed42,synthetic,gaussian_sparse,iid,approx_knn_only,200000,10,42.0,False,2,50,49,False,0.0,133,181981,112,10000000,0,447,0,44066,447,47,56,67.17587497599015,27.010037088999525
gaussian_sparse-iid-n200000-d10-seed42,synthetic,gaussian_sparse,iid,random_sqrt_clique,200000,10,42.0,False,2,50,49,False,0.0,96,187017,112,10099681,447,447,0,44066,447,47,56,67.17587497599015,27.273020309003183
gaussian_sparse-iid-n200000-d10-seed42,synthetic,gaussian_sparse,iid,score_sg_antihub,200000,10,42.0,False,2,50,49,False,0.0,133,181981,112,10099681,447,447,0,44066,447,47,56,67.17587497599015,26.9825158760068
gaussian_sparse-separated-n200000-d10-seed42,synthetic,gaussian_sparse,separated_clusters,approx_knn_only,200000,10,42.0,False,2,50,49,False,0.0,4,66667,33333,10000000,0,447,0,39388,447,10,24,45.62760374600475,26.96836080399225
gaussian_sparse-separated-n200000-d10-seed42,synthetic,gaussian_sparse,separated_clusters,random_sqrt_clique,200000,10,42.0,False,2,50,49,True,1.0,1,200000,200000,10099681,447,447,0,39388,447,10,24,45.62760374600475,26.457875049993163
gaussian_sparse-separated-n200000-d10-seed42,synthetic,gaussian_sparse,separated_clusters,score_sg_antihub,200000,10,42.0,False,2,50,49,True,1.0,1,200000,200000,10099681,447,447,0,39388,447,10,24,45.62760374600475,26.85432813600346
gaussian_sparse-iid-n200000-d32-seed42,synthetic,gaussian_sparse,iid,approx_knn_only,200000,32,42.0,False,2,50,49,True,1.0,1,200000,200000,10000000,0,447,0,5565,447,1,5,75.94236074500077,26.83121903400752
gaussian_sparse-iid-n200000-d32-seed42,synthetic,gaussian_sparse,iid,random_sqrt_clique,200000,32,42.0,False,2,50,49,True,1.0,1,200000,200000,10099681,447,447,0,5565,447,1,5,75.94236074500077,27.03723285999149
gaussian_sparse-iid-n200000-d32-seed42,synthetic,gaussian_sparse,iid,score_sg_antihub,200000,32,42.0,False,2,50,49,True,1.0,1,200000,200000,10099681,447,447,0,5565,447,1,5,75.94236074500077,26.9724469280045
gaussian_sparse-separated-n200000-d32-seed42,synthetic,gaussian_sparse,separated_clusters,approx_knn_only,200000,32,42.0,False,2,50,49,False,0.0,6,33334,33333,10000000,0,447,0,5669,447,1,1,56.41028052500042,26.072870068004704
gaussian_sparse-separated-n200000-d32-seed42,synthetic,gaussian_sparse,separated_clusters,random_sqrt_clique,200000,32,42.0,False,2,50,49,True,1.0,1,200000,200000,10099681,447,447,0,5669,447,1,1,56.41028052500042,26.493374904996017
gaussian_sparse-separated-n200000-d32-seed42,synthetic,gaussian_sparse,separated_clusters,score_sg_antihub,200000,32,42.0,False,2,50,49,True,1.0,1,200000,200000,10099681,447,447,0,5669,447,1,1,56.41028052500042,26.39963883400196
gaussian_sparse-iid-n200000-d64-seed42,synthetic,gaussian_sparse,iid,approx_knn_only,200000,64,42.0,False,2,50,49,True,1.0,1,200000,200000,10000000,0,447,0,13990,447,1,1,84.80625888399663,25.385839462003787
gaussian_sparse-iid-n200000-d64-seed42,synthetic,gaussian_sparse,iid,random_sqrt_clique,200000,64,42.0,False,2,50,49,True,1.0,1,200000,200000,10099681,447,447,0,13990,447,1,1,84.80625888399663,25.36122807599895
gaussian_sparse-iid-n200000-d64-seed42,synthetic,gaussian_sparse,iid,score_sg_antihub,200000,64,42.0,False,2,50,49,True,1.0,1,200000,200000,10099681,447,447,0,13990,447,1,1,84.80625888399663,25.422282783008995
gaussian_sparse-separated-n200000-d64-seed42,synthetic,gaussian_sparse,separated_clusters,approx_knn_only,200000,64,42.0,False,2,50,49,False,0.0,6,33334,33333,10000000,0,447,0,17302,447,1,3,67.5093884599919,26.811926673995917
gaussian_sparse-separated-n200000-d64-seed42,synthetic,gaussian_sparse,separated_clusters,random_sqrt_clique,200000,64,42.0,False,2,50,49,True,1.0,1,200000,200000,10099681,447,447,0,17302,447,1,3,67.5093884599919,26.10456834299839
gaussian_sparse-separated-n200000-d64-seed42,synthetic,gaussian_sparse,separated_clusters,score_sg_antihub,200000,64,42.0,False,2,50,49,True,1.0,1,200000,200000,10099681,447,447,0,17302,447,1,3,67.5093884599919,26.029815293004503
gaussian_sparse-iid-n200000-d128-seed42,synthetic,gaussian_sparse,iid,approx_knn_only,200000,128,42.0,False,2,50,49,True,1.0,1,200000,200000,10000000,0,447,0,49229,447,1,2,103.39833396300672,25.15556639900024
gaussian_sparse-iid-n200000-d128-seed42,synthetic,gaussian_sparse,iid,random_sqrt_clique,200000,128,42.0,False,2,50,49,True,1.0,1,200000,200000,10099681,447,447,0,49229,447,1,2,103.39833396300672,25.447501130009183
gaussian_sparse-iid-n200000-d128-seed42,synthetic,gaussian_sparse,iid,score_sg_antihub,200000,128,42.0,False,2,50,49,True,1.0,1,200000,200000,10099681,447,447,0,49229,447,1,2,103.39833396300672,25.465802568010982
gaussian_sparse-separated-n200000-d128-seed42,synthetic,gaussian_sparse,separated_clusters,approx_knn_only,200000,128,42.0,False,2,50,49,False,0.0,6,33334,33333,10000000,0,447,0,48159,447,1,2,77.14291880499513,26.02081276100944
gaussian_sparse-separated-n200000-d128-seed42,synthetic,gaussian_sparse,separated_clusters,random_sqrt_clique,200000,128,42.0,False,2,50,49,True,1.0,1,200000,200000,10099681,447,447,0,48159,447,1,2,77.14291880499513,25.90554385499854
gaussian_sparse-separated-n200000-d128-seed42,synthetic,gaussian_sparse,separated_clusters,score_sg_antihub,200000,128,42.0,False,2,50,49,True,1.0,1,200000,200000,10099681,447,447,0,48159,447,1,2,77.14291880499513,26.083202872003312
gaussian_sparse-iid-n500000-d2-seed42,synthetic,gaussian_sparse,iid,approx_knn_only,500000,2,42.0,False,2,50,49,False,0.0,1897,128100,93,25000000,0,707,0,299491,707,52,162,99.8394876240054,67.11386100799427
gaussian_sparse-iid-n500000-d2-seed42,synthetic,gaussian_sparse,iid,random_sqrt_clique,500000,2,42.0,False,2,50,49,False,0.0,1438,219230,95,25249571,707,707,0,299491,707,52,162,99.8394876240054,67.21752003899019
gaussian_sparse-iid-n500000-d2-seed42,synthetic,gaussian_sparse,iid,score_sg_antihub,500000,2,42.0,False,2,50,49,False,0.0,1883,129521,106,25249571,707,707,0,299491,707,52,162,99.8394876240054,66.84289674200409
gaussian_sparse-separated-n500000-d2-seed42,synthetic,gaussian_sparse,separated_clusters,approx_knn_only,500000,2,42.0,False,2,50,49,False,0.0,2339,186731,98,25000000,0,707,0,251474,707,85,159,75.07065704200068,66.56233507199795
gaussian_sparse-separated-n500000-d2-seed42,synthetic,gaussian_sparse,separated_clusters,random_sqrt_clique,500000,2,42.0,False,2,50,49,False,0.0,1944,240810,98,25249571,707,707,0,251474,707,85,159,75.07065704200068,69.79018123401329
gaussian_sparse-separated-n500000-d2-seed42,synthetic,gaussian_sparse,separated_clusters,score_sg_antihub,500000,2,42.0,False,2,50,49,False,0.0,2329,187749,105,25249571,707,707,0,251474,707,85,159,75.07065704200068,68.25508692000585
gaussian_sparse-iid-n500000-d10-seed42,synthetic,gaussian_sparse,iid,approx_knn_only,500000,10,42.0,False,2,50,49,False,0.0,522,416398,77,25000000,0,707,0,120651,707,46,52,140.4353057929984,67.36077047599247
gaussian_sparse-iid-n500000-d10-seed42,synthetic,gaussian_sparse,iid,random_sqrt_clique,500000,10,42.0,False,2,50,49,False,0.0,408,434921,77,25249571,707,707,0,120651,707,46,52,140.4353057929984,68.50651545300207
gaussian_sparse-iid-n500000-d10-seed42,synthetic,gaussian_sparse,iid,score_sg_antihub,500000,10,42.0,False,2,50,49,False,0.0,520,416552,79,25249571,707,707,0,120651,707,46,52,140.4353057929984,68.0518406080082
gaussian_sparse-separated-n500000-d10-seed42,synthetic,gaussian_sparse,separated_clusters,approx_knn_only,500000,10,42.0,False,2,50,49,False,0.0,42,495397,89,25000000,0,707,0,96812,707,8,9,117.0761442649964,65.50217359600356
gaussian_sparse-separated-n500000-d10-seed42,synthetic,gaussian_sparse,separated_clusters,random_sqrt_clique,500000,10,42.0,False,2,50,49,False,0.0,32,496545,89,25249571,707,707,0,96812,707,8,9,117.0761442649964,66.87048980599502
gaussian_sparse-separated-n500000-d10-seed42,synthetic,gaussian_sparse,separated_clusters,score_sg_antihub,500000,10,42.0,False,2,50,49,False,0.0,42,495397,89,25249571,707,707,0,96812,707,8,9,117.0761442649964,65.88627012800134
gaussian_sparse-iid-n500000-d32-seed42,synthetic,gaussian_sparse,iid,approx_knn_only,500000,32,42.0,False,2,50,49,True,1.0,1,500000,500000,25000000,0,707,0,13407,707,3,5,172.5776628369931,68.96076801800518
gaussian_sparse-iid-n500000-d32-seed42,synthetic,gaussian_sparse,iid,random_sqrt_clique,500000,32,42.0,False,2,50,49,True,1.0,1,500000,500000,25249571,707,707,0,13407,707,3,5,172.5776628369931,67.61410261200217
gaussian_sparse-iid-n500000-d32-seed42,synthetic,gaussian_sparse,iid,score_sg_antihub,500000,32,42.0,False,2,50,49,True,1.0,1,500000,500000,25249571,707,707,0,13407,707,3,5,172.5776628369931,67.3768929939979
gaussian_sparse-separated-n500000-d32-seed42,synthetic,gaussian_sparse,separated_clusters,approx_knn_only,500000,32,42.0,False,2,50,49,False,0.0,6,83334,83333,25000000,0,707,0,13677,707,7,10,143.7684171209985,65.87363986599667
gaussian_sparse-separated-n500000-d32-seed42,synthetic,gaussian_sparse,separated_clusters,random_sqrt_clique,500000,32,42.0,False,2,50,49,True,1.0,1,500000,500000,25249571,707,707,0,13677,707,7,10,143.7684171209985,67.40647416599677
gaussian_sparse-separated-n500000-d32-seed42,synthetic,gaussian_sparse,separated_clusters,score_sg_antihub,500000,32,42.0,False,2,50,49,True,1.0,1,500000,500000,25249571,707,707,0,13677,707,7,10,143.7684171209985,67.21078870000201
gaussian_sparse-iid-n500000-d64-seed42,synthetic,gaussian_sparse,iid,approx_knn_only,500000,64,42.0,False,2,50,49,True,1.0,1,500000,500000,25000000,0,707,0,32103,707,3,5,202.4906264540041,70.15360185399186
gaussian_sparse-iid-n500000-d64-seed42,synthetic,gaussian_sparse,iid,random_sqrt_clique,500000,64,42.0,False,2,50,49,True,1.0,1,500000,500000,25249571,707,707,0,32103,707,3,5,202.4906264540041,68.305844565999
gaussian_sparse-iid-n500000-d64-seed42,synthetic,gaussian_sparse,iid,score_sg_antihub,500000,64,42.0,False,2,50,49,True,1.0,1,500000,500000,25249571,707,707,0,32103,707,3,5,202.4906264540041,68.43987806599762
gaussian_sparse-separated-n500000-d64-seed42,synthetic,gaussian_sparse,separated_clusters,approx_knn_only,500000,64,42.0,False,2,50,49,False,0.0,6,83334,83333,25000000,0,707,0,39043,707,1,1,172.80613624899706,67.34441460600647
gaussian_sparse-separated-n500000-d64-seed42,synthetic,gaussian_sparse,separated_clusters,random_sqrt_clique,500000,64,42.0,False,2,50,49,True,1.0,1,500000,500000,25249571,707,707,0,39043,707,1,1,172.80613624899706,67.79119335100404
gaussian_sparse-separated-n500000-d64-seed42,synthetic,gaussian_sparse,separated_clusters,score_sg_antihub,500000,64,42.0,False,2,50,49,True,1.0,1,500000,500000,25249571,707,707,0,39043,707,1,1,172.80613624899706,67.46847608900862
gaussian_sparse-iid-n500000-d128-seed42,synthetic,gaussian_sparse,iid,approx_knn_only,500000,128,42.0,False,2,50,49,True,1.0,1,500000,500000,25000000,0,707,0,119404,707,1,2,250.81630751899505,65.47143056499772
gaussian_sparse-iid-n500000-d128-seed42,synthetic,gaussian_sparse,iid,random_sqrt_clique,500000,128,42.0,False,2,50,49,True,1.0,1,500000,500000,25249571,707,707,0,119404,707,1,2,250.81630751899505,65.52245848500752
gaussian_sparse-iid-n500000-d128-seed42,synthetic,gaussian_sparse,iid,score_sg_antihub,500000,128,42.0,False,2,50,49,True,1.0,1,500000,500000,25249571,707,707,0,119404,707,1,2,250.81630751899505,65.5113837329991
gaussian_sparse-separated-n500000-d128-seed42,synthetic,gaussian_sparse,separated_clusters,approx_knn_only,500000,128,42.0,False,2,50,49,False,0.0,6,83334,83333,25000000,0,707,0,122943,707,1,1,214.1166506900045,65.26606599500519
gaussian_sparse-separated-n500000-d128-seed42,synthetic,gaussian_sparse,separated_clusters,random_sqrt_clique,500000,128,42.0,False,2,50,49,True,1.0,1,500000,500000,25249571,707,707,0,122943,707,1,1,214.1166506900045,66.43595030900906
gaussian_sparse-separated-n500000-d128-seed42,synthetic,gaussian_sparse,separated_clusters,score_sg_antihub,500000,128,42.0,False,2,50,49,True,1.0,1,500000,500000,25249571,707,707,0,122943,707,1,1,214.1166506900045,65.34796662699955
gaussian_sparse-iid-n1000000-d2-seed42,synthetic,gaussian_sparse,iid,approx_knn_only,1000000,2,42.0,False,2,50,49,False,0.0,4063,209731,93,50000000,0,1000,0,597858,1000,63,159,188.9635133149859,137.66625544001
gaussian_sparse-iid-n1000000-d2-seed42,synthetic,gaussian_sparse,iid,random_sqrt_clique,1000000,2,42.0,False,2,50,49,False,0.0,3364,347086,93,50499500,1000,1000,0,597858,1000,63,159,188.9635133149859,136.05042311301804
gaussian_sparse-iid-n1000000-d2-seed42,synthetic,gaussian_sparse,iid,score_sg_antihub,1000000,2,42.0,False,2,50,49,False,0.0,4041,212083,105,50499500,1000,1000,0,597858,1000,63,159,188.9635133149859,133.85073537300923
gaussian_sparse-separated-n1000000-d2-seed42,synthetic,gaussian_sparse,separated_clusters,approx_knn_only,1000000,2,42.0,False,2,50,49,False,0.0,5118,308425,92,50000000,0,1000,0,504905,1000,33,53,153.3774150950194,132.71002693998162
gaussian_sparse-separated-n1000000-d2-seed42,synthetic,gaussian_sparse,separated_clusters,random_sqrt_clique,1000000,2,42.0,False,2,50,49,False,0.0,4468,397983,95,50499500,1000,1000,0,504905,1000,33,53,153.3774150950194,133.45137318299385
gaussian_sparse-separated-n1000000-d2-seed42,synthetic,gaussian_sparse,separated_clusters,score_sg_antihub,1000000,2,42.0,False,2,50,49,False,0.0,5103,309929,105,50499500,1000,1000,0,504905,1000,33,53,153.3774150950194,133.60492834702018
gaussian_sparse-iid-n1000000-d10-seed42,synthetic,gaussian_sparse,iid,approx_knn_only,1000000,10,42.0,False,2,50,49,False,0.0,1408,782632,67,50000000,0,1000,0,235741,1000,1,3,273.2119689609972,133.1835913399991
gaussian_sparse-iid-n1000000-d10-seed42,synthetic,gaussian_sparse,iid,random_sqrt_clique,1000000,10,42.0,False,2,50,49,False,0.0,1205,815567,68,50499500,1000,1000,0,235741,1000,1,3,273.2119689609972,135.257622264995
gaussian_sparse-iid-n1000000-d10-seed42,synthetic,gaussian_sparse,iid,score_sg_antihub,1000000,10,42.0,False,2,50,49,False,0.0,1408,782632,67,50499500,1000,1000,0,235741,1000,1,3,273.2119689609972,134.93760066299
gaussian_sparse-separated-n1000000-d10-seed42,synthetic,gaussian_sparse,separated_clusters,approx_knn_only,1000000,10,42.0,False,2,50,49,False,0.0,613,619595,83,50000000,0,1000,0,194013,1000,2,2,259.82209849599167,134.22582991298987
gaussian_sparse-separated-n1000000-d10-seed42,synthetic,gaussian_sparse,separated_clusters,random_sqrt_clique,1000000,10,42.0,False,2,50,49,False,0.0,539,939578,83,50499500,1000,1000,0,194013,1000,2,2,259.82209849599167,134.72167845498188
gaussian_sparse-separated-n1000000-d10-seed42,synthetic,gaussian_sparse,separated_clusters,score_sg_antihub,1000000,10,42.0,False,2,50,49,False,0.0,611,931186,83,50499500,1000,1000,0,194013,1000,2,2,259.82209849599167,135.63316003899672
gaussian_sparse-iid-n1000000-d32-seed42,synthetic,gaussian_sparse,iid,approx_knn_only,1000000,32,42.0,False,2,50,49,True,1.0,1,1000000,1000000,50000000,0,1000,0,32322,1000,5,5,335.8802645870019,137.9660996249877
gaussian_sparse-iid-n1000000-d32-seed42,synthetic,gaussian_sparse,iid,random_sqrt_clique,1000000,32,42.0,False,2,50,49,True,1.0,1,1000000,1000000,50499500,1000,1000,0,32322,1000,5,5,335.8802645870019,140.52023194899084
gaussian_sparse-iid-n1000000-d32-seed42,synthetic,gaussian_sparse,iid,score_sg_antihub,1000000,32,42.0,False,2,50,49,True,1.0,1,1000000,1000000,50499500,1000,1000,0,32322,1000,5,5,335.8802645870019,139.6136814649799
gaussian_sparse-separated-n1000000-d32-seed42,synthetic,gaussian_sparse,separated_clusters,approx_knn_only,1000000,32,42.0,False,2,50,49,False,0.0,6,166667,166666,50000000,0,1000,0,26472,1000,11,14,303.24650265299715,140.37293348499225
gaussian_sparse-separated-n1000000-d32-seed42,synthetic,gaussian_sparse,separated_clusters,random_sqrt_clique,1000000,32,42.0,False,2,50,49,True,1.0,1,1000000,1000000,50499500,1000,1000,0,26472,1000,11,14,303.24650265299715,139.55097164900508
gaussian_sparse-separated-n1000000-d32-seed42,synthetic,gaussian_sparse,separated_clusters,score_sg_antihub,1000000,32,42.0,False,2,50,49,True,1.0,1,1000000,1000000,50499500,1000,1000,0,26472,1000,11,14,303.24650265299715,140.26064812400728
gaussian_sparse-iid-n1000000-d64-seed42,synthetic,gaussian_sparse,iid,approx_knn_only,1000000,64,42.0,False,2,50,49,True,1.0,1,1000000,1000000,50000000,0,1000,0,63204,1000,1,4,387.4343218060094,131.92416192099336
gaussian_sparse-iid-n1000000-d64-seed42,synthetic,gaussian_sparse,iid,random_sqrt_clique,1000000,64,42.0,False,2,50,49,True,1.0,1,1000000,1000000,50499500,1000,1000,0,63204,1000,1,4,387.4343218060094,132.642988556996
gaussian_sparse-iid-n1000000-d64-seed42,synthetic,gaussian_sparse,iid,score_sg_antihub,1000000,64,42.0,False,2,50,49,True,1.0,1,1000000,1000000,50499500,1000,1000,0,63204,1000,1,4,387.4343218060094,133.98162683201372
gaussian_sparse-separated-n1000000-d64-seed42,synthetic,gaussian_sparse,separated_clusters,approx_knn_only,1000000,64,42.0,False,2,50,49,False,0.0,6,166667,166666,50000000,0,1000,0,70158,1000,1,4,361.5555536369793,132.11312788000214
gaussian_sparse-separated-n1000000-d64-seed42,synthetic,gaussian_sparse,separated_clusters,random_sqrt_clique,1000000,64,42.0,False,2,50,49,True,1.0,1,1000000,1000000,50499500,1000,1000,0,70158,1000,1,4,361.5555536369793,134.12070211902028
gaussian_sparse-separated-n1000000-d64-seed42,synthetic,gaussian_sparse,separated_clusters,score_sg_antihub,1000000,64,42.0,False,2,50,49,True,1.0,1,1000000,1000000,50499500,1000,1000,0,70158,1000,1,4,361.5555536369793,133.11300334901898
gaussian_sparse-iid-n1000000-d128-seed42,synthetic,gaussian_sparse,iid,approx_knn_only,1000000,128,42.0,False,2,50,49,True,1.0,1,1000000,1000000,50000000,0,1000,0,232492,1000,1,2,531.121884393011,130.40376530602225
gaussian_sparse-iid-n1000000-d128-seed42,synthetic,gaussian_sparse,iid,random_sqrt_clique,1000000,128,42.0,False,2,50,49,True,1.0,1,1000000,1000000,50499500,1000,1000,0,232492,1000,1,2,531.121884393011,130.2325695109903
gaussian_sparse-iid-n1000000-d128-seed42,synthetic,gaussian_sparse,iid,score_sg_antihub,1000000,128,42.0,False,2,50,49,True,1.0,1,1000000,1000000,50499500,1000,1000,0,232492,1000,1,2,531.121884393011,131.4481277599989
gaussian_sparse-separated-n1000000-d128-seed42,synthetic,gaussian_sparse,separated_clusters,approx_knn_only,1000000,128,42.0,False,2,50,49,False,0.0,6,166667,166666,50000000,0,1000,0,245929,1000,2,2,451.2468494370114,128.18912858198746
gaussian_sparse-separated-n1000000-d128-seed42,synthetic,gaussian_sparse,separated_clusters,random_sqrt_clique,1000000,128,42.0,False,2,50,49,True,1.0,1,1000000,1000000,50499500,1000,1000,0,245929,1000,2,2,451.2468494370114,129.8593065169989
gaussian_sparse-separated-n1000000-d128-seed42,synthetic,gaussian_sparse,separated_clusters,score_sg_antihub,1000000,128,42.0,False,2,50,49,True,1.0,1,1000000,1000000,50499500,1000,1000,0,245929,1000,2,2,451.2468494370114,129.56810203098576
iris,real,real_builtin,real,approx_knn_only,150,4,,True,2,50,49,True,1.0,1,150,150,7500,0,12,23,1,1,1,1,17.266163945023436,0.018976040999405
iris,real,real_builtin,real,random_sqrt_clique,150,4,,True,2,50,49,True,1.0,1,150,150,7566,12,12,23,1,1,1,1,17.266163945023436,0.0186267120006959
iris,real,real_builtin,real,score_sg_antihub,150,4,,True,2,50,49,True,1.0,1,150,150,7566,12,12,23,1,1,1,1,17.266163945023436,0.0185608690080698
wine,real,real_builtin,real,approx_knn_only,178,13,,True,2,50,49,True,1.0,1,178,178,8900,0,13,13,3,3,1,1,18.270878780982457,0.0228966859867796
wine,real,real_builtin,real,random_sqrt_clique,178,13,,True,2,50,49,True,1.0,1,178,178,8978,13,13,13,3,3,1,1,18.270878780982457,0.0224480149918235
wine,real,real_builtin,real,score_sg_antihub,178,13,,True,2,50,49,True,1.0,1,178,178,8978,13,13,13,3,3,1,1,18.270878780982457,0.0226679579936899
breast_cancer,real,real_builtin,real,approx_knn_only,569,30,,True,2,50,49,True,1.0,1,569,569,28450,0,23,7,6,4,1,1,17.564287109998986,0.072169582999777
breast_cancer,real,real_builtin,real,random_sqrt_clique,569,30,,True,2,50,49,True,1.0,1,569,569,28703,23,23,7,6,4,1,1,17.564287109998986,0.0728745239903219
breast_cancer,real,real_builtin,real,score_sg_antihub,569,30,,True,2,50,49,True,1.0,1,569,569,28703,23,23,7,6,4,1,1,17.564287109998986,0.0754456889990251
digits,real,real_builtin,real,approx_knn_only,1797,64,,True,2,50,49,True,1.0,1,1797,1797,89850,0,42,7,5,4,1,1,18.043495399993844,0.2027891160105355
digits,real,real_builtin,real,random_sqrt_clique,1797,64,,True,2,50,49,True,1.0,1,1797,1797,90711,42,42,7,5,4,1,1,18.043495399993844,0.1915509620157536
digits,real,real_builtin,real,score_sg_antihub,1797,64,,True,2,50,49,True,1.0,1,1797,1797,90711,42,42,7,5,4,1,1,18.043495399993844,0.1920771040022373
