benchmark_group,dataset,family,distribution,structure,n_samples,n_features,n_clusters_true,seed,normalized,k,k_max,reference_method,hai_definition,method,method_key,status,error,fit_seconds,extract_seconds,total_seconds,workflow_seconds_contribution,n_clusters_found,ari_vs_hdbscan_generic,ari_vs_true,hai,mst_edge_jaccard,mst_common_edges,mst_method_edges,mst_reference_edges,mst_weight_mae_common,mst_weight_rmse_common
synthetic,gaussian_sparse-iid-n10000-d2-seed42,synthetic,gaussian_sparse,iid,10000,2,,42,False,50,50,HDBSCAN,exact_single_linkage_pairwise_smallest_common_cluster_size_agreement,HDBSCAN,hdbscan_generic,ok,,5.819115260004764,0.0,5.819115260004764,5.819115260004764,1,1.0,,1.0,1.0,9999,9999,9999,0.0,0.0
synthetic,gaussian_sparse-iid-n10000-d2-seed42,synthetic,gaussian_sparse,iid,10000,2,,42,False,50,50,HDBSCAN,exact_single_linkage_pairwise_smallest_common_cluster_size_agreement,Optimized HDBSCAN,optimized_hdbscan,ok,,0.8406345440016594,0.0,0.8406345440016594,0.8406345440016594,1,1.0,,0.999998413888,0.0675278919553728,1265,9999,9999,3.9437052657337084e-16,5.994628349686852e-16
synthetic,gaussian_sparse-iid-n10000-d2-seed42,synthetic,gaussian_sparse,iid,10000,2,,42,False,50,50,HDBSCAN,exact_single_linkage_pairwise_smallest_common_cluster_size_agreement,ScoreSG,score_sg,ok,,2.989517286012415,1.0588002623990178e-05,2.989527874015039,2.989527874015039,3,0.1185118963717479,,0.999997191192,0.9805882935525404,9901,9999,9999,2.5236607752287485e-08,3.6453922394881855e-08
synthetic,gaussian_sparse-iid-n10000-d2-seed42,synthetic,gaussian_sparse,iid,10000,2,,42,False,50,50,HDBSCAN,exact_single_linkage_pairwise_smallest_common_cluster_size_agreement,ScoreSG Random,score_sg_random,ok,,2.7504812910046894,8.816015906631947e-06,2.750490107020596,2.750490107020596,3,0.1185118963717479,,0.999997191192,0.9805882935525404,9901,9999,9999,2.5236607752287485e-08,3.6453922394881855e-08
synthetic,gaussian_sparse-iid-n10000-d2-seed42,synthetic,gaussian_sparse,iid,10000,2,,42,False,49,50,HDBSCAN,exact_single_linkage_pairwise_smallest_common_cluster_size_agreement,HDBSCAN,hdbscan_generic,ok,,5.769879936997313,0.0,5.769879936997313,5.769879936997313,2,1.0,,1.0,1.0,9999,9999,9999,0.0,0.0
synthetic,gaussian_sparse-iid-n10000-d2-seed42,synthetic,gaussian_sparse,iid,10000,2,,42,False,49,50,HDBSCAN,exact_single_linkage_pairwise_smallest_common_cluster_size_agreement,Optimized HDBSCAN,optimized_hdbscan,ok,,0.8762319009983912,0.0,0.8762319009983912,0.8762319009983912,2,1.0,,0.999998553592,0.0647995314413503,1217,9999,9999,3.878710554601487e-16,5.724811989928805e-16
synthetic,gaussian_sparse-iid-n10000-d2-seed42,synthetic,gaussian_sparse,iid,10000,2,,42,False,49,50,HDBSCAN,exact_single_linkage_pairwise_smallest_common_cluster_size_agreement,ScoreSG,score_sg,ok,,2.989517286012415,0.6133153609989677,3.6028326470113825,0.6133153609989677,2,-0.0279525545038593,,0.999997122588,0.981962338949455,9908,9999,9999,2.516337634958681e-08,3.622318239354037e-08
synthetic,gaussian_sparse-iid-n10000-d2-seed42,synthetic,gaussian_sparse,iid,10000,2,,42,False,49,50,HDBSCAN,exact_single_linkage_pairwise_smallest_common_cluster_size_agreement,ScoreSG Random,score_sg_random,ok,,2.7504812910046894,0.6114737630123273,3.3619550540170167,0.6114737630123273,2,-0.0279525545038593,,0.999997122588,0.981962338949455,9908,9999,9999,2.516337634958681e-08,3.622318239354037e-08
synthetic,gaussian_sparse-iid-n10000-d2-seed42,synthetic,gaussian_sparse,iid,10000,2,,42,False,48,50,HDBSCAN,exact_single_linkage_pairwise_smallest_common_cluster_size_agreement,HDBSCAN,hdbscan_generic,ok,,5.781040253001265,0.0,5.781040253001265,5.781040253001265,0,1.0,,1.0,1.0,9999,9999,9999,0.0,0.0
synthetic,gaussian_sparse-iid-n10000-d2-seed42,synthetic,gaussian_sparse,iid,10000,2,,42,False,48,50,HDBSCAN,exact_single_linkage_pairwise_smallest_common_cluster_size_agreement,Optimized HDBSCAN,optimized_hdbscan,ok,,0.8685847090091556,0.0,0.8685847090091556,0.8685847090091556,0,1.0,,0.999998658768,0.0638931744427302,1201,9999,9999,4.168305075697676e-16,6.252610902254617e-16
synthetic,gaussian_sparse-iid-n10000-d2-seed42,synthetic,gaussian_sparse,iid,10000,2,,42,False,48,50,HDBSCAN,exact_single_linkage_pairwise_smallest_common_cluster_size_agreement,ScoreSG,score_sg,ok,,2.989517286012415,0.630734738020692,3.620252024033107,0.630734738020692,2,0.0,,0.999996342448,0.9790202869866402,9893,9999,9999,2.4957122350820207e-08,3.58403748579968e-08
synthetic,gaussian_sparse-iid-n10000-d2-seed42,synthetic,gaussian_sparse,iid,10000,2,,42,False,48,50,HDBSCAN,exact_single_linkage_pairwise_smallest_common_cluster_size_agreement,ScoreSG Random,score_sg_random,ok,,2.7504812910046894,0.6292341470252723,3.3797154380299617,0.6292341470252723,2,0.0,,0.999996342448,0.9790202869866402,9893,9999,9999,2.4957122350820207e-08,3.58403748579968e-08
synthetic,gaussian_sparse-iid-n10000-d2-seed42,synthetic,gaussian_sparse,iid,10000,2,,42,False,47,50,HDBSCAN,exact_single_linkage_pairwise_smallest_common_cluster_size_agreement,HDBSCAN,hdbscan_generic,ok,,5.778280689992243,0.0,5.778280689992243,5.778280689992243,2,1.0,,1.0,1.0,9999,9999,9999,0.0,0.0
synthetic,gaussian_sparse-iid-n10000-d2-seed42,synthetic,gaussian_sparse,iid,10000,2,,42,False,47,50,HDBSCAN,exact_single_linkage_pairwise_smallest_common_cluster_size_agreement,Optimized HDBSCAN,optimized_hdbscan,ok,,0.9440513790177648,0.0,0.9440513790177648,0.9440513790177648,2,1.0,,0.999998708544,0.0623671908202294,1174,9999,9999,4.0415806230764593e-16,6.274743497276742e-16
synthetic,gaussian_sparse-iid-n10000-d2-seed42,synthetic,gaussian_sparse,iid,10000,2,,42,False,47,50,HDBSCAN,exact_single_linkage_pairwise_smallest_common_cluster_size_agreement,ScoreSG,score_sg,ok,,2.989517286012415,0.6288823820068501,3.618399668019265,0.6288823820068501,2,-0.1078711270740963,,0.999996041676,0.977063766683144,9883,9999,9999,2.5324019415279103e-08,3.657234226167005e-08
synthetic,gaussian_sparse-iid-n10000-d2-seed42,synthetic,gaussian_sparse,iid,10000,2,,42,False,47,50,HDBSCAN,exact_single_linkage_pairwise_smallest_common_cluster_size_agreement,ScoreSG Random,score_sg_random,ok,,2.7504812910046894,0.6235308169852942,3.374012107989984,0.6235308169852942,2,-0.1078711270740963,,0.999996041676,0.977063766683144,9883,9999,9999,2.5324019415279103e-08,3.657234226167005e-08
synthetic,gaussian_sparse-iid-n10000-d2-seed42,synthetic,gaussian_sparse,iid,10000,2,,42,False,46,50,HDBSCAN,exact_single_linkage_pairwise_smallest_common_cluster_size_agreement,HDBSCAN,hdbscan_generic,ok,,5.878170675976435,0.0,5.878170675976435,5.878170675976435,2,1.0,,1.0,1.0,9999,9999,9999,0.0,0.0
synthetic,gaussian_sparse-iid-n10000-d2-seed42,synthetic,gaussian_sparse,iid,10000,2,,42,False,46,50,HDBSCAN,exact_single_linkage_pairwise_smallest_common_cluster_size_agreement,Optimized HDBSCAN,optimized_hdbscan,ok,,0.9095149469794706,0.0,0.9095149469794706,0.9095149469794706,2,1.0,,0.99999863766,0.062988359113379,1185,9999,9999,3.9760740410388916e-16,6.032041934183837e-16
synthetic,gaussian_sparse-iid-n10000-d2-seed42,synthetic,gaussian_sparse,iid,10000,2,,42,False,46,50,HDBSCAN,exact_single_linkage_pairwise_smallest_common_cluster_size_agreement,ScoreSG,score_sg,ok,,2.989517286012415,0.6235990309796762,3.613116316992091,0.6235990309796762,2,-0.108323911928112,,0.999996221392,0.9753062030817858,9874,9999,9999,2.543862876552693e-08,3.6557026614956854e-08
synthetic,gaussian_sparse-iid-n10000-d2-seed42,synthetic,gaussian_sparse,iid,10000,2,,42,False,46,50,HDBSCAN,exact_single_linkage_pairwise_smallest_common_cluster_size_agreement,ScoreSG Random,score_sg_random,ok,,2.7504812910046894,0.6264126510068309,3.3768939420115203,0.6264126510068309,2,-0.108323911928112,,0.999996221392,0.9753062030817858,9874,9999,9999,2.543862876552693e-08,3.6557026614956854e-08
synthetic,gaussian_sparse-iid-n10000-d2-seed42,synthetic,gaussian_sparse,iid,10000,2,,42,False,45,50,HDBSCAN,exact_single_linkage_pairwise_smallest_common_cluster_size_agreement,HDBSCAN,hdbscan_generic,ok,,5.879042437998578,0.0,5.879042437998578,5.879042437998578,2,1.0,,1.0,1.0,9999,9999,9999,0.0,0.0
synthetic,gaussian_sparse-iid-n10000-d2-seed42,synthetic,gaussian_sparse,iid,10000,2,,42,False,45,50,HDBSCAN,exact_single_linkage_pairwise_smallest_common_cluster_size_agreement,Optimized HDBSCAN,optimized_hdbscan,ok,,0.8666810959985014,0.0,0.8666810959985014,0.8666810959985014,2,1.0,,0.999998071568,0.0687259512612227,1286,9999,9999,4.319704262511702e-16,6.711570613464314e-16
synthetic,gaussian_sparse-iid-n10000-d2-seed42,synthetic,gaussian_sparse,iid,10000,2,,42,False,45,50,HDBSCAN,exact_single_linkage_pairwise_smallest_common_cluster_size_agreement,ScoreSG,score_sg,ok,,2.989517286012415,0.6455828949983697,3.6351001810107846,0.6455828949983697,2,-0.0491680711956826,,0.999995686644,0.9747210427569862,9871,9999,9999,2.5409316258324033e-08,3.691400884445482e-08
synthetic,gaussian_sparse-iid-n10000-d2-seed42,synthetic,gaussian_sparse,iid,10000,2,,42,False,45,50,HDBSCAN,exact_single_linkage_pairwise_smallest_common_cluster_size_agreement,ScoreSG Random,score_sg_random,ok,,2.7504812910046894,0.6277903640002478,3.378271655004937,0.6277903640002478,2,-0.0491680711956826,,0.999995686644,0.9747210427569862,9871,9999,9999,2.5409316258324033e-08,3.691400884445482e-08
synthetic,gaussian_sparse-iid-n10000-d2-seed42,synthetic,gaussian_sparse,iid,10000,2,,42,False,44,50,HDBSCAN,exact_single_linkage_pairwise_smallest_common_cluster_size_agreement,HDBSCAN,hdbscan_generic,ok,,5.8265001620166,0.0,5.8265001620166,5.8265001620166,1,1.0,,1.0,1.0,9999,9999,9999,0.0,0.0
synthetic,gaussian_sparse-iid-n10000-d2-seed42,synthetic,gaussian_sparse,iid,10000,2,,42,False,44,50,HDBSCAN,exact_single_linkage_pairwise_smallest_common_cluster_size_agreement,Optimized HDBSCAN,optimized_hdbscan,ok,,0.8777297750057187,0.0,0.8777297750057187,0.8777297750057187,1,1.0,,0.999998483812,0.0680410168767357,1274,9999,9999,4.383376619987863e-16,6.805342697044919e-16
synthetic,gaussian_sparse-iid-n10000-d2-seed42,synthetic,gaussian_sparse,iid,10000,2,,42,False,44,50,HDBSCAN,exact_single_linkage_pairwise_smallest_common_cluster_size_agreement,ScoreSG,score_sg,ok,,2.989517286012415,0.6214562670211308,3.6109735530335456,0.6214562670211308,1,-0.0170064647715718,,0.999996467788,0.9766729267569436,9881,9999,9999,2.5149666742843656e-08,3.6131288833163584e-08
synthetic,gaussian_sparse-iid-n10000-d2-seed42,synthetic,gaussian_sparse,iid,10000,2,,42,False,44,50,HDBSCAN,exact_single_linkage_pairwise_smallest_common_cluster_size_agreement,ScoreSG Random,score_sg_random,ok,,2.7504812910046894,0.6246789209835697,3.375160211988259,0.6246789209835697,1,-0.0170064647715718,,0.999996467788,0.9766729267569436,9881,9999,9999,2.5149666742843656e-08,3.6131288833163584e-08
synthetic,gaussian_sparse-iid-n10000-d2-seed42,synthetic,gaussian_sparse,iid,10000,2,,42,False,43,50,HDBSCAN,exact_single_linkage_pairwise_smallest_common_cluster_size_agreement,HDBSCAN,hdbscan_generic,ok,,5.841535437997663,0.0,5.841535437997663,5.841535437997663,2,1.0,,1.0,1.0,9999,9999,9999,0.0,0.0
synthetic,gaussian_sparse-iid-n10000-d2-seed42,synthetic,gaussian_sparse,iid,10000,2,,42,False,43,50,HDBSCAN,exact_single_linkage_pairwise_smallest_common_cluster_size_agreement,Optimized HDBSCAN,optimized_hdbscan,ok,,0.9261366559949238,0.0,0.9261366559949238,0.9261366559949238,2,1.0,,0.999998304608,0.0644594666524724,1211,9999,9999,4.3698414920526913e-16,6.805010394973447e-16
synthetic,gaussian_sparse-iid-n10000-d2-seed42,synthetic,gaussian_sparse,iid,10000,2,,42,False,43,50,HDBSCAN,exact_single_linkage_pairwise_smallest_common_cluster_size_agreement,ScoreSG,score_sg,ok,,2.989517286012415,0.6389427579997573,3.628460044012172,0.6389427579997573,3,-0.0519062848092103,,0.99999617676,0.977063766683144,9883,9999,9999,2.473544578956297e-08,3.5864707718483925e-08
synthetic,gaussian_sparse-iid-n10000-d2-seed42,synthetic,gaussian_sparse,iid,10000,2,,42,False,43,50,HDBSCAN,exact_single_linkage_pairwise_smallest_common_cluster_size_agreement,ScoreSG Random,score_sg_random,ok,,2.7504812910046894,0.6225438819965348,3.373025173001224,0.6225438819965348,3,-0.0519062848092103,,0.99999617676,0.977063766683144,9883,9999,9999,2.473544578956297e-08,3.5864707718483925e-08
synthetic,gaussian_sparse-iid-n10000-d2-seed42,synthetic,gaussian_sparse,iid,10000,2,,42,False,42,50,HDBSCAN,exact_single_linkage_pairwise_smallest_common_cluster_size_agreement,HDBSCAN,hdbscan_generic,ok,,5.888764255010756,0.0,5.888764255010756,5.888764255010756,2,1.0,,1.0,1.0,9999,9999,9999,0.0,0.0
synthetic,gaussian_sparse-iid-n10000-d2-seed42,synthetic,gaussian_sparse,iid,10000,2,,42,False,42,50,HDBSCAN,exact_single_linkage_pairwise_smallest_common_cluster_size_agreement,Optimized HDBSCAN,optimized_hdbscan,ok,,0.9299757079861593,0.0,0.9299757079861593,0.9299757079861593,2,1.0,,0.999998558536,0.0691259021651964,1293,9999,9999,4.442609380827966e-16,6.759246084839543e-16
synthetic,gaussian_sparse-iid-n10000-d2-seed42,synthetic,gaussian_sparse,iid,10000,2,,42,False,42,50,HDBSCAN,exact_single_linkage_pairwise_smallest_common_cluster_size_agreement,ScoreSG,score_sg,ok,,2.989517286012415,0.6402425409760326,3.629759826988448,0.6402425409760326,3,-0.1064515431366568,,0.99999579898,0.9725784178338924,9860,9999,9999,2.50822041269005e-08,3.6416325530508515e-08
synthetic,gaussian_sparse-iid-n10000-d2-seed42,synthetic,gaussian_sparse,iid,10000,2,,42,False,42,50,HDBSCAN,exact_single_linkage_pairwise_smallest_common_cluster_size_agreement,ScoreSG Random,score_sg_random,ok,,2.7504812910046894,0.6235452349937987,3.374026525998488,0.6235452349937987,3,-0.1064515431366568,,0.99999579898,0.9725784178338924,9860,9999,9999,2.50822041269005e-08,3.6416325530508515e-08
synthetic,gaussian_sparse-iid-n10000-d2-seed42,synthetic,gaussian_sparse,iid,10000,2,,42,False,41,50,HDBSCAN,exact_single_linkage_pairwise_smallest_common_cluster_size_agreement,HDBSCAN,hdbscan_generic,ok,,5.865930130996276,0.0,5.865930130996276,5.865930130996276,3,1.0,,1.0,1.0,9999,9999,9999,0.0,0.0
synthetic,gaussian_sparse-iid-n10000-d2-seed42,synthetic,gaussian_sparse,iid,10000,2,,42,False,41,50,HDBSCAN,exact_single_linkage_pairwise_smallest_common_cluster_size_agreement,Optimized HDBSCAN,optimized_hdbscan,ok,,0.8685253440053202,0.0,0.8685253440053202,0.8685253440053202,3,1.0,,0.99999823442,0.076318622174381,1418,9999,9999,4.680768388465035e-16,7.391974094617068e-16
synthetic,gaussian_sparse-iid-n10000-d2-seed42,synthetic,gaussian_sparse,iid,10000,2,,42,False,41,50,HDBSCAN,exact_single_linkage_pairwise_smallest_common_cluster_size_agreement,ScoreSG,score_sg,ok,,2.989517286012415,0.6396518420078792,3.629169128020294,0.6396518420078792,2,-0.0548053583288894,,0.999995759324,0.972189349112426,9858,9999,9999,2.514371713845069e-08,3.6093862318784014e-08
synthetic,gaussian_sparse-iid-n10000-d2-seed42,synthetic,gaussian_sparse,iid,10000,2,,42,False,41,50,HDBSCAN,exact_single_linkage_pairwise_smallest_common_cluster_size_agreement,ScoreSG Random,score_sg_random,ok,,2.7504812910046894,0.6176114100089762,3.3680927010136656,0.6176114100089762,2,-0.0548053583288894,,0.999995759324,0.972189349112426,9858,9999,9999,2.514371713845069e-08,3.6093862318784014e-08
synthetic,gaussian_sparse-iid-n10000-d2-seed42,synthetic,gaussian_sparse,iid,10000,2,,42,False,40,50,HDBSCAN,exact_single_linkage_pairwise_smallest_common_cluster_size_agreement,HDBSCAN,hdbscan_generic,ok,,5.794810118997702,0.0,5.794810118997702,5.794810118997702,1,1.0,,1.0,1.0,9999,9999,9999,0.0,0.0
synthetic,gaussian_sparse-iid-n10000-d2-seed42,synthetic,gaussian_sparse,iid,10000,2,,42,False,40,50,HDBSCAN,exact_single_linkage_pairwise_smallest_common_cluster_size_agreement,Optimized HDBSCAN,optimized_hdbscan,ok,,0.9050335770007224,0.0,0.9050335770007224,0.9050335770007224,1,1.0,,0.99999810038,0.0782336766053809,1451,9999,9999,4.741689084410871e-16,7.185537692100204e-16
synthetic,gaussian_sparse-iid-n10000-d2-seed42,synthetic,gaussian_sparse,iid,10000,2,,42,False,40,50,HDBSCAN,exact_single_linkage_pairwise_smallest_common_cluster_size_agreement,ScoreSG,score_sg,ok,,2.989517286012415,0.6388507149822544,3.628368000994669,0.6388507149822544,3,-0.0825276397064254,,0.999995235396,0.9743311284430842,9869,9999,9999,2.479829981732161e-08,3.567075772956712e-08
synthetic,gaussian_sparse-iid-n10000-d2-seed42,synthetic,gaussian_sparse,iid,10000,2,,42,False,40,50,HDBSCAN,exact_single_linkage_pairwise_smallest_common_cluster_size_agreement,ScoreSG Random,score_sg_random,ok,,2.7504812910046894,0.6375478680129163,3.3880291590176057,0.6375478680129163,3,-0.0825276397064254,,0.999995235396,0.9743311284430842,9869,9999,9999,2.479829981732161e-08,3.567075772956712e-08
synthetic,gaussian_sparse-iid-n10000-d2-seed42,synthetic,gaussian_sparse,iid,10000,2,,42,False,39,50,HDBSCAN,exact_single_linkage_pairwise_smallest_common_cluster_size_agreement,HDBSCAN,hdbscan_generic,ok,,5.826701189012965,0.0,5.826701189012965,5.826701189012965,2,1.0,,1.0,1.0,9999,9999,9999,0.0,0.0
synthetic,gaussian_sparse-iid-n10000-d2-seed42,synthetic,gaussian_sparse,iid,10000,2,,42,False,39,50,HDBSCAN,exact_single_linkage_pairwise_smallest_common_cluster_size_agreement,Optimized HDBSCAN,optimized_hdbscan,ok,,0.8994920030236244,0.0,0.8994920030236244,0.8994920030236244,2,1.0,,0.999998564228,0.0837849555603728,1546,9999,9999,4.872844976451487e-16,7.424513707248545e-16
synthetic,gaussian_sparse-iid-n10000-d2-seed42,synthetic,gaussian_sparse,iid,10000,2,,42,False,39,50,HDBSCAN,exact_single_linkage_pairwise_smallest_common_cluster_size_agreement,ScoreSG,score_sg,ok,,2.989517286012415,0.6104335520067252,3.59995083801914,0.6104335520067252,3,-0.1033290168937763,,0.999996433488,0.9749160576733162,9872,9999,9999,2.4744832130027204e-08,3.588401640763216e-08
synthetic,gaussian_sparse-iid-n10000-d2-seed42,synthetic,gaussian_sparse,iid,10000,2,,42,False,39,50,HDBSCAN,exact_single_linkage_pairwise_smallest_common_cluster_size_agreement,ScoreSG Random,score_sg_random,ok,,2.7504812910046894,0.6127379310200922,3.3632192220247816,0.6127379310200922,3,-0.1033290168937763,,0.999996433488,0.9749160576733162,9872,9999,9999,2.4744832130027204e-08,3.588401640763216e-08
synthetic,gaussian_sparse-iid-n10000-d2-seed42,synthetic,gaussian_sparse,iid,10000,2,,42,False,38,50,HDBSCAN,exact_single_linkage_pairwise_smallest_common_cluster_size_agreement,HDBSCAN,hdbscan_generic,ok,,5.783913383987965,0.0,5.783913383987965,5.783913383987965,3,1.0,,1.0,1.0,9999,9999,9999,0.0,0.0
synthetic,gaussian_sparse-iid-n10000-d2-seed42,synthetic,gaussian_sparse,iid,10000,2,,42,False,38,50,HDBSCAN,exact_single_linkage_pairwise_smallest_common_cluster_size_agreement,Optimized HDBSCAN,optimized_hdbscan,ok,,0.8981441200012341,0.0,0.8981441200012341,0.8981441200012341,3,1.0,,0.999997518616,0.0794558998164741,1472,9999,9999,5.137327007035446e-16,7.661913743071972e-16
synthetic,gaussian_sparse-iid-n10000-d2-seed42,synthetic,gaussian_sparse,iid,10000,2,,42,False,38,50,HDBSCAN,exact_single_linkage_pairwise_smallest_common_cluster_size_agreement,ScoreSG,score_sg,ok,,2.989517286012415,0.6395377620065119,3.629055048018927,0.6395377620065119,3,-0.0848804866402745,,0.99999380562,0.9735517615711043,9865,9999,9999,2.530515090839944e-08,3.651495268127e-08
synthetic,gaussian_sparse-iid-n10000-d2-seed42,synthetic,gaussian_sparse,iid,10000,2,,42,False,38,50,HDBSCAN,exact_single_linkage_pairwise_smallest_common_cluster_size_agreement,ScoreSG Random,score_sg_random,ok,,2.7504812910046894,0.613456002989551,3.3639372939942405,0.613456002989551,3,-0.0848804866402745,,0.99999380562,0.9735517615711043,9865,9999,9999,2.530515090839944e-08,3.651495268127e-08
synthetic,gaussian_sparse-iid-n10000-d2-seed42,synthetic,gaussian_sparse,iid,10000,2,,42,False,37,50,HDBSCAN,exact_single_linkage_pairwise_smallest_common_cluster_size_agreement,HDBSCAN,hdbscan_generic,ok,,5.807017501007067,0.0,5.807017501007067,5.807017501007067,2,1.0,,1.0,1.0,9999,9999,9999,0.0,0.0
synthetic,gaussian_sparse-iid-n10000-d2-seed42,synthetic,gaussian_sparse,iid,10000,2,,42,False,37,50,HDBSCAN,exact_single_linkage_pairwise_smallest_common_cluster_size_agreement,Optimized HDBSCAN,optimized_hdbscan,ok,,0.9029178920027334,0.0,0.9029178920027334,0.9029178920027334,2,1.0,,0.999998191748,0.0817916260954235,1512,9999,9999,4.89228733949819e-16,7.432445754110913e-16
synthetic,gaussian_sparse-iid-n10000-d2-seed42,synthetic,gaussian_sparse,iid,10000,2,,42,False,37,50,HDBSCAN,exact_single_linkage_pairwise_smallest_common_cluster_size_agreement,ScoreSG,score_sg,ok,,2.989517286012415,0.6193430389976129,3.608860325010028,0.6193430389976129,3,-0.1053494156692528,,0.999994740852,0.9727730097662032,9861,9999,9999,2.5430993874157237e-08,3.6728786569548536e-08
synthetic,gaussian_sparse-iid-n10000-d2-seed42,synthetic,gaussian_sparse,iid,10000,2,,42,False,37,50,HDBSCAN,exact_single_linkage_pairwise_smallest_common_cluster_size_agreement,ScoreSG Random,score_sg_random,ok,,2.7504812910046894,0.6254636160156224,3.375944907020312,0.6254636160156224,3,-0.1053494156692528,,0.999994740852,0.9727730097662032,9861,9999,9999,2.5430993874157237e-08,3.6728786569548536e-08
synthetic,gaussian_sparse-iid-n10000-d2-seed42,synthetic,gaussian_sparse,iid,10000,2,,42,False,36,50,HDBSCAN,exact_single_linkage_pairwise_smallest_common_cluster_size_agreement,HDBSCAN,hdbscan_generic,ok,,5.777598939021118,0.0,5.777598939021118,5.777598939021118,2,1.0,,1.0,1.0,9999,9999,9999,0.0,0.0
synthetic,gaussian_sparse-iid-n10000-d2-seed42,synthetic,gaussian_sparse,iid,10000,2,,42,False,36,50,HDBSCAN,exact_single_linkage_pairwise_smallest_common_cluster_size_agreement,Optimized HDBSCAN,optimized_hdbscan,ok,,0.8994429319864139,0.0,0.8994429319864139,0.8994429319864139,2,1.0,,0.999998328736,0.086021505376344,1584,9999,9999,5.087996522418035e-16,7.686472842828154e-16
synthetic,gaussian_sparse-iid-n10000-d2-seed42,synthetic,gaussian_sparse,iid,10000,2,,42,False,36,50,HDBSCAN,exact_single_linkage_pairwise_smallest_common_cluster_size_agreement,ScoreSG,score_sg,ok,,2.989517286012415,0.6318716499954462,3.621388936007861,0.6318716499954462,3,-0.1037051059277339,,0.999993729448,0.970052211604768,9847,9999,9999,2.533617523300572e-08,3.66514165846381e-08
synthetic,gaussian_sparse-iid-n10000-d2-seed42,synthetic,gaussian_sparse,iid,10000,2,,42,False,36,50,HDBSCAN,exact_single_linkage_pairwise_smallest_common_cluster_size_agreement,ScoreSG Random,score_sg_random,ok,,2.7504812910046894,0.6212856199999806,3.37176691100467,0.6212856199999806,3,-0.1037051059277339,,0.999993729448,0.970052211604768,9847,9999,9999,2.533617523300572e-08,3.66514165846381e-08
synthetic,gaussian_sparse-iid-n10000-d2-seed42,synthetic,gaussian_sparse,iid,10000,2,,42,False,35,50,HDBSCAN,exact_single_linkage_pairwise_smallest_common_cluster_size_agreement,HDBSCAN,hdbscan_generic,ok,,5.817906930984464,0.0,5.817906930984464,5.817906930984464,2,1.0,,1.0,1.0,9999,9999,9999,0.0,0.0
synthetic,gaussian_sparse-iid-n10000-d2-seed42,synthetic,gaussian_sparse,iid,10000,2,,42,False,35,50,HDBSCAN,exact_single_linkage_pairwise_smallest_common_cluster_size_agreement,Optimized HDBSCAN,optimized_hdbscan,ok,,0.9090010749932844,0.0,0.9090010749932844,0.9090010749932844,2,1.0,,0.999997951504,0.0806225008105479,1492,9999,9999,5.118224878772108e-16,7.787960956838278e-16
synthetic,gaussian_sparse-iid-n10000-d2-seed42,synthetic,gaussian_sparse,iid,10000,2,,42,False,35,50,HDBSCAN,exact_single_linkage_pairwise_smallest_common_cluster_size_agreement,ScoreSG,score_sg,ok,,2.989517286012415,0.6614417469827458,3.6509590329951607,0.6614417469827458,3,-0.1040018011754451,,0.999994558836,0.971994872300562,9857,9999,9999,2.4978704774011107e-08,3.622505853802401e-08
synthetic,gaussian_sparse-iid-n10000-d2-seed42,synthetic,gaussian_sparse,iid,10000,2,,42,False,35,50,HDBSCAN,exact_single_linkage_pairwise_smallest_common_cluster_size_agreement,ScoreSG Random,score_sg_random,ok,,2.7504812910046894,0.6313507939921692,3.3818320849968586,0.6313507939921692,3,-0.1040018011754451,,0.999994558836,0.971994872300562,9857,9999,9999,2.4978704774011107e-08,3.622505853802401e-08
synthetic,gaussian_sparse-iid-n10000-d2-seed42,synthetic,gaussian_sparse,iid,10000,2,,42,False,34,50,HDBSCAN,exact_single_linkage_pairwise_smallest_common_cluster_size_agreement,HDBSCAN,hdbscan_generic,ok,,5.774606263003079,0.0,5.774606263003079,5.774606263003079,2,1.0,,1.0,1.0,9999,9999,9999,0.0,0.0
synthetic,gaussian_sparse-iid-n10000-d2-seed42,synthetic,gaussian_sparse,iid,10000,2,,42,False,34,50,HDBSCAN,exact_single_linkage_pairwise_smallest_common_cluster_size_agreement,Optimized HDBSCAN,optimized_hdbscan,ok,,0.9656981680018362,0.0,0.9656981680018362,0.9656981680018362,2,1.0,,0.999998095368,0.0890970482518244,1636,9999,9999,5.776077795902823e-16,8.634889593969263e-16
synthetic,gaussian_sparse-iid-n10000-d2-seed42,synthetic,gaussian_sparse,iid,10000,2,,42,False,34,50,HDBSCAN,exact_single_linkage_pairwise_smallest_common_cluster_size_agreement,ScoreSG,score_sg,ok,,2.989517286012415,0.6318249789765105,3.621342264988925,0.6318249789765105,2,-0.0400560153903072,,0.999994140864,0.9723838642864188,9859,9999,9999,2.5123067065399087e-08,3.666479192912162e-08
synthetic,gaussian_sparse-iid-n10000-d2-seed42,synthetic,gaussian_sparse,iid,10000,2,,42,False,34,50,HDBSCAN,exact_single_linkage_pairwise_smallest_common_cluster_size_agreement,ScoreSG Random,score_sg_random,ok,,2.7504812910046894,0.6220663840067573,3.3725476750114467,0.6220663840067573,2,-0.0400560153903072,,0.999994140864,0.9723838642864188,9859,9999,9999,2.5123067065399087e-08,3.666479192912162e-08
synthetic,gaussian_sparse-iid-n10000-d2-seed42,synthetic,gaussian_sparse,iid,10000,2,,42,False,33,50,HDBSCAN,exact_single_linkage_pairwise_smallest_common_cluster_size_agreement,HDBSCAN,hdbscan_generic,ok,,5.854285021981923,0.0,5.854285021981923,5.854285021981923,2,1.0,,1.0,1.0,9999,9999,9999,0.0,0.0
synthetic,gaussian_sparse-iid-n10000-d2-seed42,synthetic,gaussian_sparse,iid,10000,2,,42,False,33,50,HDBSCAN,exact_single_linkage_pairwise_smallest_common_cluster_size_agreement,Optimized HDBSCAN,optimized_hdbscan,ok,,0.9283160400227644,0.0,0.9283160400227644,0.9283160400227644,2,1.0,,0.99999734136,0.0881488736532811,1620,9999,9999,5.467677065565219e-16,8.404522655283202e-16
synthetic,gaussian_sparse-iid-n10000-d2-seed42,synthetic,gaussian_sparse,iid,10000,2,,42,False,33,50,HDBSCAN,exact_single_linkage_pairwise_smallest_common_cluster_size_agreement,ScoreSG,score_sg,ok,,2.989517286012415,0.6275807149941102,3.617098001006525,0.6275807149941102,2,-0.0330487737544809,,0.999993709912,0.9727730097662032,9861,9999,9999,2.5401782818959464e-08,3.6583549996096754e-08
synthetic,gaussian_sparse-iid-n10000-d2-seed42,synthetic,gaussian_sparse,iid,10000,2,,42,False,33,50,HDBSCAN,exact_single_linkage_pairwise_smallest_common_cluster_size_agreement,ScoreSG Random,score_sg_random,ok,,2.7504812910046894,0.6235956029850058,3.3740768939896952,0.6235956029850058,2,-0.0330487737544809,,0.999993709912,0.9727730097662032,9861,9999,9999,2.5401782818959464e-08,3.6583549996096754e-08
synthetic,gaussian_sparse-iid-n10000-d2-seed42,synthetic,gaussian_sparse,iid,10000,2,,42,False,32,50,HDBSCAN,exact_single_linkage_pairwise_smallest_common_cluster_size_agreement,HDBSCAN,hdbscan_generic,ok,,5.85124109001481,0.0,5.85124109001481,5.85124109001481,2,1.0,,1.0,1.0,9999,9999,9999,0.0,0.0
synthetic,gaussian_sparse-iid-n10000-d2-seed42,synthetic,gaussian_sparse,iid,10000,2,,42,False,32,50,HDBSCAN,exact_single_linkage_pairwise_smallest_common_cluster_size_agreement,Optimized HDBSCAN,optimized_hdbscan,ok,,0.9416005160019268,0.0,0.9416005160019268,0.9416005160019268,2,1.0,,0.999998153676,0.0888598497223129,1632,9999,9999,5.868765100797908e-16,8.50362470014112e-16
synthetic,gaussian_sparse-iid-n10000-d2-seed42,synthetic,gaussian_sparse,iid,10000,2,,42,False,32,50,HDBSCAN,exact_single_linkage_pairwise_smallest_common_cluster_size_agreement,ScoreSG,score_sg,ok,,2.989517286012415,0.6565188280073926,3.646036114019808,0.6565188280073926,2,-0.0206466962491819,,0.999993273692,0.9665650506441144,9829,9999,9999,2.5210761840716007e-08,3.65745392611986e-08
synthetic,gaussian_sparse-iid-n10000-d2-seed42,synthetic,gaussian_sparse,iid,10000,2,,42,False,32,50,HDBSCAN,exact_single_linkage_pairwise_smallest_common_cluster_size_agreement,ScoreSG Random,score_sg_random,ok,,2.7504812910046894,0.6319670240045525,3.382448315009242,0.6319670240045525,2,-0.0206466962491819,,0.999993273692,0.9665650506441144,9829,9999,9999,2.5210761840716007e-08,3.65745392611986e-08
synthetic,gaussian_sparse-iid-n10000-d2-seed42,synthetic,gaussian_sparse,iid,10000,2,,42,False,31,50,HDBSCAN,exact_single_linkage_pairwise_smallest_common_cluster_size_agreement,HDBSCAN,hdbscan_generic,ok,,5.877875562000554,0.0,5.877875562000554,5.877875562000554,2,1.0,,1.0,1.0,9999,9999,9999,0.0,0.0
synthetic,gaussian_sparse-iid-n10000-d2-seed42,synthetic,gaussian_sparse,iid,10000,2,,42,False,31,50,HDBSCAN,exact_single_linkage_pairwise_smallest_common_cluster_size_agreement,Optimized HDBSCAN,optimized_hdbscan,ok,,0.9907259120082016,0.0,0.9907259120082016,0.9907259120082016,2,1.0,,0.9999971704,0.0904629478161295,1659,9999,9999,5.581773406619236e-16,8.530958344794068e-16
synthetic,gaussian_sparse-iid-n10000-d2-seed42,synthetic,gaussian_sparse,iid,10000,2,,42,False,31,50,HDBSCAN,exact_single_linkage_pairwise_smallest_common_cluster_size_agreement,ScoreSG,score_sg,ok,,2.989517286012415,0.6399579209974036,3.6294752070098175,0.6399579209974036,2,0.1115529180886531,,0.999991611948,0.9630902130165898,9811,9999,9999,2.552087291592338e-08,3.70766703407942e-08
synthetic,gaussian_sparse-iid-n10000-d2-seed42,synthetic,gaussian_sparse,iid,10000,2,,42,False,31,50,HDBSCAN,exact_single_linkage_pairwise_smallest_common_cluster_size_agreement,ScoreSG Random,score_sg_random,ok,,2.7504812910046894,0.6207644240057562,3.3712457150104456,0.6207644240057562,2,0.1115529180886531,,0.999991611948,0.9630902130165898,9811,9999,9999,2.552087291592338e-08,3.70766703407942e-08
synthetic,gaussian_sparse-iid-n10000-d2-seed42,synthetic,gaussian_sparse,iid,10000,2,,42,False,30,50,HDBSCAN,exact_single_linkage_pairwise_smallest_common_cluster_size_agreement,HDBSCAN,hdbscan_generic,ok,,5.889566899015335,0.0,5.889566899015335,5.889566899015335,2,1.0,,1.0,1.0,9999,9999,9999,0.0,0.0
synthetic,gaussian_sparse-iid-n10000-d2-seed42,synthetic,gaussian_sparse,iid,10000,2,,42,False,30,50,HDBSCAN,exact_single_linkage_pairwise_smallest_common_cluster_size_agreement,Optimized HDBSCAN,optimized_hdbscan,ok,,0.956592684990028,0.0,0.956592684990028,0.956592684990028,2,1.0,,0.999997807208,0.0889784360705728,1634,9999,9999,5.962989859808746e-16,8.822553248913043e-16
synthetic,gaussian_sparse-iid-n10000-d2-seed42,synthetic,gaussian_sparse,iid,10000,2,,42,False,30,50,HDBSCAN,exact_single_linkage_pairwise_smallest_common_cluster_size_agreement,ScoreSG,score_sg,ok,,2.989517286012415,0.6243530140200164,3.6138703000324313,0.6243530140200164,3,0.1588883102851377,,0.99999244644,0.9704404374815252,9849,9999,9999,2.5109631156645915e-08,3.6047393999630493e-08
synthetic,gaussian_sparse-iid-n10000-d2-seed42,synthetic,gaussian_sparse,iid,10000,2,,42,False,30,50,HDBSCAN,exact_single_linkage_pairwise_smallest_common_cluster_size_agreement,ScoreSG Random,score_sg_random,ok,,2.7504812910046894,0.6401138060027733,3.3905950970074628,0.6401138060027733,3,0.1588883102851377,,0.99999244644,0.9704404374815252,9849,9999,9999,2.5109631156645915e-08,3.6047393999630493e-08
synthetic,gaussian_sparse-iid-n10000-d2-seed42,synthetic,gaussian_sparse,iid,10000,2,,42,False,29,50,HDBSCAN,exact_single_linkage_pairwise_smallest_common_cluster_size_agreement,HDBSCAN,hdbscan_generic,ok,,5.897264452010859,0.0,5.897264452010859,5.897264452010859,2,1.0,,1.0,1.0,9999,9999,9999,0.0,0.0
synthetic,gaussian_sparse-iid-n10000-d2-seed42,synthetic,gaussian_sparse,iid,10000,2,,42,False,29,50,HDBSCAN,exact_single_linkage_pairwise_smallest_common_cluster_size_agreement,Optimized HDBSCAN,optimized_hdbscan,ok,,0.9527818379865494,0.0,0.9527818379865494,0.9527818379865494,2,1.0,,0.999997105236,0.0954206836108676,1742,9999,9999,5.971631213502066e-16,9.076978271516774e-16
synthetic,gaussian_sparse-iid-n10000-d2-seed42,synthetic,gaussian_sparse,iid,10000,2,,42,False,29,50,HDBSCAN,exact_single_linkage_pairwise_smallest_common_cluster_size_agreement,ScoreSG,score_sg,ok,,2.989517286012415,0.6247462249884848,3.6142635110009,0.6247462249884848,3,0.1592054484435236,,0.99999216792,0.9625122669283612,9808,9999,9999,2.487196295906589e-08,3.5993022213032244e-08
synthetic,gaussian_sparse-iid-n10000-d2-seed42,synthetic,gaussian_sparse,iid,10000,2,,42,False,29,50,HDBSCAN,exact_single_linkage_pairwise_smallest_common_cluster_size_agreement,ScoreSG Random,score_sg_random,ok,,2.7504812910046894,0.6202913709857967,3.370772661990486,0.6202913709857967,3,0.1592054484435236,,0.99999216792,0.9625122669283612,9808,9999,9999,2.487196295906589e-08,3.5993022213032244e-08
synthetic,gaussian_sparse-iid-n10000-d2-seed42,synthetic,gaussian_sparse,iid,10000,2,,42,False,28,50,HDBSCAN,exact_single_linkage_pairwise_smallest_common_cluster_size_agreement,HDBSCAN,hdbscan_generic,ok,,5.922174256003927,0.0,5.922174256003927,5.922174256003927,2,1.0,,1.0,1.0,9999,9999,9999,0.0,0.0
synthetic,gaussian_sparse-iid-n10000-d2-seed42,synthetic,gaussian_sparse,iid,10000,2,,42,False,28,50,HDBSCAN,exact_single_linkage_pairwise_smallest_common_cluster_size_agreement,Optimized HDBSCAN,optimized_hdbscan,ok,,0.9888071099994704,0.0,0.9888071099994704,0.9888071099994704,2,1.0,,0.999997154988,0.0973441615452151,1774,9999,9999,6.455831109582233e-16,9.484088867886989e-16
synthetic,gaussian_sparse-iid-n10000-d2-seed42,synthetic,gaussian_sparse,iid,10000,2,,42,False,28,50,HDBSCAN,exact_single_linkage_pairwise_smallest_common_cluster_size_agreement,ScoreSG,score_sg,ok,,2.989517286012415,0.6360297689971048,3.62554705500952,0.6360297689971048,4,0.5099601484823313,,0.999993070084,0.9640542133176192,9816,9999,9999,2.4742084709621864e-08,3.5892404352369436e-08
synthetic,gaussian_sparse-iid-n10000-d2-seed42,synthetic,gaussian_sparse,iid,10000,2,,42,False,28,50,HDBSCAN,exact_single_linkage_pairwise_smallest_common_cluster_size_agreement,ScoreSG Random,score_sg_random,ok,,2.7504812910046894,0.6142042750143446,3.364685566019034,0.6142042750143446,4,0.5099601484823313,,0.999993070084,0.9640542133176192,9816,9999,9999,2.4742084709621864e-08,3.5892404352369436e-08
synthetic,gaussian_sparse-iid-n10000-d2-seed42,synthetic,gaussian_sparse,iid,10000,2,,42,False,27,50,HDBSCAN,exact_single_linkage_pairwise_smallest_common_cluster_size_agreement,HDBSCAN,hdbscan_generic,ok,,5.851569263992133,0.0,5.851569263992133,5.851569263992133,2,1.0,,1.0,1.0,9999,9999,9999,0.0,0.0
synthetic,gaussian_sparse-iid-n10000-d2-seed42,synthetic,gaussian_sparse,iid,10000,2,,42,False,27,50,HDBSCAN,exact_single_linkage_pairwise_smallest_common_cluster_size_agreement,Optimized HDBSCAN,optimized_hdbscan,ok,,0.993390288000228,0.0,0.993390288000228,0.993390288000228,2,1.0,,0.999997583948,0.1008477375316525,1832,9999,9999,6.4233249965929e-16,9.571675730815869e-16
synthetic,gaussian_sparse-iid-n10000-d2-seed42,synthetic,gaussian_sparse,iid,10000,2,,42,False,27,50,HDBSCAN,exact_single_linkage_pairwise_smallest_common_cluster_size_agreement,ScoreSG,score_sg,ok,,2.989517286012415,0.6338935059902724,3.6234107920026872,0.6338935059902724,3,0.5576827889702503,,0.999990819184,0.9659850570192686,9826,9999,9999,2.5090537883176555e-08,3.6399793658263163e-08
synthetic,gaussian_sparse-iid-n10000-d2-seed42,synthetic,gaussian_sparse,iid,10000,2,,42,False,27,50,HDBSCAN,exact_single_linkage_pairwise_smallest_common_cluster_size_agreement,ScoreSG Random,score_sg_random,ok,,2.7504812910046894,0.6789642859948799,3.4294455769995693,0.6789642859948799,3,0.5576827889702503,,0.999990819184,0.9659850570192686,9826,9999,9999,2.5090537883176555e-08,3.6399793658263163e-08
synthetic,gaussian_sparse-iid-n10000-d2-seed42,synthetic,gaussian_sparse,iid,10000,2,,42,False,26,50,HDBSCAN,exact_single_linkage_pairwise_smallest_common_cluster_size_agreement,HDBSCAN,hdbscan_generic,ok,,6.62116432300536,0.0,6.62116432300536,6.62116432300536,2,1.0,,1.0,1.0,9999,9999,9999,0.0,0.0
synthetic,gaussian_sparse-iid-n10000-d2-seed42,synthetic,gaussian_sparse,iid,10000,2,,42,False,26,50,HDBSCAN,exact_single_linkage_pairwise_smallest_common_cluster_size_agreement,Optimized HDBSCAN,optimized_hdbscan,ok,,1.0513734570122324,0.0,1.0513734570122324,1.0513734570122324,2,1.0,,0.999997739428,0.1108765692700811,1996,9999,9999,6.66331969560927e-16,9.87935962231814e-16
synthetic,gaussian_sparse-iid-n10000-d2-seed42,synthetic,gaussian_sparse,iid,10000,2,,42,False,26,50,HDBSCAN,exact_single_linkage_pairwise_smallest_common_cluster_size_agreement,ScoreSG,score_sg,ok,,2.989517286012415,0.6381342030072119,3.6276514890196263,0.6381342030072119,4,0.5479525311658091,,0.999989341512,0.9580926270439636,9785,9999,9999,2.5187099832602084e-08,3.646726211912578e-08
synthetic,gaussian_sparse-iid-n10000-d2-seed42,synthetic,gaussian_sparse,iid,10000,2,,42,False,26,50,HDBSCAN,exact_single_linkage_pairwise_smallest_common_cluster_size_agreement,ScoreSG Random,score_sg_random,ok,,2.7504812910046894,0.6169904959970154,3.367471787001705,0.6169904959970154,4,0.5479525311658091,,0.999989341512,0.9580926270439636,9785,9999,9999,2.5187099832602084e-08,3.646726211912578e-08
synthetic,gaussian_sparse-iid-n10000-d2-seed42,synthetic,gaussian_sparse,iid,10000,2,,42,False,25,50,HDBSCAN,exact_single_linkage_pairwise_smallest_common_cluster_size_agreement,HDBSCAN,hdbscan_generic,ok,,5.990763992012944,0.0,5.990763992012944,5.990763992012944,2,1.0,,1.0,1.0,9999,9999,9999,0.0,0.0
synthetic,gaussian_sparse-iid-n10000-d2-seed42,synthetic,gaussian_sparse,iid,10000,2,,42,False,25,50,HDBSCAN,exact_single_linkage_pairwise_smallest_common_cluster_size_agreement,Optimized HDBSCAN,optimized_hdbscan,ok,,0.996594277996337,0.0,0.996594277996337,0.996594277996337,2,1.0,,0.999997373188,0.1084751399589823,1957,9999,9999,6.988356126676521e-16,1.009732822173383e-15
synthetic,gaussian_sparse-iid-n10000-d2-seed42,synthetic,gaussian_sparse,iid,10000,2,,42,False,25,50,HDBSCAN,exact_single_linkage_pairwise_smallest_common_cluster_size_agreement,ScoreSG,score_sg,ok,,2.989517286012415,0.647645660006674,3.637162946019089,0.647645660006674,3,0.4077187029627028,,0.999989999072,0.9607804686733994,9799,9999,9999,2.4851712038059646e-08,3.640905361452122e-08
synthetic,gaussian_sparse-iid-n10000-d2-seed42,synthetic,gaussian_sparse,iid,10000,2,,42,False,25,50,HDBSCAN,exact_single_linkage_pairwise_smallest_common_cluster_size_agreement,ScoreSG Random,score_sg_random,ok,,2.7504812910046894,0.6335606450156774,3.384041936020367,0.6335606450156774,3,0.4077187029627028,,0.999989999072,0.9607804686733994,9799,9999,9999,2.4851712038059646e-08,3.640905361452122e-08
synthetic,gaussian_sparse-iid-n10000-d2-seed42,synthetic,gaussian_sparse,iid,10000,2,,42,False,24,50,HDBSCAN,exact_single_linkage_pairwise_smallest_common_cluster_size_agreement,HDBSCAN,hdbscan_generic,ok,,5.997296462010127,0.0,5.997296462010127,5.997296462010127,5,1.0,,1.0,1.0,9999,9999,9999,0.0,0.0
synthetic,gaussian_sparse-iid-n10000-d2-seed42,synthetic,gaussian_sparse,iid,10000,2,,42,False,24,50,HDBSCAN,exact_single_linkage_pairwise_smallest_common_cluster_size_agreement,Optimized HDBSCAN,optimized_hdbscan,ok,,0.9440272270003334,0.0,0.9440272270003334,0.9440272270003334,5,1.0,,0.999996769156,0.1164582402858419,2086,9999,9999,7.624467266129318e-16,1.1052458271239249e-15
synthetic,gaussian_sparse-iid-n10000-d2-seed42,synthetic,gaussian_sparse,iid,10000,2,,42,False,24,50,HDBSCAN,exact_single_linkage_pairwise_smallest_common_cluster_size_agreement,ScoreSG,score_sg,ok,,2.989517286012415,0.645497781020822,3.635015067033237,0.645497781020822,4,0.2154726875891179,,0.999989982472,0.9594356261022928,9792,9999,9999,2.482335647322197e-08,3.6019293236248114e-08
synthetic,gaussian_sparse-iid-n10000-d2-seed42,synthetic,gaussian_sparse,iid,10000,2,,42,False,24,50,HDBSCAN,exact_single_linkage_pairwise_smallest_common_cluster_size_agreement,ScoreSG Random,score_sg_random,ok,,2.7504812910046894,0.6364198219962418,3.386901113000931,0.6364198219962418,4,0.2154726875891179,,0.999989982472,0.9594356261022928,9792,9999,9999,2.482335647322197e-08,3.6019293236248114e-08
synthetic,gaussian_sparse-iid-n10000-d2-seed42,synthetic,gaussian_sparse,iid,10000,2,,42,False,23,50,HDBSCAN,exact_single_linkage_pairwise_smallest_common_cluster_size_agreement,HDBSCAN,hdbscan_generic,ok,,5.986222256993642,0.0,5.986222256993642,5.986222256993642,7,1.0,,1.0,1.0,9999,9999,9999,0.0,0.0
synthetic,gaussian_sparse-iid-n10000-d2-seed42,synthetic,gaussian_sparse,iid,10000,2,,42,False,23,50,HDBSCAN,exact_single_linkage_pairwise_smallest_common_cluster_size_agreement,Optimized HDBSCAN,optimized_hdbscan,ok,,1.0508192749985028,0.0,1.0508192749985028,1.0508192749985028,7,1.0,,0.999996481052,0.1226002020882452,2184,9999,9999,7.768479337629399e-16,1.129748237519317e-15
synthetic,gaussian_sparse-iid-n10000-d2-seed42,synthetic,gaussian_sparse,iid,10000,2,,42,False,23,50,HDBSCAN,exact_single_linkage_pairwise_smallest_common_cluster_size_agreement,ScoreSG,score_sg,ok,,2.989517286012415,0.6403779549873434,3.6298952409997582,0.6403779549873434,5,0.0446217516213173,,0.999987788764,0.9571344685848504,9780,9999,9999,2.471524740457572e-08,3.6138905854275294e-08
synthetic,gaussian_sparse-iid-n10000-d2-seed42,synthetic,gaussian_sparse,iid,10000,2,,42,False,23,50,HDBSCAN,exact_single_linkage_pairwise_smallest_common_cluster_size_agreement,ScoreSG Random,score_sg_random,ok,,2.7504812910046894,0.6144393510185182,3.364920642023208,0.6144393510185182,5,0.0446217516213173,,0.999987788764,0.9571344685848504,9780,9999,9999,2.471524740457572e-08,3.6138905854275294e-08
synthetic,gaussian_sparse-iid-n10000-d2-seed42,synthetic,gaussian_sparse,iid,10000,2,,42,False,22,50,HDBSCAN,exact_single_linkage_pairwise_smallest_common_cluster_size_agreement,HDBSCAN,hdbscan_generic,ok,,5.871184966003057,0.0,5.871184966003057,5.871184966003057,10,1.0,,1.0,1.0,9999,9999,9999,0.0,0.0
synthetic,gaussian_sparse-iid-n10000-d2-seed42,synthetic,gaussian_sparse,iid,10000,2,,42,False,22,50,HDBSCAN,exact_single_linkage_pairwise_smallest_common_cluster_size_agreement,Optimized HDBSCAN,optimized_hdbscan,ok,,0.9352791449928192,0.0,0.9352791449928192,0.9352791449928192,10,1.0,,0.999996810764,0.1263940520446096,2244,9999,9999,7.84620684922116e-16,1.1371091151202745e-15
synthetic,gaussian_sparse-iid-n10000-d2-seed42,synthetic,gaussian_sparse,iid,10000,2,,42,False,22,50,HDBSCAN,exact_single_linkage_pairwise_smallest_common_cluster_size_agreement,ScoreSG,score_sg,ok,,2.989517286012415,0.6325961799884681,3.622113466000883,0.6325961799884681,3,-0.0330206629829048,,0.999988564836,0.958476153168152,9787,9999,9999,2.4666703153420103e-08,3.6021912967631316e-08
synthetic,gaussian_sparse-iid-n10000-d2-seed42,synthetic,gaussian_sparse,iid,10000,2,,42,False,22,50,HDBSCAN,exact_single_linkage_pairwise_smallest_common_cluster_size_agreement,ScoreSG Random,score_sg_random,ok,,2.7504812910046894,0.6297509169962723,3.3802322080009617,0.6297509169962723,3,-0.0330206629829048,,0.999988564836,0.958476153168152,9787,9999,9999,2.4666703153420103e-08,3.6021912967631316e-08
synthetic,gaussian_sparse-iid-n10000-d2-seed42,synthetic,gaussian_sparse,iid,10000,2,,42,False,21,50,HDBSCAN,exact_single_linkage_pairwise_smallest_common_cluster_size_agreement,HDBSCAN,hdbscan_generic,ok,,5.940117989986902,0.0,5.940117989986902,5.940117989986902,8,1.0,,1.0,1.0,9999,9999,9999,0.0,0.0
synthetic,gaussian_sparse-iid-n10000-d2-seed42,synthetic,gaussian_sparse,iid,10000,2,,42,False,21,50,HDBSCAN,exact_single_linkage_pairwise_smallest_common_cluster_size_agreement,Optimized HDBSCAN,optimized_hdbscan,ok,,0.9423671730037312,0.0,0.9423671730037312,0.9423671730037312,8,1.0,,0.999994853388,0.1323254628843214,2337,9999,9999,8.079461599348787e-16,1.1605104189973157e-15
synthetic,gaussian_sparse-iid-n10000-d2-seed42,synthetic,gaussian_sparse,iid,10000,2,,42,False,21,50,HDBSCAN,exact_single_linkage_pairwise_smallest_common_cluster_size_agreement,ScoreSG,score_sg,ok,,2.989517286012415,0.6344072129868437,3.6239244989992585,0.6344072129868437,2,0.0862938545825863,,0.999986118608,0.946656283461501,9725,9999,9999,2.482211760833613e-08,3.6109961848794526e-08
synthetic,gaussian_sparse-iid-n10000-d2-seed42,synthetic,gaussian_sparse,iid,10000,2,,42,False,21,50,HDBSCAN,exact_single_linkage_pairwise_smallest_common_cluster_size_agreement,ScoreSG Random,score_sg_random,ok,,2.7504812910046894,0.6299658269854262,3.380447117990116,0.6299658269854262,2,0.0862938545825863,,0.999986118608,0.946656283461501,9725,9999,9999,2.482211760833613e-08,3.6109961848794526e-08
synthetic,gaussian_sparse-iid-n10000-d2-seed42,synthetic,gaussian_sparse,iid,10000,2,,42,False,20,50,HDBSCAN,exact_single_linkage_pairwise_smallest_common_cluster_size_agreement,HDBSCAN,hdbscan_generic,ok,,5.963008778984658,0.0,5.963008778984658,5.963008778984658,2,1.0,,1.0,1.0,9999,9999,9999,0.0,0.0
synthetic,gaussian_sparse-iid-n10000-d2-seed42,synthetic,gaussian_sparse,iid,10000,2,,42,False,20,50,HDBSCAN,exact_single_linkage_pairwise_smallest_common_cluster_size_agreement,Optimized HDBSCAN,optimized_hdbscan,ok,,1.0180319059873,0.0,1.0180319059873,1.0180319059873,2,1.0,,0.999997057476,0.1321972484855347,2335,9999,9999,8.400697458627146e-16,1.2160648414477996e-15
synthetic,gaussian_sparse-iid-n10000-d2-seed42,synthetic,gaussian_sparse,iid,10000,2,,42,False,20,50,HDBSCAN,exact_single_linkage_pairwise_smallest_common_cluster_size_agreement,ScoreSG,score_sg,ok,,2.989517286012415,0.6518748689850327,3.641392154997448,0.6518748689850327,3,0.9989491545465532,,0.999986964544,0.9535020025398064,9761,9999,9999,2.4821841881954638e-08,3.585436357170041e-08
synthetic,gaussian_sparse-iid-n10000-d2-seed42,synthetic,gaussian_sparse,iid,10000,2,,42,False,20,50,HDBSCAN,exact_single_linkage_pairwise_smallest_common_cluster_size_agreement,ScoreSG Random,score_sg_random,ok,,2.7504812910046894,0.6606097629992291,3.4110910540039185,0.6606097629992291,3,0.9989491545465532,,0.999986964544,0.9535020025398064,9761,9999,9999,2.4821841881954638e-08,3.585436357170041e-08
synthetic,gaussian_sparse-iid-n10000-d2-seed42,synthetic,gaussian_sparse,iid,10000,2,,42,False,19,50,HDBSCAN,exact_single_linkage_pairwise_smallest_common_cluster_size_agreement,HDBSCAN,hdbscan_generic,ok,,5.955407009983901,0.0,5.955407009983901,5.955407009983901,2,1.0,,1.0,1.0,9999,9999,9999,0.0,0.0
synthetic,gaussian_sparse-iid-n10000-d2-seed42,synthetic,gaussian_sparse,iid,10000,2,,42,False,19,50,HDBSCAN,exact_single_linkage_pairwise_smallest_common_cluster_size_agreement,Optimized HDBSCAN,optimized_hdbscan,ok,,1.0664508390182164,0.0,1.0664508390182164,1.0664508390182164,2,1.0,,0.99999495146,0.1456232813932172,2542,9999,9999,8.414814653279218e-16,1.214449952256179e-15
synthetic,gaussian_sparse-iid-n10000-d2-seed42,synthetic,gaussian_sparse,iid,10000,2,,42,False,19,50,HDBSCAN,exact_single_linkage_pairwise_smallest_common_cluster_size_agreement,ScoreSG,score_sg,ok,,2.989517286012415,0.6161222270166036,3.6056395130290175,0.6161222270166036,5,0.6534823674560123,,0.999986364316,0.9506437768240344,9746,9999,9999,2.4601757446584707e-08,3.6159324946508944e-08
synthetic,gaussian_sparse-iid-n10000-d2-seed42,synthetic,gaussian_sparse,iid,10000,2,,42,False,19,50,HDBSCAN,exact_single_linkage_pairwise_smallest_common_cluster_size_agreement,ScoreSG Random,score_sg_random,ok,,2.7504812910046894,0.6358668050088454,3.386348096013535,0.6358668050088454,5,0.6534823674560123,,0.999986364316,0.9506437768240344,9746,9999,9999,2.4601757446584707e-08,3.6159324946508944e-08
synthetic,gaussian_sparse-iid-n10000-d2-seed42,synthetic,gaussian_sparse,iid,10000,2,,42,False,18,50,HDBSCAN,exact_single_linkage_pairwise_smallest_common_cluster_size_agreement,HDBSCAN,hdbscan_generic,ok,,5.972451334993821,0.0,5.972451334993821,5.972451334993821,2,1.0,,1.0,1.0,9999,9999,9999,0.0,0.0
synthetic,gaussian_sparse-iid-n10000-d2-seed42,synthetic,gaussian_sparse,iid,10000,2,,42,False,18,50,HDBSCAN,exact_single_linkage_pairwise_smallest_common_cluster_size_agreement,Optimized HDBSCAN,optimized_hdbscan,ok,,1.012835202011047,0.0,1.012835202011047,1.012835202011047,2,1.0,,0.999996416216,0.1503681546249424,2614,9999,9999,8.917407745658648e-16,1.2883905377512385e-15
synthetic,gaussian_sparse-iid-n10000-d2-seed42,synthetic,gaussian_sparse,iid,10000,2,,42,False,18,50,HDBSCAN,exact_single_linkage_pairwise_smallest_common_cluster_size_agreement,ScoreSG,score_sg,ok,,2.989517286012415,0.6516298600181472,3.641147146030562,0.6516298600181472,4,0.8929577223891476,,0.999986521368,0.9477939027953638,9731,9999,9999,2.4740257660958564e-08,3.631026970190233e-08
synthetic,gaussian_sparse-iid-n10000-d2-seed42,synthetic,gaussian_sparse,iid,10000,2,,42,False,18,50,HDBSCAN,exact_single_linkage_pairwise_smallest_common_cluster_size_agreement,ScoreSG Random,score_sg_random,ok,,2.7504812910046894,0.6425978539919015,3.393079144996591,0.6425978539919015,4,0.8929577223891476,,0.999986521368,0.9477939027953638,9731,9999,9999,2.4740257660958564e-08,3.631026970190233e-08
synthetic,gaussian_sparse-iid-n10000-d2-seed42,synthetic,gaussian_sparse,iid,10000,2,,42,False,17,50,HDBSCAN,exact_single_linkage_pairwise_smallest_common_cluster_size_agreement,HDBSCAN,hdbscan_generic,ok,,5.907378681004047,0.0,5.907378681004047,5.907378681004047,2,1.0,,1.0,1.0,9999,9999,9999,0.0,0.0
synthetic,gaussian_sparse-iid-n10000-d2-seed42,synthetic,gaussian_sparse,iid,10000,2,,42,False,17,50,HDBSCAN,exact_single_linkage_pairwise_smallest_common_cluster_size_agreement,Optimized HDBSCAN,optimized_hdbscan,ok,,1.020877537986962,0.0,1.020877537986962,1.020877537986962,2,1.0,,0.999995463852,0.1629448709002093,2802,9999,9999,9.10094626355935e-16,1.3120511755245957e-15
synthetic,gaussian_sparse-iid-n10000-d2-seed42,synthetic,gaussian_sparse,iid,10000,2,,42,False,17,50,HDBSCAN,exact_single_linkage_pairwise_smallest_common_cluster_size_agreement,ScoreSG,score_sg,ok,,2.989517286012415,0.6609082270006184,3.650425513013033,0.6609082270006184,2,0.6745133465197753,,0.999983015096,0.9504535257973276,9745,9999,9999,2.455087557877633e-08,3.594074455959579e-08
synthetic,gaussian_sparse-iid-n10000-d2-seed42,synthetic,gaussian_sparse,iid,10000,2,,42,False,17,50,HDBSCAN,exact_single_linkage_pairwise_smallest_common_cluster_size_agreement,ScoreSG Random,score_sg_random,ok,,2.7504812910046894,0.666846019012155,3.4173273100168444,0.666846019012155,2,0.6745133465197753,,0.999983015096,0.9504535257973276,9745,9999,9999,2.455087557877633e-08,3.594074455959579e-08
synthetic,gaussian_sparse-iid-n10000-d2-seed42,synthetic,gaussian_sparse,iid,10000,2,,42,False,16,50,HDBSCAN,exact_single_linkage_pairwise_smallest_common_cluster_size_agreement,HDBSCAN,hdbscan_generic,ok,,6.014628645993071,0.0,6.014628645993071,6.014628645993071,2,1.0,,1.0,1.0,9999,9999,9999,0.0,0.0
synthetic,gaussian_sparse-iid-n10000-d2-seed42,synthetic,gaussian_sparse,iid,10000,2,,42,False,16,50,HDBSCAN,exact_single_linkage_pairwise_smallest_common_cluster_size_agreement,Optimized HDBSCAN,optimized_hdbscan,ok,,1.0312290280126035,0.0,1.0312290280126035,1.0312290280126035,2,1.0,,0.999995554068,0.1740738566312452,2965,9999,9999,9.548666897459062e-16,1.3866951647907879e-15
synthetic,gaussian_sparse-iid-n10000-d2-seed42,synthetic,gaussian_sparse,iid,10000,2,,42,False,16,50,HDBSCAN,exact_single_linkage_pairwise_smallest_common_cluster_size_agreement,ScoreSG,score_sg,ok,,2.989517286012415,0.6807249029807281,3.670242188993143,0.6807249029807281,2,0.5849877261251141,,0.999982644536,0.9402347918890076,9691,9999,9999,2.4823810446765573e-08,3.619545404024863e-08
synthetic,gaussian_sparse-iid-n10000-d2-seed42,synthetic,gaussian_sparse,iid,10000,2,,42,False,16,50,HDBSCAN,exact_single_linkage_pairwise_smallest_common_cluster_size_agreement,ScoreSG Random,score_sg_random,ok,,2.7504812910046894,0.6684646029898431,3.4189458939945325,0.6684646029898431,2,0.5849877261251141,,0.999982644536,0.9402347918890076,9691,9999,9999,2.4823810446765573e-08,3.619545404024863e-08
synthetic,gaussian_sparse-iid-n10000-d2-seed42,synthetic,gaussian_sparse,iid,10000,2,,42,False,15,50,HDBSCAN,exact_single_linkage_pairwise_smallest_common_cluster_size_agreement,HDBSCAN,hdbscan_generic,ok,,5.981618682999397,0.0,5.981618682999397,5.981618682999397,4,1.0,,1.0,1.0,9999,9999,9999,0.0,0.0
synthetic,gaussian_sparse-iid-n10000-d2-seed42,synthetic,gaussian_sparse,iid,10000,2,,42,False,15,50,HDBSCAN,exact_single_linkage_pairwise_smallest_common_cluster_size_agreement,Optimized HDBSCAN,optimized_hdbscan,ok,,0.9875458109891042,0.0,0.9875458109891042,0.9875458109891042,4,1.0,,0.99999367714,0.187318173722021,3155,9999,9999,1.0277348614682805e-15,1.4748792083109665e-15
synthetic,gaussian_sparse-iid-n10000-d2-seed42,synthetic,gaussian_sparse,iid,10000,2,,42,False,15,50,HDBSCAN,exact_single_linkage_pairwise_smallest_common_cluster_size_agreement,ScoreSG,score_sg,ok,,2.989517286012415,0.6805230039753951,3.67004028998781,0.6805230039753951,3,0.3804620879302299,,0.999976543248,0.9342296160170228,9659,9999,9999,2.4522653339038456e-08,3.6045436654042283e-08
synthetic,gaussian_sparse-iid-n10000-d2-seed42,synthetic,gaussian_sparse,iid,10000,2,,42,False,15,50,HDBSCAN,exact_single_linkage_pairwise_smallest_common_cluster_size_agreement,ScoreSG Random,score_sg_random,ok,,2.7504812910046894,0.6629805109987501,3.4134618020034395,0.6629805109987501,3,0.3804620879302299,,0.999976543248,0.9342296160170228,9659,9999,9999,2.4522653339038456e-08,3.6045436654042283e-08
synthetic,gaussian_sparse-iid-n10000-d2-seed42,synthetic,gaussian_sparse,iid,10000,2,,42,False,14,50,HDBSCAN,exact_single_linkage_pairwise_smallest_common_cluster_size_agreement,HDBSCAN,hdbscan_generic,ok,,5.977831560012419,0.0,5.977831560012419,5.977831560012419,2,1.0,,1.0,1.0,9999,9999,9999,0.0,0.0
synthetic,gaussian_sparse-iid-n10000-d2-seed42,synthetic,gaussian_sparse,iid,10000,2,,42,False,14,50,HDBSCAN,exact_single_linkage_pairwise_smallest_common_cluster_size_agreement,Optimized HDBSCAN,optimized_hdbscan,ok,,1.057451307977317,0.0,1.057451307977317,1.057451307977317,2,1.0,,0.999995208776,0.2007205043530471,3343,9999,9999,1.041359224729874e-15,1.496212989115902e-15
synthetic,gaussian_sparse-iid-n10000-d2-seed42,synthetic,gaussian_sparse,iid,10000,2,,42,False,14,50,HDBSCAN,exact_single_linkage_pairwise_smallest_common_cluster_size_agreement,ScoreSG,score_sg,ok,,2.989517286012415,0.6739855910127517,3.6635028770251674,0.6739855910127517,2,1.0,,0.999975032272,0.9282614984090252,9627,9999,9999,2.4864143760092443e-08,3.6583968652780236e-08
synthetic,gaussian_sparse-iid-n10000-d2-seed42,synthetic,gaussian_sparse,iid,10000,2,,42,False,14,50,HDBSCAN,exact_single_linkage_pairwise_smallest_common_cluster_size_agreement,ScoreSG Random,score_sg_random,ok,,2.7504812910046894,0.6751475800119806,3.42562887101667,0.6751475800119806,2,1.0,,0.999975032272,0.9282614984090252,9627,9999,9999,2.4864143760092443e-08,3.6583968652780236e-08
synthetic,gaussian_sparse-iid-n10000-d2-seed42,synthetic,gaussian_sparse,iid,10000,2,,42,False,13,50,HDBSCAN,exact_single_linkage_pairwise_smallest_common_cluster_size_agreement,HDBSCAN,hdbscan_generic,ok,,5.991401916980976,0.0,5.991401916980976,5.991401916980976,3,1.0,,1.0,1.0,9999,9999,9999,0.0,0.0
synthetic,gaussian_sparse-iid-n10000-d2-seed42,synthetic,gaussian_sparse,iid,10000,2,,42,False,13,50,HDBSCAN,exact_single_linkage_pairwise_smallest_common_cluster_size_agreement,Optimized HDBSCAN,optimized_hdbscan,ok,,1.0091852280020248,0.0,1.0091852280020248,1.0091852280020248,3,1.0,,0.99999490468,0.2087035358114234,3453,9999,9999,1.100814423044475e-15,1.5968418919534373e-15
synthetic,gaussian_sparse-iid-n10000-d2-seed42,synthetic,gaussian_sparse,iid,10000,2,,42,False,13,50,HDBSCAN,exact_single_linkage_pairwise_smallest_common_cluster_size_agreement,ScoreSG,score_sg,ok,,2.989517286012415,0.702623905002838,3.692141191015253,0.702623905002838,1,0.334022604663011,,0.999973039576,0.9249205890846088,9609,9999,9999,2.48305444999758e-08,3.634373596507065e-08
synthetic,gaussian_sparse-iid-n10000-d2-seed42,synthetic,gaussian_sparse,iid,10000,2,,42,False,13,50,HDBSCAN,exact_single_linkage_pairwise_smallest_common_cluster_size_agreement,ScoreSG Random,score_sg_random,ok,,2.7504812910046894,0.6845315509999637,3.435012842004653,0.6845315509999637,1,0.334022604663011,,0.999973039576,0.9249205890846088,9609,9999,9999,2.48305444999758e-08,3.634373596507065e-08
synthetic,gaussian_sparse-iid-n10000-d2-seed42,synthetic,gaussian_sparse,iid,10000,2,,42,False,12,50,HDBSCAN,exact_single_linkage_pairwise_smallest_common_cluster_size_agreement,HDBSCAN,hdbscan_generic,ok,,6.030144737975206,0.0,6.030144737975206,6.030144737975206,2,1.0,,1.0,1.0,9999,9999,9999,0.0,0.0
synthetic,gaussian_sparse-iid-n10000-d2-seed42,synthetic,gaussian_sparse,iid,10000,2,,42,False,12,50,HDBSCAN,exact_single_linkage_pairwise_smallest_common_cluster_size_agreement,Optimized HDBSCAN,optimized_hdbscan,ok,,1.0355374299979303,0.0,1.0355374299979303,1.0355374299979303,2,1.0,,0.99999496682,0.2175342465753424,3573,9999,9999,1.1874519621781034e-15,1.7270648669634405e-15
synthetic,gaussian_sparse-iid-n10000-d2-seed42,synthetic,gaussian_sparse,iid,10000,2,,42,False,12,50,HDBSCAN,exact_single_linkage_pairwise_smallest_common_cluster_size_agreement,ScoreSG,score_sg,ok,,2.989517286012415,0.6996765000221785,3.689193786034594,0.6996765000221785,2,0.7078454595395405,,0.999968131608,0.9136842105263158,9548,9999,9999,2.4882576812480037e-08,3.634903994531296e-08
synthetic,gaussian_sparse-iid-n10000-d2-seed42,synthetic,gaussian_sparse,iid,10000,2,,42,False,12,50,HDBSCAN,exact_single_linkage_pairwise_smallest_common_cluster_size_agreement,ScoreSG Random,score_sg_random,ok,,2.7504812910046894,0.6941618569835555,3.444643147988245,0.6941618569835555,2,0.7078454595395405,,0.999968131608,0.9136842105263158,9548,9999,9999,2.4882576812480037e-08,3.634903994531296e-08
synthetic,gaussian_sparse-iid-n10000-d2-seed42,synthetic,gaussian_sparse,iid,10000,2,,42,False,11,50,HDBSCAN,exact_single_linkage_pairwise_smallest_common_cluster_size_agreement,HDBSCAN,hdbscan_generic,ok,,6.05132701099501,0.0,6.05132701099501,6.05132701099501,2,1.0,,1.0,1.0,9999,9999,9999,0.0,0.0
synthetic,gaussian_sparse-iid-n10000-d2-seed42,synthetic,gaussian_sparse,iid,10000,2,,42,False,11,50,HDBSCAN,exact_single_linkage_pairwise_smallest_common_cluster_size_agreement,Optimized HDBSCAN,optimized_hdbscan,ok,,1.0456502610177267,0.0,1.0456502610177267,1.0456502610177267,2,1.0,,0.999993600824,0.2394942357753811,3864,9999,9999,1.2135504098055185e-15,1.782995694017063e-15
synthetic,gaussian_sparse-iid-n10000-d2-seed42,synthetic,gaussian_sparse,iid,10000,2,,42,False,11,50,HDBSCAN,exact_single_linkage_pairwise_smallest_common_cluster_size_agreement,ScoreSG,score_sg,ok,,2.989517286012415,0.6965245570172556,3.6860418430296704,0.6965245570172556,3,0.999401668604777,,0.999970639136,0.907114247568186,9512,9999,9999,2.4760383924732257e-08,3.594447207781307e-08
synthetic,gaussian_sparse-iid-n10000-d2-seed42,synthetic,gaussian_sparse,iid,10000,2,,42,False,11,50,HDBSCAN,exact_single_linkage_pairwise_smallest_common_cluster_size_agreement,ScoreSG Random,score_sg_random,ok,,2.7504812910046894,0.6843002410023473,3.4347815320070367,0.6843002410023473,3,0.999401668604777,,0.999970639136,0.907114247568186,9512,9999,9999,2.4760383924732257e-08,3.594447207781307e-08
synthetic,gaussian_sparse-iid-n10000-d2-seed42,synthetic,gaussian_sparse,iid,10000,2,,42,False,10,50,HDBSCAN,exact_single_linkage_pairwise_smallest_common_cluster_size_agreement,HDBSCAN,hdbscan_generic,ok,,6.005580627999734,0.0,6.005580627999734,6.005580627999734,2,1.0,,1.0,1.0,9999,9999,9999,0.0,0.0
synthetic,gaussian_sparse-iid-n10000-d2-seed42,synthetic,gaussian_sparse,iid,10000,2,,42,False,10,50,HDBSCAN,exact_single_linkage_pairwise_smallest_common_cluster_size_agreement,Optimized HDBSCAN,optimized_hdbscan,ok,,1.0813878680055495,0.0,1.0813878680055495,1.0813878680055495,2,1.0,,0.999993631744,0.2566293829332663,4084,9999,9999,1.2870365413859209e-15,1.881599067286344e-15
synthetic,gaussian_sparse-iid-n10000-d2-seed42,synthetic,gaussian_sparse,iid,10000,2,,42,False,10,50,HDBSCAN,exact_single_linkage_pairwise_smallest_common_cluster_size_agreement,ScoreSG,score_sg,ok,,2.989517286012415,0.7071059420122765,3.6966232280246913,0.7071059420122765,3,0.999341266430894,,0.999967724044,0.8993256719536519,9469,9999,9999,2.4544459092993122e-08,3.629477895421339e-08
synthetic,gaussian_sparse-iid-n10000-d2-seed42,synthetic,gaussian_sparse,iid,10000,2,,42,False,10,50,HDBSCAN,exact_single_linkage_pairwise_smallest_common_cluster_size_agreement,ScoreSG Random,score_sg_random,ok,,2.7504812910046894,0.678016468998976,3.428497760003665,0.678016468998976,3,0.999341266430894,,0.999967724044,0.8993256719536519,9469,9999,9999,2.4544459092993122e-08,3.629477895421339e-08
synthetic,gaussian_sparse-iid-n10000-d2-seed42,synthetic,gaussian_sparse,iid,10000,2,,42,False,9,50,HDBSCAN,exact_single_linkage_pairwise_smallest_common_cluster_size_agreement,HDBSCAN,hdbscan_generic,ok,,6.0597692519950215,0.0,6.0597692519950215,6.0597692519950215,2,1.0,,1.0,1.0,9999,9999,9999,0.0,0.0
synthetic,gaussian_sparse-iid-n10000-d2-seed42,synthetic,gaussian_sparse,iid,10000,2,,42,False,9,50,HDBSCAN,exact_single_linkage_pairwise_smallest_common_cluster_size_agreement,Optimized HDBSCAN,optimized_hdbscan,ok,,1.0230018680158537,0.0,1.0230018680158537,1.0230018680158537,2,1.0,,0.999989344112,0.2679431904641136,4226,9999,9999,1.3822207694551973e-15,1.9730712190756945e-15
synthetic,gaussian_sparse-iid-n10000-d2-seed42,synthetic,gaussian_sparse,iid,10000,2,,42,False,9,50,HDBSCAN,exact_single_linkage_pairwise_smallest_common_cluster_size_agreement,ScoreSG,score_sg,ok,,2.989517286012415,0.680015909980284,3.669533195992699,0.680015909980284,2,1.0,,0.999960821592,0.8912426707017213,9424,9999,9999,2.4550634680139635e-08,3.638217348805849e-08
synthetic,gaussian_sparse-iid-n10000-d2-seed42,synthetic,gaussian_sparse,iid,10000,2,,42,False,9,50,HDBSCAN,exact_single_linkage_pairwise_smallest_common_cluster_size_agreement,ScoreSG Random,score_sg_random,ok,,2.7504812910046894,0.6790882209897973,3.4295695119944867,0.6790882209897973,2,1.0,,0.999960821592,0.8912426707017213,9424,9999,9999,2.4550634680139635e-08,3.638217348805849e-08
synthetic,gaussian_sparse-iid-n10000-d2-seed42,synthetic,gaussian_sparse,iid,10000,2,,42,False,8,50,HDBSCAN,exact_single_linkage_pairwise_smallest_common_cluster_size_agreement,HDBSCAN,hdbscan_generic,ok,,6.002085972984787,0.0,6.002085972984787,6.002085972984787,4,1.0,,1.0,1.0,9999,9999,9999,0.0,0.0
synthetic,gaussian_sparse-iid-n10000-d2-seed42,synthetic,gaussian_sparse,iid,10000,2,,42,False,8,50,HDBSCAN,exact_single_linkage_pairwise_smallest_common_cluster_size_agreement,Optimized HDBSCAN,optimized_hdbscan,ok,,0.8986390090140048,0.0,0.8986390090140048,0.8986390090140048,167,-0.0996716293343196,,0.999993065248,0.3116883116883117,4752,9999,9999,1.4812684024560376e-15,2.147312595165082e-15
synthetic,gaussian_sparse-iid-n10000-d2-seed42,synthetic,gaussian_sparse,iid,10000,2,,42,False,8,50,HDBSCAN,exact_single_linkage_pairwise_smallest_common_cluster_size_agreement,ScoreSG,score_sg,ok,,2.989517286012415,0.6847929359937552,3.67431022200617,0.6847929359937552,3,0.9994341549863468,,0.999954539184,0.8812793979303857,9368,9999,9999,2.3928252842851138e-08,3.54499398129142e-08
synthetic,gaussian_sparse-iid-n10000-d2-seed42,synthetic,gaussian_sparse,iid,10000,2,,42,False,8,50,HDBSCAN,exact_single_linkage_pairwise_smallest_common_cluster_size_agreement,ScoreSG Random,score_sg_random,ok,,2.7504812910046894,0.6816884699801449,3.4321697609848343,0.6816884699801449,3,0.9994341549863468,,0.999954539184,0.8812793979303857,9368,9999,9999,2.3928252842851138e-08,3.54499398129142e-08
synthetic,gaussian_sparse-iid-n10000-d2-seed42,synthetic,gaussian_sparse,iid,10000,2,,42,False,7,50,HDBSCAN,exact_single_linkage_pairwise_smallest_common_cluster_size_agreement,HDBSCAN,hdbscan_generic,ok,,5.879571808996843,0.0,5.879571808996843,5.879571808996843,214,1.0,,1.0,1.0,9999,9999,9999,0.0,0.0
synthetic,gaussian_sparse-iid-n10000-d2-seed42,synthetic,gaussian_sparse,iid,10000,2,,42,False,7,50,HDBSCAN,exact_single_linkage_pairwise_smallest_common_cluster_size_agreement,Optimized HDBSCAN,optimized_hdbscan,ok,,0.9049280100152828,0.0,0.9049280100152828,0.9049280100152828,213,0.999995422277172,,0.99999008824,0.350303848750844,5188,9999,9999,1.6770776920025588e-15,2.4041529292371617e-15
synthetic,gaussian_sparse-iid-n10000-d2-seed42,synthetic,gaussian_sparse,iid,10000,2,,42,False,7,50,HDBSCAN,exact_single_linkage_pairwise_smallest_common_cluster_size_agreement,ScoreSG,score_sg,ok,,2.989517286012415,0.5678468569822144,3.557364142994629,0.5678468569822144,181,0.9205759142556984,,0.9999502535,0.865833177831685,9280,9999,9999,2.4216215673664413e-08,3.5882360504746436e-08
synthetic,gaussian_sparse-iid-n10000-d2-seed42,synthetic,gaussian_sparse,iid,10000,2,,42,False,7,50,HDBSCAN,exact_single_linkage_pairwise_smallest_common_cluster_size_agreement,ScoreSG Random,score_sg_random,ok,,2.7504812910046894,0.5553213480161503,3.30580263902084,0.5553213480161503,181,0.9205759142556984,,0.9999502535,0.865833177831685,9280,9999,9999,2.4216215673664413e-08,3.5882360504746436e-08
synthetic,gaussian_sparse-iid-n10000-d2-seed42,synthetic,gaussian_sparse,iid,10000,2,,42,False,6,50,HDBSCAN,exact_single_linkage_pairwise_smallest_common_cluster_size_agreement,HDBSCAN,hdbscan_generic,ok,,5.875764558993978,0.0,5.875764558993978,5.875764558993978,285,1.0,,1.0,1.0,9999,9999,9999,0.0,0.0
synthetic,gaussian_sparse-iid-n10000-d2-seed42,synthetic,gaussian_sparse,iid,10000,2,,42,False,6,50,HDBSCAN,exact_single_linkage_pairwise_smallest_common_cluster_size_agreement,Optimized HDBSCAN,optimized_hdbscan,ok,,0.9179670799931046,0.0,0.9179670799931046,0.9179670799931046,285,1.0,,0.999991495848,0.4048472075869336,5763,9999,9999,1.8594176750693533e-15,2.6707293638810217e-15
synthetic,gaussian_sparse-iid-n10000-d2-seed42,synthetic,gaussian_sparse,iid,10000,2,,42,False,6,50,HDBSCAN,exact_single_linkage_pairwise_smallest_common_cluster_size_agreement,ScoreSG,score_sg,ok,,2.989517286012415,0.6922784620255698,3.6817957480379846,0.6922784620255698,2,-0.0417544346101282,,0.999943528192,0.8501248959200666,9189,9999,9999,2.3443482923474423e-08,3.4932413236924956e-08
synthetic,gaussian_sparse-iid-n10000-d2-seed42,synthetic,gaussian_sparse,iid,10000,2,,42,False,6,50,HDBSCAN,exact_single_linkage_pairwise_smallest_common_cluster_size_agreement,ScoreSG Random,score_sg_random,ok,,2.7504812910046894,0.6832387760223355,3.433720067027025,0.6832387760223355,2,-0.0417544346101282,,0.999943528192,0.8501248959200666,9189,9999,9999,2.3443482923474423e-08,3.4932413236924956e-08
synthetic,gaussian_sparse-iid-n10000-d2-seed42,synthetic,gaussian_sparse,iid,10000,2,,42,False,5,50,HDBSCAN,exact_single_linkage_pairwise_smallest_common_cluster_size_agreement,HDBSCAN,hdbscan_generic,ok,,5.912299816001905,0.0,5.912299816001905,5.912299816001905,382,1.0,,1.0,1.0,9999,9999,9999,0.0,0.0
synthetic,gaussian_sparse-iid-n10000-d2-seed42,synthetic,gaussian_sparse,iid,10000,2,,42,False,5,50,HDBSCAN,exact_single_linkage_pairwise_smallest_common_cluster_size_agreement,Optimized HDBSCAN,optimized_hdbscan,ok,,0.9168658470152876,0.0,0.9168658470152876,0.9168658470152876,382,1.0,,0.999991705492,0.4840816326530612,6523,9999,9999,1.9930310616985948e-15,2.8799517627922152e-15
synthetic,gaussian_sparse-iid-n10000-d2-seed42,synthetic,gaussian_sparse,iid,10000,2,,42,False,5,50,HDBSCAN,exact_single_linkage_pairwise_smallest_common_cluster_size_agreement,ScoreSG,score_sg,ok,,2.989517286012415,0.5826795140164904,3.5721968000289053,0.5826795140164904,237,0.7269509272627718,,0.99993690102,0.834510595358224,9097,9999,9999,2.3058099198180215e-08,3.4665466215853075e-08
synthetic,gaussian_sparse-iid-n10000-d2-seed42,synthetic,gaussian_sparse,iid,10000,2,,42,False,5,50,HDBSCAN,exact_single_linkage_pairwise_smallest_common_cluster_size_agreement,ScoreSG Random,score_sg_random,ok,,2.7504812910046894,0.5892433779954445,3.339724669000134,0.5892433779954445,237,0.7269509272627718,,0.99993690102,0.834510595358224,9097,9999,9999,2.3058099198180215e-08,3.4665466215853075e-08
synthetic,gaussian_sparse-iid-n10000-d2-seed42,synthetic,gaussian_sparse,iid,10000,2,,42,False,4,50,HDBSCAN,exact_single_linkage_pairwise_smallest_common_cluster_size_agreement,HDBSCAN,hdbscan_generic,ok,,5.937662259006174,0.0,5.937662259006174,5.937662259006174,550,1.0,,1.0,1.0,9999,9999,9999,0.0,0.0
synthetic,gaussian_sparse-iid-n10000-d2-seed42,synthetic,gaussian_sparse,iid,10000,2,,42,False,4,50,HDBSCAN,exact_single_linkage_pairwise_smallest_common_cluster_size_agreement,Optimized HDBSCAN,optimized_hdbscan,ok,,0.9341591219999829,0.0,0.9341591219999829,0.9341591219999829,550,0.9976209640459848,,0.999995643268,0.5841254752851711,7374,9999,9999,2.356939192530697e-15,3.4662251463313448e-15
synthetic,gaussian_sparse-iid-n10000-d2-seed42,synthetic,gaussian_sparse,iid,10000,2,,42,False,4,50,HDBSCAN,exact_single_linkage_pairwise_smallest_common_cluster_size_agreement,ScoreSG,score_sg,ok,,2.989517286012415,0.6021669929905329,3.591684279002948,0.6021669929905329,268,0.5905189018935184,,0.999947184168,0.8061777456647399,8926,9999,9999,2.2168984013946923e-08,3.417638587930739e-08
synthetic,gaussian_sparse-iid-n10000-d2-seed42,synthetic,gaussian_sparse,iid,10000,2,,42,False,4,50,HDBSCAN,exact_single_linkage_pairwise_smallest_common_cluster_size_agreement,ScoreSG Random,score_sg_random,ok,,2.7504812910046894,0.5880597479990683,3.3385410390037578,0.5880597479990683,268,0.5905189018935184,,0.999947184168,0.8061777456647399,8926,9999,9999,2.2168984013946923e-08,3.417638587930739e-08
synthetic,gaussian_sparse-iid-n10000-d2-seed42,synthetic,gaussian_sparse,iid,10000,2,,42,False,3,50,HDBSCAN,exact_single_linkage_pairwise_smallest_common_cluster_size_agreement,HDBSCAN,hdbscan_generic,ok,,6.047924493992468,0.0,6.047924493992468,6.047924493992468,895,1.0,,1.0,1.0,9999,9999,9999,0.0,0.0
synthetic,gaussian_sparse-iid-n10000-d2-seed42,synthetic,gaussian_sparse,iid,10000,2,,42,False,3,50,HDBSCAN,exact_single_linkage_pairwise_smallest_common_cluster_size_agreement,Optimized HDBSCAN,optimized_hdbscan,ok,,1.002247347991215,0.0,1.002247347991215,1.002247347991215,895,0.9947312707319144,,0.999999678276,0.7232227488151659,8393,9999,9999,2.893316618103328e-15,4.572217131830569e-15
synthetic,gaussian_sparse-iid-n10000-d2-seed42,synthetic,gaussian_sparse,iid,10000,2,,42,False,3,50,HDBSCAN,exact_single_linkage_pairwise_smallest_common_cluster_size_agreement,ScoreSG,score_sg,ok,,2.989517286012415,0.6197758420021273,3.609293128014542,0.6197758420021273,313,0.3429907152264718,,0.99996408178,0.8206482155863074,9014,9999,9999,1.9161792238353493e-08,3.206682739515389e-08
synthetic,gaussian_sparse-iid-n10000-d2-seed42,synthetic,gaussian_sparse,iid,10000,2,,42,False,3,50,HDBSCAN,exact_single_linkage_pairwise_smallest_common_cluster_size_agreement,ScoreSG Random,score_sg_random,ok,,2.7504812910046894,0.6098024359962437,3.360283727000933,0.6098024359962437,313,0.3429907152264718,,0.99996408178,0.8206482155863074,9014,9999,9999,1.9161792238353493e-08,3.206682739515389e-08
synthetic,gaussian_sparse-iid-n10000-d2-seed42,synthetic,gaussian_sparse,iid,10000,2,,42,False,2,50,HDBSCAN,exact_single_linkage_pairwise_smallest_common_cluster_size_agreement,HDBSCAN,hdbscan_generic,ok,,6.123559815983754,0.0,6.123559815983754,6.123559815983754,1678,1.0,,1.0,1.0,9999,9999,9999,0.0,0.0
synthetic,gaussian_sparse-iid-n10000-d2-seed42,synthetic,gaussian_sparse,iid,10000,2,,42,False,2,50,HDBSCAN,exact_single_linkage_pairwise_smallest_common_cluster_size_agreement,Optimized HDBSCAN,optimized_hdbscan,ok,,1.1783956619910896,0.0,1.1783956619910896,1.1783956619910896,1678,1.0,,1.0,1.0,9999,9999,9999,4.830410796568007e-15,1.3968672527403536e-14
synthetic,gaussian_sparse-iid-n10000-d2-seed42,synthetic,gaussian_sparse,iid,10000,2,,42,False,2,50,HDBSCAN,exact_single_linkage_pairwise_smallest_common_cluster_size_agreement,ScoreSG,score_sg,ok,,2.989517286012415,0.6373160390066914,3.6268333250191054,0.6373160390066914,353,0.0807315131697525,,1.0,1.0,9999,9999,9999,8.66879862465789e-09,2.1559879534699905e-08
synthetic,gaussian_sparse-iid-n10000-d2-seed42,synthetic,gaussian_sparse,iid,10000,2,,42,False,2,50,HDBSCAN,exact_single_linkage_pairwise_smallest_common_cluster_size_agreement,ScoreSG Random,score_sg_random,ok,,2.7504812910046894,0.6159353959956206,3.36641668700031,0.6159353959956206,353,0.0807315131697525,,1.0,1.0,9999,9999,9999,8.66879862465789e-09,2.1559879534699905e-08
synthetic,gaussian_sparse-iid-n10000-d32-seed42,synthetic,gaussian_sparse,iid,10000,32,,42,False,50,50,HDBSCAN,exact_single_linkage_pairwise_smallest_common_cluster_size_agreement,HDBSCAN,hdbscan_generic,ok,,5.761447477998445,0.0,5.761447477998445,5.761447477998445,0,1.0,,1.0,1.0,9999,9999,9999,0.0,0.0
synthetic,gaussian_sparse-iid-n10000-d32-seed42,synthetic,gaussian_sparse,iid,10000,32,,42,False,50,50,HDBSCAN,exact_single_linkage_pairwise_smallest_common_cluster_size_agreement,Optimized HDBSCAN,optimized_hdbscan,ok,,4.275463827012572,0.0,4.275463827012572,4.275463827012572,0,1.0,,0.999999942384,0.0211397058823529,414,9999,9999,4.9772317239234085e-16,7.40792011047641e-16
synthetic,gaussian_sparse-iid-n10000-d32-seed42,synthetic,gaussian_sparse,iid,10000,32,,42,False,50,50,HDBSCAN,exact_single_linkage_pairwise_smallest_common_cluster_size_agreement,ScoreSG,score_sg,ok,,3.2972771269851364,1.1211988748982549e-05,3.2972883389738854,3.2972883389738854,0,1.0,,0.999014097072,0.9702463054187191,9848,9999,9999,0.0007570219240632,0.0031959541337288
synthetic,gaussian_sparse-iid-n10000-d32-seed42,synthetic,gaussian_sparse,iid,10000,32,,42,False,50,50,HDBSCAN,exact_single_linkage_pairwise_smallest_common_cluster_size_agreement,ScoreSG Random,score_sg_random,ok,,3.5012329389865045,1.0030984412878752e-05,3.5012429699709173,3.5012429699709173,0,1.0,,0.999014097072,0.9702463054187191,9848,9999,9999,0.0007570219240632,0.0031959541337288
synthetic,gaussian_sparse-iid-n10000-d32-seed42,synthetic,gaussian_sparse,iid,10000,32,,42,False,49,50,HDBSCAN,exact_single_linkage_pairwise_smallest_common_cluster_size_agreement,HDBSCAN,hdbscan_generic,ok,,5.778684571007034,0.0,5.778684571007034,5.778684571007034,0,1.0,,1.0,1.0,9999,9999,9999,0.0,0.0
synthetic,gaussian_sparse-iid-n10000-d32-seed42,synthetic,gaussian_sparse,iid,10000,32,,42,False,49,50,HDBSCAN,exact_single_linkage_pairwise_smallest_common_cluster_size_agreement,Optimized HDBSCAN,optimized_hdbscan,ok,,4.315772147994721,0.0,4.315772147994721,4.315772147994721,0,1.0,,0.999999867168,0.0212439995914615,416,9999,9999,5.03870449637571e-16,7.415706799430423e-16
synthetic,gaussian_sparse-iid-n10000-d32-seed42,synthetic,gaussian_sparse,iid,10000,32,,42,False,49,50,HDBSCAN,exact_single_linkage_pairwise_smallest_common_cluster_size_agreement,ScoreSG,score_sg,ok,,3.2972771269851364,0.5878550130000804,3.885132139985217,0.5878550130000804,0,1.0,,0.999095691996,0.9714116719242902,9854,9999,9999,0.0007112465035019,0.0030603984362823
synthetic,gaussian_sparse-iid-n10000-d32-seed42,synthetic,gaussian_sparse,iid,10000,32,,42,False,49,50,HDBSCAN,exact_single_linkage_pairwise_smallest_common_cluster_size_agreement,ScoreSG Random,score_sg_random,ok,,3.5012329389865045,0.5855430800002068,4.086776018986711,0.5855430800002068,0,1.0,,0.999095691996,0.9714116719242902,9854,9999,9999,0.0007112465035019,0.0030603984362823
synthetic,gaussian_sparse-iid-n10000-d32-seed42,synthetic,gaussian_sparse,iid,10000,32,,42,False,48,50,HDBSCAN,exact_single_linkage_pairwise_smallest_common_cluster_size_agreement,HDBSCAN,hdbscan_generic,ok,,5.789849408000009,0.0,5.789849408000009,5.789849408000009,0,1.0,,1.0,1.0,9999,9999,9999,0.0,0.0
synthetic,gaussian_sparse-iid-n10000-d32-seed42,synthetic,gaussian_sparse,iid,10000,32,,42,False,48,50,HDBSCAN,exact_single_linkage_pairwise_smallest_common_cluster_size_agreement,Optimized HDBSCAN,optimized_hdbscan,ok,,4.282268376002321,0.0,4.282268376002321,4.282268376002321,0,1.0,,0.999999882064,0.0210875670155731,413,9999,9999,4.4301393331289543e-16,6.99270446070163e-16
synthetic,gaussian_sparse-iid-n10000-d32-seed42,synthetic,gaussian_sparse,iid,10000,32,,42,False,48,50,HDBSCAN,exact_single_linkage_pairwise_smallest_common_cluster_size_agreement,ScoreSG,score_sg,ok,,3.2972771269851364,0.597651357005816,3.894928483990952,0.597651357005816,0,1.0,,0.999100023628,0.973746545598105,9866,9999,9999,0.0006796593349003,0.0029529839014263
synthetic,gaussian_sparse-iid-n10000-d32-seed42,synthetic,gaussian_sparse,iid,10000,32,,42,False,48,50,HDBSCAN,exact_single_linkage_pairwise_smallest_common_cluster_size_agreement,ScoreSG Random,score_sg_random,ok,,3.5012329389865045,0.5864314259961247,4.087664364982629,0.5864314259961247,0,1.0,,0.999100023628,0.973746545598105,9866,9999,9999,0.0006796593349003,0.0029529839014263
synthetic,gaussian_sparse-iid-n10000-d32-seed42,synthetic,gaussian_sparse,iid,10000,32,,42,False,47,50,HDBSCAN,exact_single_linkage_pairwise_smallest_common_cluster_size_agreement,HDBSCAN,hdbscan_generic,ok,,5.797755240986589,0.0,5.797755240986589,5.797755240986589,0,1.0,,1.0,1.0,9999,9999,9999,0.0,0.0
synthetic,gaussian_sparse-iid-n10000-d32-seed42,synthetic,gaussian_sparse,iid,10000,32,,42,False,47,50,HDBSCAN,exact_single_linkage_pairwise_smallest_common_cluster_size_agreement,Optimized HDBSCAN,optimized_hdbscan,ok,,4.2692550670180935,0.0,4.2692550670180935,4.2692550670180935,0,1.0,,0.99999981848,0.0212439995914615,416,9999,9999,5.230858481406988e-16,7.679514168636085e-16
synthetic,gaussian_sparse-iid-n10000-d32-seed42,synthetic,gaussian_sparse,iid,10000,32,,42,False,47,50,HDBSCAN,exact_single_linkage_pairwise_smallest_common_cluster_size_agreement,ScoreSG,score_sg,ok,,3.2972771269851364,0.6019987830077298,3.899275909992866,0.6019987830077298,0,1.0,,0.99908644158,0.9725784178338924,9860,9999,9999,0.000683072222961,0.0030580289099885
synthetic,gaussian_sparse-iid-n10000-d32-seed42,synthetic,gaussian_sparse,iid,10000,32,,42,False,47,50,HDBSCAN,exact_single_linkage_pairwise_smallest_common_cluster_size_agreement,ScoreSG Random,score_sg_random,ok,,3.5012329389865045,0.6057955869764555,4.10702852596296,0.6057955869764555,0,1.0,,0.99908644158,0.9725784178338924,9860,9999,9999,0.000683072222961,0.0030580289099885
synthetic,gaussian_sparse-iid-n10000-d32-seed42,synthetic,gaussian_sparse,iid,10000,32,,42,False,46,50,HDBSCAN,exact_single_linkage_pairwise_smallest_common_cluster_size_agreement,HDBSCAN,hdbscan_generic,ok,,5.7840702389949,0.0,5.7840702389949,5.7840702389949,0,1.0,,1.0,1.0,9999,9999,9999,0.0,0.0
synthetic,gaussian_sparse-iid-n10000-d32-seed42,synthetic,gaussian_sparse,iid,10000,32,,42,False,46,50,HDBSCAN,exact_single_linkage_pairwise_smallest_common_cluster_size_agreement,Optimized HDBSCAN,optimized_hdbscan,ok,,4.270284355996409,0.0,4.270284355996409,4.270284355996409,0,1.0,,0.999999975132,0.0214004801062362,419,9999,9999,4.854244823659396e-16,7.401840115330455e-16
synthetic,gaussian_sparse-iid-n10000-d32-seed42,synthetic,gaussian_sparse,iid,10000,32,,42,False,46,50,HDBSCAN,exact_single_linkage_pairwise_smallest_common_cluster_size_agreement,ScoreSG,score_sg,ok,,3.2972771269851364,0.6029065720213111,3.900183699006448,0.6029065720213111,0,1.0,,0.999086673392,0.9686946249261664,9840,9999,9999,0.0006899224425339,0.0031692977203856
synthetic,gaussian_sparse-iid-n10000-d32-seed42,synthetic,gaussian_sparse,iid,10000,32,,42,False,46,50,HDBSCAN,exact_single_linkage_pairwise_smallest_common_cluster_size_agreement,ScoreSG Random,score_sg_random,ok,,3.5012329389865045,0.5851058489934076,4.086338787979912,0.5851058489934076,0,1.0,,0.999086673392,0.9686946249261664,9840,9999,9999,0.0006899224425339,0.0031692977203856
synthetic,gaussian_sparse-iid-n10000-d32-seed42,synthetic,gaussian_sparse,iid,10000,32,,42,False,45,50,HDBSCAN,exact_single_linkage_pairwise_smallest_common_cluster_size_agreement,HDBSCAN,hdbscan_generic,ok,,5.775107800989645,0.0,5.775107800989645,5.775107800989645,0,1.0,,1.0,1.0,9999,9999,9999,0.0,0.0
synthetic,gaussian_sparse-iid-n10000-d32-seed42,synthetic,gaussian_sparse,iid,10000,32,,42,False,45,50,HDBSCAN,exact_single_linkage_pairwise_smallest_common_cluster_size_agreement,Optimized HDBSCAN,optimized_hdbscan,ok,,4.302923674986232,0.0,4.302923674986232,4.302923674986232,0,1.0,,0.999999895904,0.0214004801062362,419,9999,9999,4.939035126256066e-16,7.376360383555301e-16
synthetic,gaussian_sparse-iid-n10000-d32-seed42,synthetic,gaussian_sparse,iid,10000,32,,42,False,45,50,HDBSCAN,exact_single_linkage_pairwise_smallest_common_cluster_size_agreement,ScoreSG,score_sg,ok,,3.2972771269851364,0.5969590019958559,3.894236128980992,0.5969590019958559,0,1.0,,0.999096553244,0.9716060337178348,9855,9999,9999,0.0006778751077798,0.0030942168506536
synthetic,gaussian_sparse-iid-n10000-d32-seed42,synthetic,gaussian_sparse,iid,10000,32,,42,False,45,50,HDBSCAN,exact_single_linkage_pairwise_smallest_common_cluster_size_agreement,ScoreSG Random,score_sg_random,ok,,3.5012329389865045,0.5982742269989103,4.099507165985415,0.5982742269989103,0,1.0,,0.999096553244,0.9716060337178348,9855,9999,9999,0.0006778751077798,0.0030942168506536
synthetic,gaussian_sparse-iid-n10000-d32-seed42,synthetic,gaussian_sparse,iid,10000,32,,42,False,44,50,HDBSCAN,exact_single_linkage_pairwise_smallest_common_cluster_size_agreement,HDBSCAN,hdbscan_generic,ok,,5.768333582993364,0.0,5.768333582993364,5.768333582993364,0,1.0,,1.0,1.0,9999,9999,9999,0.0,0.0
synthetic,gaussian_sparse-iid-n10000-d32-seed42,synthetic,gaussian_sparse,iid,10000,32,,42,False,44,50,HDBSCAN,exact_single_linkage_pairwise_smallest_common_cluster_size_agreement,Optimized HDBSCAN,optimized_hdbscan,ok,,4.275846692995401,0.0,4.275846692995401,4.275846692995401,0,1.0,,0.999999882632,0.0217135850406171,425,9999,9999,5.349968833958401e-16,7.873702206321973e-16
synthetic,gaussian_sparse-iid-n10000-d32-seed42,synthetic,gaussian_sparse,iid,10000,32,,42,False,44,50,HDBSCAN,exact_single_linkage_pairwise_smallest_common_cluster_size_agreement,ScoreSG,score_sg,ok,,3.2972771269851364,0.5887882770039141,3.8860654039890505,0.5887882770039141,0,1.0,,0.999130255304,0.9688884513143644,9841,9999,9999,0.000650445201638,0.0030071293050233
synthetic,gaussian_sparse-iid-n10000-d32-seed42,synthetic,gaussian_sparse,iid,10000,32,,42,False,44,50,HDBSCAN,exact_single_linkage_pairwise_smallest_common_cluster_size_agreement,ScoreSG Random,score_sg_random,ok,,3.5012329389865045,0.5948467020061798,4.096079640992684,0.5948467020061798,0,1.0,,0.999130255304,0.9688884513143644,9841,9999,9999,0.000650445201638,0.0030071293050233
synthetic,gaussian_sparse-iid-n10000-d32-seed42,synthetic,gaussian_sparse,iid,10000,32,,42,False,43,50,HDBSCAN,exact_single_linkage_pairwise_smallest_common_cluster_size_agreement,HDBSCAN,hdbscan_generic,ok,,5.792422919010278,0.0,5.792422919010278,5.792422919010278,0,1.0,,1.0,1.0,9999,9999,9999,0.0,0.0
synthetic,gaussian_sparse-iid-n10000-d32-seed42,synthetic,gaussian_sparse,iid,10000,32,,42,False,43,50,HDBSCAN,exact_single_linkage_pairwise_smallest_common_cluster_size_agreement,Optimized HDBSCAN,optimized_hdbscan,ok,,4.269502973009367,0.0,4.269502973009367,4.269502973009367,0,1.0,,0.999999806204,0.0172957574524366,340,9999,9999,5.485807886383128e-16,7.885480376266226e-16
synthetic,gaussian_sparse-iid-n10000-d32-seed42,synthetic,gaussian_sparse,iid,10000,32,,42,False,43,50,HDBSCAN,exact_single_linkage_pairwise_smallest_common_cluster_size_agreement,ScoreSG,score_sg,ok,,3.2972771269851364,0.604474952997407,3.901752079982544,0.604474952997407,0,1.0,,0.99911123786,0.9692762186115216,9843,9999,9999,0.0006637401075565,0.0031968706883182
synthetic,gaussian_sparse-iid-n10000-d32-seed42,synthetic,gaussian_sparse,iid,10000,32,,42,False,43,50,HDBSCAN,exact_single_linkage_pairwise_smallest_common_cluster_size_agreement,ScoreSG Random,score_sg_random,ok,,3.5012329389865045,0.6256252530147322,4.126858192001237,0.6256252530147322,0,1.0,,0.99911123786,0.9692762186115216,9843,9999,9999,0.0006637401075565,0.0031968706883182
synthetic,gaussian_sparse-iid-n10000-d32-seed42,synthetic,gaussian_sparse,iid,10000,32,,42,False,42,50,HDBSCAN,exact_single_linkage_pairwise_smallest_common_cluster_size_agreement,HDBSCAN,hdbscan_generic,ok,,5.791720349981915,0.0,5.791720349981915,5.791720349981915,0,1.0,,1.0,1.0,9999,9999,9999,0.0,0.0
synthetic,gaussian_sparse-iid-n10000-d32-seed42,synthetic,gaussian_sparse,iid,10000,32,,42,False,42,50,HDBSCAN,exact_single_linkage_pairwise_smallest_common_cluster_size_agreement,Optimized HDBSCAN,optimized_hdbscan,ok,,4.249974556005327,0.0,4.249974556005327,4.249974556005327,0,1.0,,0.999999875124,0.0178135179153094,350,9999,9999,5.176811360537873e-16,7.476391499624687e-16
synthetic,gaussian_sparse-iid-n10000-d32-seed42,synthetic,gaussian_sparse,iid,10000,32,,42,False,42,50,HDBSCAN,exact_single_linkage_pairwise_smallest_common_cluster_size_agreement,ScoreSG,score_sg,ok,,3.2972771269851364,0.6000048610148951,3.897281988000032,0.6000048610148951,0,1.0,,0.999183034252,0.966951903216288,9831,9999,9999,0.0006074293070363,0.002967114741117
synthetic,gaussian_sparse-iid-n10000-d32-seed42,synthetic,gaussian_sparse,iid,10000,32,,42,False,42,50,HDBSCAN,exact_single_linkage_pairwise_smallest_common_cluster_size_agreement,ScoreSG Random,score_sg_random,ok,,3.5012329389865045,0.6213295860216022,4.122562525008107,0.6213295860216022,0,1.0,,0.999183034252,0.966951903216288,9831,9999,9999,0.0006074293070363,0.002967114741117
synthetic,gaussian_sparse-iid-n10000-d32-seed42,synthetic,gaussian_sparse,iid,10000,32,,42,False,41,50,HDBSCAN,exact_single_linkage_pairwise_smallest_common_cluster_size_agreement,HDBSCAN,hdbscan_generic,ok,,5.736601043987321,0.0,5.736601043987321,5.736601043987321,0,1.0,,1.0,1.0,9999,9999,9999,0.0,0.0
synthetic,gaussian_sparse-iid-n10000-d32-seed42,synthetic,gaussian_sparse,iid,10000,32,,42,False,41,50,HDBSCAN,exact_single_linkage_pairwise_smallest_common_cluster_size_agreement,Optimized HDBSCAN,optimized_hdbscan,ok,,4.345357190002687,0.0,4.345357190002687,4.345357190002687,0,1.0,,0.99999989988,0.0180725958356666,355,9999,9999,5.379108739028927e-16,7.673773515500851e-16
synthetic,gaussian_sparse-iid-n10000-d32-seed42,synthetic,gaussian_sparse,iid,10000,32,,42,False,41,50,HDBSCAN,exact_single_linkage_pairwise_smallest_common_cluster_size_agreement,ScoreSG,score_sg,ok,,3.2972771269851364,0.5999235839990433,3.89720071098418,0.5999235839990433,0,1.0,,0.99917672104,0.9718004338394792,9856,9999,9999,0.0006098194783783,0.0029630818963099
synthetic,gaussian_sparse-iid-n10000-d32-seed42,synthetic,gaussian_sparse,iid,10000,32,,42,False,41,50,HDBSCAN,exact_single_linkage_pairwise_smallest_common_cluster_size_agreement,ScoreSG Random,score_sg_random,ok,,3.5012329389865045,0.6227331619884353,4.12396610097494,0.6227331619884353,0,1.0,,0.99917672104,0.9718004338394792,9856,9999,9999,0.0006098194783783,0.0029630818963099
synthetic,gaussian_sparse-iid-n10000-d32-seed42,synthetic,gaussian_sparse,iid,10000,32,,42,False,40,50,HDBSCAN,exact_single_linkage_pairwise_smallest_common_cluster_size_agreement,HDBSCAN,hdbscan_generic,ok,,5.816526356997201,0.0,5.816526356997201,5.816526356997201,0,1.0,,1.0,1.0,9999,9999,9999,0.0,0.0
synthetic,gaussian_sparse-iid-n10000-d32-seed42,synthetic,gaussian_sparse,iid,10000,32,,42,False,40,50,HDBSCAN,exact_single_linkage_pairwise_smallest_common_cluster_size_agreement,Optimized HDBSCAN,optimized_hdbscan,ok,,4.24800432700431,0.0,4.24800432700431,4.24800432700431,0,1.0,,0.999999826196,0.0183836634923868,361,9999,9999,5.117482307413464e-16,7.624079814396297e-16
synthetic,gaussian_sparse-iid-n10000-d32-seed42,synthetic,gaussian_sparse,iid,10000,32,,42,False,40,50,HDBSCAN,exact_single_linkage_pairwise_smallest_common_cluster_size_agreement,ScoreSG,score_sg,ok,,3.2972771269851364,0.6284778959816322,3.9257550229667686,0.6284778959816322,0,1.0,,0.999155811388,0.9698581560283688,9846,9999,9999,0.0005881479160767,0.0029155495780152
synthetic,gaussian_sparse-iid-n10000-d32-seed42,synthetic,gaussian_sparse,iid,10000,32,,42,False,40,50,HDBSCAN,exact_single_linkage_pairwise_smallest_common_cluster_size_agreement,ScoreSG Random,score_sg_random,ok,,3.5012329389865045,0.6100539569742978,4.111286895960802,0.6100539569742978,0,1.0,,0.999155811388,0.9698581560283688,9846,9999,9999,0.0005881479160767,0.0029155495780152
synthetic,gaussian_sparse-iid-n10000-d32-seed42,synthetic,gaussian_sparse,iid,10000,32,,42,False,39,50,HDBSCAN,exact_single_linkage_pairwise_smallest_common_cluster_size_agreement,HDBSCAN,hdbscan_generic,ok,,5.855404227011604,0.0,5.855404227011604,5.855404227011604,0,1.0,,1.0,1.0,9999,9999,9999,0.0,0.0
synthetic,gaussian_sparse-iid-n10000-d32-seed42,synthetic,gaussian_sparse,iid,10000,32,,42,False,39,50,HDBSCAN,exact_single_linkage_pairwise_smallest_common_cluster_size_agreement,Optimized HDBSCAN,optimized_hdbscan,ok,,4.2654044259979855,0.0,4.2654044259979855,4.2654044259979855,0,1.0,,0.999999832076,0.0183318056828597,360,9999,9999,4.9836677994284815e-16,7.342036174665886e-16
synthetic,gaussian_sparse-iid-n10000-d32-seed42,synthetic,gaussian_sparse,iid,10000,32,,42,False,39,50,HDBSCAN,exact_single_linkage_pairwise_smallest_common_cluster_size_agreement,ScoreSG,score_sg,ok,,3.2972771269851364,0.672068372979993,3.9693454999651294,0.672068372979993,0,1.0,,0.999229092176,0.9716060337178348,9855,9999,9999,0.0005530953609023,0.0028567882140832
synthetic,gaussian_sparse-iid-n10000-d32-seed42,synthetic,gaussian_sparse,iid,10000,32,,42,False,39,50,HDBSCAN,exact_single_linkage_pairwise_smallest_common_cluster_size_agreement,ScoreSG Random,score_sg_random,ok,,3.5012329389865045,0.7206425890035462,4.221875527990051,0.7206425890035462,0,1.0,,0.999229092176,0.9716060337178348,9855,9999,9999,0.0005530953609023,0.0028567882140832
synthetic,gaussian_sparse-iid-n10000-d32-seed42,synthetic,gaussian_sparse,iid,10000,32,,42,False,38,50,HDBSCAN,exact_single_linkage_pairwise_smallest_common_cluster_size_agreement,HDBSCAN,hdbscan_generic,ok,,6.691260166000575,0.0,6.691260166000575,6.691260166000575,0,1.0,,1.0,1.0,9999,9999,9999,0.0,0.0
synthetic,gaussian_sparse-iid-n10000-d32-seed42,synthetic,gaussian_sparse,iid,10000,32,,42,False,38,50,HDBSCAN,exact_single_linkage_pairwise_smallest_common_cluster_size_agreement,Optimized HDBSCAN,optimized_hdbscan,ok,,5.262796686991351,0.0,5.262796686991351,5.262796686991351,0,1.0,,0.999999906372,0.0185911475576834,365,9999,9999,4.842397411515751e-16,7.3359009382182385e-16
synthetic,gaussian_sparse-iid-n10000-d32-seed42,synthetic,gaussian_sparse,iid,10000,32,,42,False,38,50,HDBSCAN,exact_single_linkage_pairwise_smallest_common_cluster_size_agreement,ScoreSG,score_sg,ok,,3.2972771269851364,0.6896716860064771,3.9869488129916135,0.6896716860064771,0,1.0,,0.99925046136,0.9685008366965252,9839,9999,9999,0.0005476798319488,0.0028823758733976
synthetic,gaussian_sparse-iid-n10000-d32-seed42,synthetic,gaussian_sparse,iid,10000,32,,42,False,38,50,HDBSCAN,exact_single_linkage_pairwise_smallest_common_cluster_size_agreement,ScoreSG Random,score_sg_random,ok,,3.5012329389865045,0.7109052570012864,4.212138195987791,0.7109052570012864,0,1.0,,0.99925046136,0.9685008366965252,9839,9999,9999,0.0005476798319488,0.0028823758733976
synthetic,gaussian_sparse-iid-n10000-d32-seed42,synthetic,gaussian_sparse,iid,10000,32,,42,False,37,50,HDBSCAN,exact_single_linkage_pairwise_smallest_common_cluster_size_agreement,HDBSCAN,hdbscan_generic,ok,,6.724456305004424,0.0,6.724456305004424,6.724456305004424,0,1.0,,1.0,1.0,9999,9999,9999,0.0,0.0
synthetic,gaussian_sparse-iid-n10000-d32-seed42,synthetic,gaussian_sparse,iid,10000,32,,42,False,37,50,HDBSCAN,exact_single_linkage_pairwise_smallest_common_cluster_size_agreement,Optimized HDBSCAN,optimized_hdbscan,ok,,4.493053209007485,0.0,4.493053209007485,4.493053209007485,0,1.0,,0.999999864968,0.0192141073339789,377,9999,9999,5.748422663311156e-16,8.157237398706414e-16
synthetic,gaussian_sparse-iid-n10000-d32-seed42,synthetic,gaussian_sparse,iid,10000,32,,42,False,37,50,HDBSCAN,exact_single_linkage_pairwise_smallest_common_cluster_size_agreement,ScoreSG,score_sg,ok,,3.2972771269851364,0.6635177779826336,3.96079490496777,0.6635177779826336,0,1.0,,0.999301034628,0.9694701595430372,9844,9999,9999,0.0004958658001796,0.0027175440911855
synthetic,gaussian_sparse-iid-n10000-d32-seed42,synthetic,gaussian_sparse,iid,10000,32,,42,False,37,50,HDBSCAN,exact_single_linkage_pairwise_smallest_common_cluster_size_agreement,ScoreSG Random,score_sg_random,ok,,3.5012329389865045,0.7584578169917222,4.259690755978227,0.7584578169917222,0,1.0,,0.999301034628,0.9694701595430372,9844,9999,9999,0.0004958658001796,0.0027175440911855
synthetic,gaussian_sparse-iid-n10000-d32-seed42,synthetic,gaussian_sparse,iid,10000,32,,42,False,36,50,HDBSCAN,exact_single_linkage_pairwise_smallest_common_cluster_size_agreement,HDBSCAN,hdbscan_generic,ok,,6.182897388993297,0.0,6.182897388993297,6.182897388993297,0,1.0,,1.0,1.0,9999,9999,9999,0.0,0.0
synthetic,gaussian_sparse-iid-n10000-d32-seed42,synthetic,gaussian_sparse,iid,10000,32,,42,False,36,50,HDBSCAN,exact_single_linkage_pairwise_smallest_common_cluster_size_agreement,Optimized HDBSCAN,optimized_hdbscan,ok,,4.837510054989252,0.0,4.837510054989252,4.837510054989252,0,1.0,,0.999999886644,0.0254858725193579,497,9999,9999,4.557052253994608e-16,7.160169174883726e-16
synthetic,gaussian_sparse-iid-n10000-d32-seed42,synthetic,gaussian_sparse,iid,10000,32,,42,False,36,50,HDBSCAN,exact_single_linkage_pairwise_smallest_common_cluster_size_agreement,ScoreSG,score_sg,ok,,3.2972771269851364,0.6811024500057101,3.978379576990847,0.6811024500057101,0,1.0,,0.999298592224,0.9692762186115216,9843,9999,9999,0.0004838372571845,0.0027671188966536
synthetic,gaussian_sparse-iid-n10000-d32-seed42,synthetic,gaussian_sparse,iid,10000,32,,42,False,36,50,HDBSCAN,exact_single_linkage_pairwise_smallest_common_cluster_size_agreement,ScoreSG Random,score_sg_random,ok,,3.5012329389865045,0.6460190960206091,4.147252035007114,0.6460190960206091,0,1.0,,0.999298592224,0.9692762186115216,9843,9999,9999,0.0004838372571845,0.0027671188966536
synthetic,gaussian_sparse-iid-n10000-d32-seed42,synthetic,gaussian_sparse,iid,10000,32,,42,False,35,50,HDBSCAN,exact_single_linkage_pairwise_smallest_common_cluster_size_agreement,HDBSCAN,hdbscan_generic,ok,,5.916932355990866,0.0,5.916932355990866,5.916932355990866,0,1.0,,1.0,1.0,9999,9999,9999,0.0,0.0
synthetic,gaussian_sparse-iid-n10000-d32-seed42,synthetic,gaussian_sparse,iid,10000,32,,42,False,35,50,HDBSCAN,exact_single_linkage_pairwise_smallest_common_cluster_size_agreement,Optimized HDBSCAN,optimized_hdbscan,ok,,4.518778034980642,0.0,4.518778034980642,4.518778034980642,0,1.0,,0.9999998916,0.0259067357512953,505,9999,9999,4.924553614178914e-16,7.287758728320164e-16
synthetic,gaussian_sparse-iid-n10000-d32-seed42,synthetic,gaussian_sparse,iid,10000,32,,42,False,35,50,HDBSCAN,exact_single_linkage_pairwise_smallest_common_cluster_size_agreement,ScoreSG,score_sg,ok,,3.2972771269851364,0.6391126750095282,3.9363898019946646,0.6391126750095282,0,1.0,,0.999329925756,0.9628975265017669,9810,9999,9999,0.0004615809917808,0.0025975687614669
synthetic,gaussian_sparse-iid-n10000-d32-seed42,synthetic,gaussian_sparse,iid,10000,32,,42,False,35,50,HDBSCAN,exact_single_linkage_pairwise_smallest_common_cluster_size_agreement,ScoreSG Random,score_sg_random,ok,,3.5012329389865045,0.6336665429989807,4.134899481985485,0.6336665429989807,0,1.0,,0.999329925756,0.9628975265017669,9810,9999,9999,0.0004615809917808,0.0025975687614669
synthetic,gaussian_sparse-iid-n10000-d32-seed42,synthetic,gaussian_sparse,iid,10000,32,,42,False,34,50,HDBSCAN,exact_single_linkage_pairwise_smallest_common_cluster_size_agreement,HDBSCAN,hdbscan_generic,ok,,5.9314009659865405,0.0,5.9314009659865405,5.9314009659865405,0,1.0,,1.0,1.0,9999,9999,9999,0.0,0.0
synthetic,gaussian_sparse-iid-n10000-d32-seed42,synthetic,gaussian_sparse,iid,10000,32,,42,False,34,50,HDBSCAN,exact_single_linkage_pairwise_smallest_common_cluster_size_agreement,Optimized HDBSCAN,optimized_hdbscan,ok,,4.468647697009146,0.0,4.468647697009146,4.468647697009146,0,1.0,,0.999999930376,0.0261172969367335,509,9999,9999,5.234843338114687e-16,7.613373335564941e-16
synthetic,gaussian_sparse-iid-n10000-d32-seed42,synthetic,gaussian_sparse,iid,10000,32,,42,False,34,50,HDBSCAN,exact_single_linkage_pairwise_smallest_common_cluster_size_agreement,ScoreSG,score_sg,ok,,3.2972771269851364,0.6434105320076924,3.940687658992829,0.6434105320076924,0,1.0,,0.999354087548,0.9655985846274818,9824,9999,9999,0.0004630054492867,0.0028746005666348
synthetic,gaussian_sparse-iid-n10000-d32-seed42,synthetic,gaussian_sparse,iid,10000,32,,42,False,34,50,HDBSCAN,exact_single_linkage_pairwise_smallest_common_cluster_size_agreement,ScoreSG Random,score_sg_random,ok,,3.5012329389865045,0.6260922760120593,4.127325214998564,0.6260922760120593,0,1.0,,0.999354087548,0.9655985846274818,9824,9999,9999,0.0004630054492867,0.0028746005666348
synthetic,gaussian_sparse-iid-n10000-d32-seed42,synthetic,gaussian_sparse,iid,10000,32,,42,False,33,50,HDBSCAN,exact_single_linkage_pairwise_smallest_common_cluster_size_agreement,HDBSCAN,hdbscan_generic,ok,,5.956838045007316,0.0,5.956838045007316,5.956838045007316,0,1.0,,1.0,1.0,9999,9999,9999,0.0,0.0
synthetic,gaussian_sparse-iid-n10000-d32-seed42,synthetic,gaussian_sparse,iid,10000,32,,42,False,33,50,HDBSCAN,exact_single_linkage_pairwise_smallest_common_cluster_size_agreement,Optimized HDBSCAN,optimized_hdbscan,ok,,4.531444693013327,0.0,4.531444693013327,4.531444693013327,0,1.0,,0.999999876128,0.0261172969367335,509,9999,9999,5.025449604590099e-16,7.57255066422369e-16
synthetic,gaussian_sparse-iid-n10000-d32-seed42,synthetic,gaussian_sparse,iid,10000,32,,42,False,33,50,HDBSCAN,exact_single_linkage_pairwise_smallest_common_cluster_size_agreement,ScoreSG,score_sg,ok,,3.2972771269851364,0.6477296320081223,3.9450067589932583,0.6477296320081223,0,1.0,,0.9993154068,0.9665650506441144,9829,9999,9999,0.0004736172908135,0.0029426993209073
synthetic,gaussian_sparse-iid-n10000-d32-seed42,synthetic,gaussian_sparse,iid,10000,32,,42,False,33,50,HDBSCAN,exact_single_linkage_pairwise_smallest_common_cluster_size_agreement,ScoreSG Random,score_sg_random,ok,,3.5012329389865045,0.6419784009922296,4.143211339978734,0.6419784009922296,0,1.0,,0.9993154068,0.9665650506441144,9829,9999,9999,0.0004736172908135,0.0029426993209073
synthetic,gaussian_sparse-iid-n10000-d32-seed42,synthetic,gaussian_sparse,iid,10000,32,,42,False,32,50,HDBSCAN,exact_single_linkage_pairwise_smallest_common_cluster_size_agreement,HDBSCAN,hdbscan_generic,ok,,5.949230755009921,0.0,5.949230755009921,5.949230755009921,0,1.0,,1.0,1.0,9999,9999,9999,0.0,0.0
synthetic,gaussian_sparse-iid-n10000-d32-seed42,synthetic,gaussian_sparse,iid,10000,32,,42,False,32,50,HDBSCAN,exact_single_linkage_pairwise_smallest_common_cluster_size_agreement,Optimized HDBSCAN,optimized_hdbscan,ok,,4.351597485976527,0.0,4.351597485976527,4.351597485976527,0,1.0,,0.999999909252,0.0265913757700205,518,9999,9999,5.486816492355986e-16,8.073413963018446e-16
synthetic,gaussian_sparse-iid-n10000-d32-seed42,synthetic,gaussian_sparse,iid,10000,32,,42,False,32,50,HDBSCAN,exact_single_linkage_pairwise_smallest_common_cluster_size_agreement,ScoreSG,score_sg,ok,,3.2972771269851364,0.6459645600116346,3.943241686996771,0.6459645600116346,0,1.0,,0.999408373696,0.9661783502113852,9827,9999,9999,0.0004241508318464,0.0027106085070464
synthetic,gaussian_sparse-iid-n10000-d32-seed42,synthetic,gaussian_sparse,iid,10000,32,,42,False,32,50,HDBSCAN,exact_single_linkage_pairwise_smallest_common_cluster_size_agreement,ScoreSG Random,score_sg_random,ok,,3.5012329389865045,0.6311623270157725,4.132395266002277,0.6311623270157725,0,1.0,,0.999408373696,0.9661783502113852,9827,9999,9999,0.0004241508318464,0.0027106085070464
synthetic,gaussian_sparse-iid-n10000-d32-seed42,synthetic,gaussian_sparse,iid,10000,32,,42,False,31,50,HDBSCAN,exact_single_linkage_pairwise_smallest_common_cluster_size_agreement,HDBSCAN,hdbscan_generic,ok,,5.977144339005463,0.0,5.977144339005463,5.977144339005463,0,1.0,,1.0,1.0,9999,9999,9999,0.0,0.0
synthetic,gaussian_sparse-iid-n10000-d32-seed42,synthetic,gaussian_sparse,iid,10000,32,,42,False,31,50,HDBSCAN,exact_single_linkage_pairwise_smallest_common_cluster_size_agreement,Optimized HDBSCAN,optimized_hdbscan,ok,,4.526237957004923,0.0,4.526237957004923,4.526237957004923,0,1.0,,0.999999875164,0.0268022181146025,522,9999,9999,4.900294729380001e-16,7.210148119118097e-16
synthetic,gaussian_sparse-iid-n10000-d32-seed42,synthetic,gaussian_sparse,iid,10000,32,,42,False,31,50,HDBSCAN,exact_single_linkage_pairwise_smallest_common_cluster_size_agreement,ScoreSG,score_sg,ok,,3.2972771269851364,0.6505182920082007,3.947795418993337,0.6505182920082007,0,1.0,,0.999421688104,0.9642471270012768,9817,9999,9999,0.0004041186002748,0.002563122045295
synthetic,gaussian_sparse-iid-n10000-d32-seed42,synthetic,gaussian_sparse,iid,10000,32,,42,False,31,50,HDBSCAN,exact_single_linkage_pairwise_smallest_common_cluster_size_agreement,ScoreSG Random,score_sg_random,ok,,3.5012329389865045,0.643603600008646,4.144836538995151,0.643603600008646,0,1.0,,0.999421688104,0.9642471270012768,9817,9999,9999,0.0004041186002748,0.002563122045295
synthetic,gaussian_sparse-iid-n10000-d32-seed42,synthetic,gaussian_sparse,iid,10000,32,,42,False,30,50,HDBSCAN,exact_single_linkage_pairwise_smallest_common_cluster_size_agreement,HDBSCAN,hdbscan_generic,ok,,5.933053104003193,0.0,5.933053104003193,5.933053104003193,0,1.0,,1.0,1.0,9999,9999,9999,0.0,0.0
synthetic,gaussian_sparse-iid-n10000-d32-seed42,synthetic,gaussian_sparse,iid,10000,32,,42,False,30,50,HDBSCAN,exact_single_linkage_pairwise_smallest_common_cluster_size_agreement,Optimized HDBSCAN,optimized_hdbscan,ok,,4.3740363830002025,0.0,4.3740363830002025,4.3740363830002025,0,1.0,,0.9999998237,0.0273824813768302,533,9999,9999,5.365730790683684e-16,7.655687636221827e-16
synthetic,gaussian_sparse-iid-n10000-d32-seed42,synthetic,gaussian_sparse,iid,10000,32,,42,False,30,50,HDBSCAN,exact_single_linkage_pairwise_smallest_common_cluster_size_agreement,ScoreSG,score_sg,ok,,3.2972771269851364,0.6586610930098686,3.955938219995005,0.6586610930098686,0,1.0,,0.99945496676,0.9638613375233231,9815,9999,9999,0.0004121565720308,0.0027261692142753
synthetic,gaussian_sparse-iid-n10000-d32-seed42,synthetic,gaussian_sparse,iid,10000,32,,42,False,30,50,HDBSCAN,exact_single_linkage_pairwise_smallest_common_cluster_size_agreement,ScoreSG Random,score_sg_random,ok,,3.5012329389865045,0.6490116610075347,4.150244599994039,0.6490116610075347,0,1.0,,0.99945496676,0.9638613375233231,9815,9999,9999,0.0004121565720308,0.0027261692142753
synthetic,gaussian_sparse-iid-n10000-d32-seed42,synthetic,gaussian_sparse,iid,10000,32,,42,False,29,50,HDBSCAN,exact_single_linkage_pairwise_smallest_common_cluster_size_agreement,HDBSCAN,hdbscan_generic,ok,,5.9325507930188905,0.0,5.9325507930188905,5.9325507930188905,0,1.0,,1.0,1.0,9999,9999,9999,0.0,0.0
synthetic,gaussian_sparse-iid-n10000-d32-seed42,synthetic,gaussian_sparse,iid,10000,32,,42,False,29,50,HDBSCAN,exact_single_linkage_pairwise_smallest_common_cluster_size_agreement,Optimized HDBSCAN,optimized_hdbscan,ok,,4.550531421991764,0.0,4.550531421991764,4.550531421991764,0,1.0,,0.999999884216,0.0233867253467069,457,9999,9999,5.305748546567487e-16,7.937587924434811e-16
synthetic,gaussian_sparse-iid-n10000-d32-seed42,synthetic,gaussian_sparse,iid,10000,32,,42,False,29,50,HDBSCAN,exact_single_linkage_pairwise_smallest_common_cluster_size_agreement,ScoreSG,score_sg,ok,,3.2972771269851364,0.6562960099836346,3.953573136968771,0.6562960099836346,0,1.0,,0.999469392448,0.9634756995581738,9813,9999,9999,0.0003875155624477,0.0026543761442035
synthetic,gaussian_sparse-iid-n10000-d32-seed42,synthetic,gaussian_sparse,iid,10000,32,,42,False,29,50,HDBSCAN,exact_single_linkage_pairwise_smallest_common_cluster_size_agreement,ScoreSG Random,score_sg_random,ok,,3.5012329389865045,0.6524541190010495,4.153687057987554,0.6524541190010495,0,1.0,,0.999469392448,0.9634756995581738,9813,9999,9999,0.0003875155624477,0.0026543761442035
synthetic,gaussian_sparse-iid-n10000-d32-seed42,synthetic,gaussian_sparse,iid,10000,32,,42,False,28,50,HDBSCAN,exact_single_linkage_pairwise_smallest_common_cluster_size_agreement,HDBSCAN,hdbscan_generic,ok,,5.923538036004175,0.0,5.923538036004175,5.923538036004175,0,1.0,,1.0,1.0,9999,9999,9999,0.0,0.0
synthetic,gaussian_sparse-iid-n10000-d32-seed42,synthetic,gaussian_sparse,iid,10000,32,,42,False,28,50,HDBSCAN,exact_single_linkage_pairwise_smallest_common_cluster_size_agreement,Optimized HDBSCAN,optimized_hdbscan,ok,,4.447088330984116,0.0,4.447088330984116,4.447088330984116,0,1.0,,0.99999984812,0.024172897674895,472,9999,9999,5.024229619913844e-16,7.437778048187551e-16
synthetic,gaussian_sparse-iid-n10000-d32-seed42,synthetic,gaussian_sparse,iid,10000,32,,42,False,28,50,HDBSCAN,exact_single_linkage_pairwise_smallest_common_cluster_size_agreement,ScoreSG,score_sg,ok,,3.2972771269851364,0.6753108350094408,3.972587961994577,0.6753108350094408,0,1.0,,0.999485495948,0.9580926270439636,9785,9999,9999,0.0003729254278716,0.0026957619831261
synthetic,gaussian_sparse-iid-n10000-d32-seed42,synthetic,gaussian_sparse,iid,10000,32,,42,False,28,50,HDBSCAN,exact_single_linkage_pairwise_smallest_common_cluster_size_agreement,ScoreSG Random,score_sg_random,ok,,3.5012329389865045,0.6575756240054034,4.158808562991908,0.6575756240054034,0,1.0,,0.999485495948,0.9580926270439636,9785,9999,9999,0.0003729254278716,0.0026957619831261
synthetic,gaussian_sparse-iid-n10000-d32-seed42,synthetic,gaussian_sparse,iid,10000,32,,42,False,27,50,HDBSCAN,exact_single_linkage_pairwise_smallest_common_cluster_size_agreement,HDBSCAN,hdbscan_generic,ok,,5.95992079001735,0.0,5.95992079001735,5.95992079001735,0,1.0,,1.0,1.0,9999,9999,9999,0.0,0.0
synthetic,gaussian_sparse-iid-n10000-d32-seed42,synthetic,gaussian_sparse,iid,10000,32,,42,False,27,50,HDBSCAN,exact_single_linkage_pairwise_smallest_common_cluster_size_agreement,Optimized HDBSCAN,optimized_hdbscan,ok,,4.396376623015385,0.0,4.396376623015385,4.396376623015385,0,1.0,,0.999999792008,0.0252230083051368,492,9999,9999,5.505984105864597e-16,8.098028845716447e-16
synthetic,gaussian_sparse-iid-n10000-d32-seed42,synthetic,gaussian_sparse,iid,10000,32,,42,False,27,50,HDBSCAN,exact_single_linkage_pairwise_smallest_common_cluster_size_agreement,ScoreSG,score_sg,ok,,3.2972771269851364,0.6932483690034132,3.9905254959885497,0.6932483690034132,0,1.0,,0.999537413276,0.9567514677103718,9778,9999,9999,0.0003170947307035,0.0024328945179973
synthetic,gaussian_sparse-iid-n10000-d32-seed42,synthetic,gaussian_sparse,iid,10000,32,,42,False,27,50,HDBSCAN,exact_single_linkage_pairwise_smallest_common_cluster_size_agreement,ScoreSG Random,score_sg_random,ok,,3.5012329389865045,0.6425022330076899,4.143735171994194,0.6425022330076899,0,1.0,,0.999537413276,0.9567514677103718,9778,9999,9999,0.0003170947307035,0.0024328945179973
synthetic,gaussian_sparse-iid-n10000-d32-seed42,synthetic,gaussian_sparse,iid,10000,32,,42,False,26,50,HDBSCAN,exact_single_linkage_pairwise_smallest_common_cluster_size_agreement,HDBSCAN,hdbscan_generic,ok,,5.94622507999884,0.0,5.94622507999884,5.94622507999884,0,1.0,,1.0,1.0,9999,9999,9999,0.0,0.0
synthetic,gaussian_sparse-iid-n10000-d32-seed42,synthetic,gaussian_sparse,iid,10000,32,,42,False,26,50,HDBSCAN,exact_single_linkage_pairwise_smallest_common_cluster_size_agreement,Optimized HDBSCAN,optimized_hdbscan,ok,,4.562221555010183,0.0,4.562221555010183,4.562221555010183,0,1.0,,0.9999997448,0.0270131470829909,526,9999,9999,5.082541907409461e-16,7.559095506995488e-16
synthetic,gaussian_sparse-iid-n10000-d32-seed42,synthetic,gaussian_sparse,iid,10000,32,,42,False,26,50,HDBSCAN,exact_single_linkage_pairwise_smallest_common_cluster_size_agreement,ScoreSG,score_sg,ok,,3.2972771269851364,0.6739515239896718,3.971228650974808,0.6739515239896718,0,1.0,,0.999507599348,0.958859829562151,9789,9999,9999,0.0003440530226501,0.0026739672228916
synthetic,gaussian_sparse-iid-n10000-d32-seed42,synthetic,gaussian_sparse,iid,10000,32,,42,False,26,50,HDBSCAN,exact_single_linkage_pairwise_smallest_common_cluster_size_agreement,ScoreSG Random,score_sg_random,ok,,3.5012329389865045,0.6639171520073432,4.165150090993848,0.6639171520073432,0,1.0,,0.999507599348,0.958859829562151,9789,9999,9999,0.0003440530226501,0.0026739672228916
synthetic,gaussian_sparse-iid-n10000-d32-seed42,synthetic,gaussian_sparse,iid,10000,32,,42,False,25,50,HDBSCAN,exact_single_linkage_pairwise_smallest_common_cluster_size_agreement,HDBSCAN,hdbscan_generic,ok,,5.963585420016898,0.0,5.963585420016898,5.963585420016898,0,1.0,,1.0,1.0,9999,9999,9999,0.0,0.0
synthetic,gaussian_sparse-iid-n10000-d32-seed42,synthetic,gaussian_sparse,iid,10000,32,,42,False,25,50,HDBSCAN,exact_single_linkage_pairwise_smallest_common_cluster_size_agreement,Optimized HDBSCAN,optimized_hdbscan,ok,,4.518881310010329,0.0,4.518881310010329,4.518881310010329,0,1.0,,0.99999976162,0.0269076717674848,524,9999,9999,5.271440620739293e-16,7.76974489193863e-16
synthetic,gaussian_sparse-iid-n10000-d32-seed42,synthetic,gaussian_sparse,iid,10000,32,,42,False,25,50,HDBSCAN,exact_single_linkage_pairwise_smallest_common_cluster_size_agreement,ScoreSG,score_sg,ok,,3.2972771269851364,0.6418632870190777,3.939140414004214,0.6418632870190777,0,1.0,,0.999534239856,0.9600117612466922,9795,9999,9999,0.0003281601105748,0.0026786026716253
synthetic,gaussian_sparse-iid-n10000-d32-seed42,synthetic,gaussian_sparse,iid,10000,32,,42,False,25,50,HDBSCAN,exact_single_linkage_pairwise_smallest_common_cluster_size_agreement,ScoreSG Random,score_sg_random,ok,,3.5012329389865045,0.6595294319849927,4.160762370971497,0.6595294319849927,0,1.0,,0.999534239856,0.9600117612466922,9795,9999,9999,0.0003281601105748,0.0026786026716253
synthetic,gaussian_sparse-iid-n10000-d32-seed42,synthetic,gaussian_sparse,iid,10000,32,,42,False,24,50,HDBSCAN,exact_single_linkage_pairwise_smallest_common_cluster_size_agreement,HDBSCAN,hdbscan_generic,ok,,5.895573700021487,0.0,5.895573700021487,5.895573700021487,0,1.0,,1.0,1.0,9999,9999,9999,0.0,0.0
synthetic,gaussian_sparse-iid-n10000-d32-seed42,synthetic,gaussian_sparse,iid,10000,32,,42,False,24,50,HDBSCAN,exact_single_linkage_pairwise_smallest_common_cluster_size_agreement,Optimized HDBSCAN,optimized_hdbscan,ok,,4.567329308018088,0.0,4.567329308018088,4.567329308018088,0,1.0,,0.999999741348,0.0280162442810877,545,9999,9999,5.198695704299815e-16,7.656485727194673e-16
synthetic,gaussian_sparse-iid-n10000-d32-seed42,synthetic,gaussian_sparse,iid,10000,32,,42,False,24,50,HDBSCAN,exact_single_linkage_pairwise_smallest_common_cluster_size_agreement,ScoreSG,score_sg,ok,,3.2972771269851364,0.6530503259855323,3.9503274529706687,0.6530503259855323,0,1.0,,0.999565070884,0.9563686167090588,9776,9999,9999,0.0003060530483223,0.002498514401297
synthetic,gaussian_sparse-iid-n10000-d32-seed42,synthetic,gaussian_sparse,iid,10000,32,,42,False,24,50,HDBSCAN,exact_single_linkage_pairwise_smallest_common_cluster_size_agreement,ScoreSG Random,score_sg_random,ok,,3.5012329389865045,0.63447396401898,4.1357069030054845,0.63447396401898,0,1.0,,0.999565070884,0.9563686167090588,9776,9999,9999,0.0003060530483223,0.002498514401297
synthetic,gaussian_sparse-iid-n10000-d32-seed42,synthetic,gaussian_sparse,iid,10000,32,,42,False,23,50,HDBSCAN,exact_single_linkage_pairwise_smallest_common_cluster_size_agreement,HDBSCAN,hdbscan_generic,ok,,5.902827777987113,0.0,5.902827777987113,5.902827777987113,0,1.0,,1.0,1.0,9999,9999,9999,0.0,0.0
synthetic,gaussian_sparse-iid-n10000-d32-seed42,synthetic,gaussian_sparse,iid,10000,32,,42,False,23,50,HDBSCAN,exact_single_linkage_pairwise_smallest_common_cluster_size_agreement,Optimized HDBSCAN,optimized_hdbscan,ok,,4.494309961999534,0.0,4.494309961999534,4.494309961999534,0,1.0,,0.999999791648,0.028439187451787,553,9999,9999,5.075305255429287e-16,7.515973567945431e-16
synthetic,gaussian_sparse-iid-n10000-d32-seed42,synthetic,gaussian_sparse,iid,10000,32,,42,False,23,50,HDBSCAN,exact_single_linkage_pairwise_smallest_common_cluster_size_agreement,ScoreSG,score_sg,ok,,3.2972771269851364,0.6655399610172026,3.962817088002339,0.6655399610172026,0,1.0,,0.999586257936,0.9533111935924984,9760,9999,9999,0.0002856778863615,0.002477705471609
synthetic,gaussian_sparse-iid-n10000-d32-seed42,synthetic,gaussian_sparse,iid,10000,32,,42,False,23,50,HDBSCAN,exact_single_linkage_pairwise_smallest_common_cluster_size_agreement,ScoreSG Random,score_sg_random,ok,,3.5012329389865045,0.6639160249906126,4.165148963977117,0.6639160249906126,0,1.0,,0.999586257936,0.9533111935924984,9760,9999,9999,0.0002856778863615,0.002477705471609
synthetic,gaussian_sparse-iid-n10000-d32-seed42,synthetic,gaussian_sparse,iid,10000,32,,42,False,22,50,HDBSCAN,exact_single_linkage_pairwise_smallest_common_cluster_size_agreement,HDBSCAN,hdbscan_generic,ok,,5.895111880992772,0.0,5.895111880992772,5.895111880992772,0,1.0,,1.0,1.0,9999,9999,9999,0.0,0.0
synthetic,gaussian_sparse-iid-n10000-d32-seed42,synthetic,gaussian_sparse,iid,10000,32,,42,False,22,50,HDBSCAN,exact_single_linkage_pairwise_smallest_common_cluster_size_agreement,Optimized HDBSCAN,optimized_hdbscan,ok,,4.553917537006782,0.0,4.553917537006782,4.553917537006782,0,1.0,,0.999999860536,0.0310904872389791,603,9999,9999,5.184723113340698e-16,7.706718343342074e-16
synthetic,gaussian_sparse-iid-n10000-d32-seed42,synthetic,gaussian_sparse,iid,10000,32,,42,False,22,50,HDBSCAN,exact_single_linkage_pairwise_smallest_common_cluster_size_agreement,ScoreSG,score_sg,ok,,3.2972771269851364,0.6648383589927107,3.962115485977847,0.6648383589927107,0,1.0,,0.999635004224,0.9519765739385064,9753,9999,9999,0.0002396055093317,0.0021543411839974
synthetic,gaussian_sparse-iid-n10000-d32-seed42,synthetic,gaussian_sparse,iid,10000,32,,42,False,22,50,HDBSCAN,exact_single_linkage_pairwise_smallest_common_cluster_size_agreement,ScoreSG Random,score_sg_random,ok,,3.5012329389865045,0.6547292069881223,4.155962145974627,0.6547292069881223,0,1.0,,0.999635004224,0.9519765739385064,9753,9999,9999,0.0002396055093317,0.0021543411839974
synthetic,gaussian_sparse-iid-n10000-d32-seed42,synthetic,gaussian_sparse,iid,10000,32,,42,False,21,50,HDBSCAN,exact_single_linkage_pairwise_smallest_common_cluster_size_agreement,HDBSCAN,hdbscan_generic,ok,,5.884586612985004,0.0,5.884586612985004,5.884586612985004,0,1.0,,1.0,1.0,9999,9999,9999,0.0,0.0
synthetic,gaussian_sparse-iid-n10000-d32-seed42,synthetic,gaussian_sparse,iid,10000,32,,42,False,21,50,HDBSCAN,exact_single_linkage_pairwise_smallest_common_cluster_size_agreement,Optimized HDBSCAN,optimized_hdbscan,ok,,4.467044185992563,0.0,4.467044185992563,4.467044185992563,0,1.0,,0.999999855792,0.0322613947246167,625,9999,9999,5.570655048359185e-16,8.070214144311583e-16
synthetic,gaussian_sparse-iid-n10000-d32-seed42,synthetic,gaussian_sparse,iid,10000,32,,42,False,21,50,HDBSCAN,exact_single_linkage_pairwise_smallest_common_cluster_size_agreement,ScoreSG,score_sg,ok,,3.2972771269851364,0.6654698339989409,3.962746960984077,0.6654698339989409,0,1.0,,0.999600443888,0.9458986085433492,9721,9999,9999,0.0002762456052696,0.0026604980020758
synthetic,gaussian_sparse-iid-n10000-d32-seed42,synthetic,gaussian_sparse,iid,10000,32,,42,False,21,50,HDBSCAN,exact_single_linkage_pairwise_smallest_common_cluster_size_agreement,ScoreSG Random,score_sg_random,ok,,3.5012329389865045,0.650136415992165,4.151369354978669,0.650136415992165,0,1.0,,0.999600443888,0.9458986085433492,9721,9999,9999,0.0002762456052696,0.0026604980020758
synthetic,gaussian_sparse-iid-n10000-d32-seed42,synthetic,gaussian_sparse,iid,10000,32,,42,False,20,50,HDBSCAN,exact_single_linkage_pairwise_smallest_common_cluster_size_agreement,HDBSCAN,hdbscan_generic,ok,,7.229134133987827,0.0,7.229134133987827,7.229134133987827,0,1.0,,1.0,1.0,9999,9999,9999,0.0,0.0
synthetic,gaussian_sparse-iid-n10000-d32-seed42,synthetic,gaussian_sparse,iid,10000,32,,42,False,20,50,HDBSCAN,exact_single_linkage_pairwise_smallest_common_cluster_size_agreement,Optimized HDBSCAN,optimized_hdbscan,ok,,6.11793641699478,0.0,6.11793641699478,6.11793641699478,0,1.0,,0.999999815464,0.0340762190392471,659,9999,9999,5.06760373000375e-16,7.595931307642867e-16
synthetic,gaussian_sparse-iid-n10000-d32-seed42,synthetic,gaussian_sparse,iid,10000,32,,42,False,20,50,HDBSCAN,exact_single_linkage_pairwise_smallest_common_cluster_size_agreement,ScoreSG,score_sg,ok,,3.2972771269851364,0.6855684109905269,3.9828455379756633,0.6855684109905269,0,1.0,,0.999691796904,0.9479836353009936,9732,9999,9999,0.0002064574525697,0.002142668408891
synthetic,gaussian_sparse-iid-n10000-d32-seed42,synthetic,gaussian_sparse,iid,10000,32,,42,False,20,50,HDBSCAN,exact_single_linkage_pairwise_smallest_common_cluster_size_agreement,ScoreSG Random,score_sg_random,ok,,3.5012329389865045,0.6752515409898479,4.176484479976352,0.6752515409898479,0,1.0,,0.999691796904,0.9479836353009936,9732,9999,9999,0.0002064574525697,0.002142668408891
synthetic,gaussian_sparse-iid-n10000-d32-seed42,synthetic,gaussian_sparse,iid,10000,32,,42,False,19,50,HDBSCAN,exact_single_linkage_pairwise_smallest_common_cluster_size_agreement,HDBSCAN,hdbscan_generic,ok,,5.975794632016914,0.0,5.975794632016914,5.975794632016914,0,1.0,,1.0,1.0,9999,9999,9999,0.0,0.0
synthetic,gaussian_sparse-iid-n10000-d32-seed42,synthetic,gaussian_sparse,iid,10000,32,,42,False,19,50,HDBSCAN,exact_single_linkage_pairwise_smallest_common_cluster_size_agreement,Optimized HDBSCAN,optimized_hdbscan,ok,,4.53993328998331,0.0,4.53993328998331,4.53993328998331,0,1.0,,0.99999976064,0.0341296928327645,660,9999,9999,5.194498030367399e-16,7.776846151682842e-16
synthetic,gaussian_sparse-iid-n10000-d32-seed42,synthetic,gaussian_sparse,iid,10000,32,,42,False,19,50,HDBSCAN,exact_single_linkage_pairwise_smallest_common_cluster_size_agreement,ScoreSG,score_sg,ok,,3.2972771269851364,0.685152136022225,3.9824292630073614,0.685152136022225,0,1.0,,0.99968145808,0.9453307392996108,9718,9999,9999,0.0002069343920292,0.0023678202315792
synthetic,gaussian_sparse-iid-n10000-d32-seed42,synthetic,gaussian_sparse,iid,10000,32,,42,False,19,50,HDBSCAN,exact_single_linkage_pairwise_smallest_common_cluster_size_agreement,ScoreSG Random,score_sg_random,ok,,3.5012329389865045,0.6946697229868732,4.195902661973378,0.6946697229868732,0,1.0,,0.99968145808,0.9453307392996108,9718,9999,9999,0.0002069343920292,0.0023678202315792
synthetic,gaussian_sparse-iid-n10000-d32-seed42,synthetic,gaussian_sparse,iid,10000,32,,42,False,18,50,HDBSCAN,exact_single_linkage_pairwise_smallest_common_cluster_size_agreement,HDBSCAN,hdbscan_generic,ok,,5.929881554999156,0.0,5.929881554999156,5.929881554999156,0,1.0,,1.0,1.0,9999,9999,9999,0.0,0.0
synthetic,gaussian_sparse-iid-n10000-d32-seed42,synthetic,gaussian_sparse,iid,10000,32,,42,False,18,50,HDBSCAN,exact_single_linkage_pairwise_smallest_common_cluster_size_agreement,Optimized HDBSCAN,optimized_hdbscan,ok,,4.592408689000877,0.0,4.592408689000877,4.592408689000877,0,1.0,,0.99999981374,0.0361658031088082,698,9999,9999,4.809906055109561e-16,7.4870950004518495e-16
synthetic,gaussian_sparse-iid-n10000-d32-seed42,synthetic,gaussian_sparse,iid,10000,32,,42,False,18,50,HDBSCAN,exact_single_linkage_pairwise_smallest_common_cluster_size_agreement,ScoreSG,score_sg,ok,,3.2972771269851364,0.6760098359955009,3.973286962980637,0.6760098359955009,0,1.0,,0.999729518064,0.9434402332361516,9708,9999,9999,0.0001815618746105,0.0021586103018105
synthetic,gaussian_sparse-iid-n10000-d32-seed42,synthetic,gaussian_sparse,iid,10000,32,,42,False,18,50,HDBSCAN,exact_single_linkage_pairwise_smallest_common_cluster_size_agreement,ScoreSG Random,score_sg_random,ok,,3.5012329389865045,0.7691495659819338,4.270382504968438,0.7691495659819338,0,1.0,,0.999729518064,0.9434402332361516,9708,9999,9999,0.0001815618746105,0.0021586103018105
synthetic,gaussian_sparse-iid-n10000-d32-seed42,synthetic,gaussian_sparse,iid,10000,32,,42,False,17,50,HDBSCAN,exact_single_linkage_pairwise_smallest_common_cluster_size_agreement,HDBSCAN,hdbscan_generic,ok,,5.9444490910100285,0.0,5.9444490910100285,5.9444490910100285,0,1.0,,1.0,1.0,9999,9999,9999,0.0,0.0
synthetic,gaussian_sparse-iid-n10000-d32-seed42,synthetic,gaussian_sparse,iid,10000,32,,42,False,17,50,HDBSCAN,exact_single_linkage_pairwise_smallest_common_cluster_size_agreement,Optimized HDBSCAN,optimized_hdbscan,ok,,4.572455632995116,0.0,4.572455632995116,4.572455632995116,0,1.0,,0.99999973048,0.0385334441213128,742,9999,9999,5.171065731946821e-16,7.618940562167948e-16
synthetic,gaussian_sparse-iid-n10000-d32-seed42,synthetic,gaussian_sparse,iid,10000,32,,42,False,17,50,HDBSCAN,exact_single_linkage_pairwise_smallest_common_cluster_size_agreement,ScoreSG,score_sg,ok,,3.2972771269851364,0.6891925059899222,3.986469632975058,0.6891925059899222,0,1.0,,0.999745824948,0.9392940263770364,9686,9999,9999,0.0001744325253348,0.0022815532123875
synthetic,gaussian_sparse-iid-n10000-d32-seed42,synthetic,gaussian_sparse,iid,10000,32,,42,False,17,50,HDBSCAN,exact_single_linkage_pairwise_smallest_common_cluster_size_agreement,ScoreSG Random,score_sg_random,ok,,3.5012329389865045,0.6720181980053894,4.173251136991894,0.6720181980053894,0,1.0,,0.999745824948,0.9392940263770364,9686,9999,9999,0.0001744325253348,0.0022815532123875
synthetic,gaussian_sparse-iid-n10000-d32-seed42,synthetic,gaussian_sparse,iid,10000,32,,42,False,16,50,HDBSCAN,exact_single_linkage_pairwise_smallest_common_cluster_size_agreement,HDBSCAN,hdbscan_generic,ok,,5.927480987011222,0.0,5.927480987011222,5.927480987011222,0,1.0,,1.0,1.0,9999,9999,9999,0.0,0.0
synthetic,gaussian_sparse-iid-n10000-d32-seed42,synthetic,gaussian_sparse,iid,10000,32,,42,False,16,50,HDBSCAN,exact_single_linkage_pairwise_smallest_common_cluster_size_agreement,Optimized HDBSCAN,optimized_hdbscan,ok,,4.621250247990247,0.0,4.621250247990247,4.621250247990247,0,1.0,,0.999999748116,0.0423225268424893,812,9999,9999,4.889356571501922e-16,7.408775347451088e-16
synthetic,gaussian_sparse-iid-n10000-d32-seed42,synthetic,gaussian_sparse,iid,10000,32,,42,False,16,50,HDBSCAN,exact_single_linkage_pairwise_smallest_common_cluster_size_agreement,ScoreSG,score_sg,ok,,3.2972771269851364,0.6940390829986427,3.991316209983779,0.6940390829986427,0,1.0,,0.999765557732,0.936664729808251,9672,9999,9999,0.0001573674806788,0.0021024652598371
synthetic,gaussian_sparse-iid-n10000-d32-seed42,synthetic,gaussian_sparse,iid,10000,32,,42,False,16,50,HDBSCAN,exact_single_linkage_pairwise_smallest_common_cluster_size_agreement,ScoreSG Random,score_sg_random,ok,,3.5012329389865045,0.6664885220234282,4.167721461009933,0.6664885220234282,0,1.0,,0.999765557732,0.936664729808251,9672,9999,9999,0.0001573674806788,0.0021024652598371
synthetic,gaussian_sparse-iid-n10000-d32-seed42,synthetic,gaussian_sparse,iid,10000,32,,42,False,15,50,HDBSCAN,exact_single_linkage_pairwise_smallest_common_cluster_size_agreement,HDBSCAN,hdbscan_generic,ok,,5.9859775609802455,0.0,5.9859775609802455,5.9859775609802455,0,1.0,,1.0,1.0,9999,9999,9999,0.0,0.0
synthetic,gaussian_sparse-iid-n10000-d32-seed42,synthetic,gaussian_sparse,iid,10000,32,,42,False,15,50,HDBSCAN,exact_single_linkage_pairwise_smallest_common_cluster_size_agreement,Optimized HDBSCAN,optimized_hdbscan,ok,,4.62014385999646,0.0,4.62014385999646,4.62014385999646,0,1.0,,0.999999718816,0.0440639031011799,844,9999,9999,5.061775117011377e-16,7.544624677611109e-16
synthetic,gaussian_sparse-iid-n10000-d32-seed42,synthetic,gaussian_sparse,iid,10000,32,,42,False,15,50,HDBSCAN,exact_single_linkage_pairwise_smallest_common_cluster_size_agreement,ScoreSG,score_sg,ok,,3.2972771269851364,0.686628611991182,3.9839057389763184,0.686628611991182,0,1.0,,0.99978122076,0.9228846153846154,9598,9999,9999,0.0001373299193689,0.0020945521985775
synthetic,gaussian_sparse-iid-n10000-d32-seed42,synthetic,gaussian_sparse,iid,10000,32,,42,False,15,50,HDBSCAN,exact_single_linkage_pairwise_smallest_common_cluster_size_agreement,ScoreSG Random,score_sg_random,ok,,3.5012329389865045,0.6808004080085084,4.182033346995013,0.6808004080085084,0,1.0,,0.99978122076,0.9228846153846154,9598,9999,9999,0.0001373299193689,0.0020945521985775
synthetic,gaussian_sparse-iid-n10000-d32-seed42,synthetic,gaussian_sparse,iid,10000,32,,42,False,14,50,HDBSCAN,exact_single_linkage_pairwise_smallest_common_cluster_size_agreement,HDBSCAN,hdbscan_generic,ok,,5.9338373340142425,0.0,5.9338373340142425,5.9338373340142425,0,1.0,,1.0,1.0,9999,9999,9999,0.0,0.0
synthetic,gaussian_sparse-iid-n10000-d32-seed42,synthetic,gaussian_sparse,iid,10000,32,,42,False,14,50,HDBSCAN,exact_single_linkage_pairwise_smallest_common_cluster_size_agreement,Optimized HDBSCAN,optimized_hdbscan,ok,,4.681646332988748,0.0,4.681646332988748,4.681646332988748,0,1.0,,0.999999678792,0.0486078338839075,927,9999,9999,5.327154275655552e-16,7.72909963527943e-16
synthetic,gaussian_sparse-iid-n10000-d32-seed42,synthetic,gaussian_sparse,iid,10000,32,,42,False,14,50,HDBSCAN,exact_single_linkage_pairwise_smallest_common_cluster_size_agreement,ScoreSG,score_sg,ok,,3.2972771269851364,0.663254956016317,3.960532083001453,0.663254956016317,0,1.0,,0.999784865852,0.9310544611819236,9642,9999,9999,0.0001322928380917,0.0020477806769321
synthetic,gaussian_sparse-iid-n10000-d32-seed42,synthetic,gaussian_sparse,iid,10000,32,,42,False,14,50,HDBSCAN,exact_single_linkage_pairwise_smallest_common_cluster_size_agreement,ScoreSG Random,score_sg_random,ok,,3.5012329389865045,0.6789647949917708,4.180197733978275,0.6789647949917708,0,1.0,,0.999784865852,0.9310544611819236,9642,9999,9999,0.0001322928380917,0.0020477806769321
synthetic,gaussian_sparse-iid-n10000-d32-seed42,synthetic,gaussian_sparse,iid,10000,32,,42,False,13,50,HDBSCAN,exact_single_linkage_pairwise_smallest_common_cluster_size_agreement,HDBSCAN,hdbscan_generic,ok,,5.961136006982997,0.0,5.961136006982997,5.961136006982997,0,1.0,,1.0,1.0,9999,9999,9999,0.0,0.0
synthetic,gaussian_sparse-iid-n10000-d32-seed42,synthetic,gaussian_sparse,iid,10000,32,,42,False,13,50,HDBSCAN,exact_single_linkage_pairwise_smallest_common_cluster_size_agreement,Optimized HDBSCAN,optimized_hdbscan,ok,,4.680360074999044,0.0,4.680360074999044,4.680360074999044,0,1.0,,0.999999692952,0.0528587975150047,1004,9999,9999,5.316685560157124e-16,7.702058912926701e-16
synthetic,gaussian_sparse-iid-n10000-d32-seed42,synthetic,gaussian_sparse,iid,10000,32,,42,False,13,50,HDBSCAN,exact_single_linkage_pairwise_smallest_common_cluster_size_agreement,ScoreSG,score_sg,ok,,3.2972771269851364,0.6870655950042419,3.9843427219893774,0.6870655950042419,0,1.0,,0.999810980772,0.91350110037317,9547,9999,9999,0.0001454301100747,0.0024824466734226
synthetic,gaussian_sparse-iid-n10000-d32-seed42,synthetic,gaussian_sparse,iid,10000,32,,42,False,13,50,HDBSCAN,exact_single_linkage_pairwise_smallest_common_cluster_size_agreement,ScoreSG Random,score_sg_random,ok,,3.5012329389865045,0.6676155010063667,4.168848439992871,0.6676155010063667,0,1.0,,0.999810980772,0.91350110037317,9547,9999,9999,0.0001454301100747,0.0024824466734226
synthetic,gaussian_sparse-iid-n10000-d32-seed42,synthetic,gaussian_sparse,iid,10000,32,,42,False,12,50,HDBSCAN,exact_single_linkage_pairwise_smallest_common_cluster_size_agreement,HDBSCAN,hdbscan_generic,ok,,5.913047024019761,0.0,5.913047024019761,5.913047024019761,0,1.0,,1.0,1.0,9999,9999,9999,0.0,0.0
synthetic,gaussian_sparse-iid-n10000-d32-seed42,synthetic,gaussian_sparse,iid,10000,32,,42,False,12,50,HDBSCAN,exact_single_linkage_pairwise_smallest_common_cluster_size_agreement,Optimized HDBSCAN,optimized_hdbscan,ok,,4.734015069989255,0.0,4.734015069989255,4.734015069989255,0,1.0,,0.999999580228,0.0584312480152429,1104,9999,9999,5.189085875965405e-16,7.75199846422782e-16
synthetic,gaussian_sparse-iid-n10000-d32-seed42,synthetic,gaussian_sparse,iid,10000,32,,42,False,12,50,HDBSCAN,exact_single_linkage_pairwise_smallest_common_cluster_size_agreement,ScoreSG,score_sg,ok,,3.2972771269851364,0.6831735899904743,3.9804507169756103,0.6831735899904743,0,1.0,,0.999792605536,0.9087525054882124,9521,9999,9999,0.000120456823874,0.0022704898873797
synthetic,gaussian_sparse-iid-n10000-d32-seed42,synthetic,gaussian_sparse,iid,10000,32,,42,False,12,50,HDBSCAN,exact_single_linkage_pairwise_smallest_common_cluster_size_agreement,ScoreSG Random,score_sg_random,ok,,3.5012329389865045,0.6974264260206837,4.198659365007188,0.6974264260206837,0,1.0,,0.999792605536,0.9087525054882124,9521,9999,9999,0.000120456823874,0.0022704898873797
synthetic,gaussian_sparse-iid-n10000-d32-seed42,synthetic,gaussian_sparse,iid,10000,32,,42,False,11,50,HDBSCAN,exact_single_linkage_pairwise_smallest_common_cluster_size_agreement,HDBSCAN,hdbscan_generic,ok,,5.8877711899986025,0.0,5.8877711899986025,5.8877711899986025,0,1.0,,1.0,1.0,9999,9999,9999,0.0,0.0
synthetic,gaussian_sparse-iid-n10000-d32-seed42,synthetic,gaussian_sparse,iid,10000,32,,42,False,11,50,HDBSCAN,exact_single_linkage_pairwise_smallest_common_cluster_size_agreement,Optimized HDBSCAN,optimized_hdbscan,ok,,4.81585624901345,0.0,4.81585624901345,4.81585624901345,0,1.0,,0.99999950944,0.062649450023912,1179,9999,9999,5.371257109806525e-16,7.867091124365477e-16
synthetic,gaussian_sparse-iid-n10000-d32-seed42,synthetic,gaussian_sparse,iid,10000,32,,42,False,11,50,HDBSCAN,exact_single_linkage_pairwise_smallest_common_cluster_size_agreement,ScoreSG,score_sg,ok,,3.2972771269851364,0.7059442529862281,4.0032213799713645,0.7059442529862281,0,1.0,,0.999812957488,0.8986043862147536,9465,9999,9999,0.0001337701120019,0.0030079029120457
synthetic,gaussian_sparse-iid-n10000-d32-seed42,synthetic,gaussian_sparse,iid,10000,32,,42,False,11,50,HDBSCAN,exact_single_linkage_pairwise_smallest_common_cluster_size_agreement,ScoreSG Random,score_sg_random,ok,,3.5012329389865045,0.6954296269977931,4.1966625659842975,0.6954296269977931,0,1.0,,0.999812957488,0.8986043862147536,9465,9999,9999,0.0001337701120019,0.0030079029120457
synthetic,gaussian_sparse-iid-n10000-d32-seed42,synthetic,gaussian_sparse,iid,10000,32,,42,False,10,50,HDBSCAN,exact_single_linkage_pairwise_smallest_common_cluster_size_agreement,HDBSCAN,hdbscan_generic,ok,,5.8939209659874905,0.0,5.8939209659874905,5.8939209659874905,0,1.0,,1.0,1.0,9999,9999,9999,0.0,0.0
synthetic,gaussian_sparse-iid-n10000-d32-seed42,synthetic,gaussian_sparse,iid,10000,32,,42,False,10,50,HDBSCAN,exact_single_linkage_pairwise_smallest_common_cluster_size_agreement,Optimized HDBSCAN,optimized_hdbscan,ok,,4.8044979620026425,0.0,4.8044979620026425,4.8044979620026425,0,1.0,,0.999999594324,0.0717041800643086,1338,9999,9999,5.522903177806458e-16,7.987038731703325e-16
synthetic,gaussian_sparse-iid-n10000-d32-seed42,synthetic,gaussian_sparse,iid,10000,32,,42,False,10,50,HDBSCAN,exact_single_linkage_pairwise_smallest_common_cluster_size_agreement,ScoreSG,score_sg,ok,,3.2972771269851364,0.6906942449859343,3.987971371971071,0.6906942449859343,0,1.0,,0.999878838932,0.8935706845942619,9437,9999,9999,8.342263479570221e-05,0.0019486150478689
synthetic,gaussian_sparse-iid-n10000-d32-seed42,synthetic,gaussian_sparse,iid,10000,32,,42,False,10,50,HDBSCAN,exact_single_linkage_pairwise_smallest_common_cluster_size_agreement,ScoreSG Random,score_sg_random,ok,,3.5012329389865045,0.6831862629915122,4.184419201978017,0.6831862629915122,0,1.0,,0.999878838932,0.8935706845942619,9437,9999,9999,8.342263479570221e-05,0.0019486150478689
synthetic,gaussian_sparse-iid-n10000-d32-seed42,synthetic,gaussian_sparse,iid,10000,32,,42,False,9,50,HDBSCAN,exact_single_linkage_pairwise_smallest_common_cluster_size_agreement,HDBSCAN,hdbscan_generic,ok,,5.940375820995541,0.0,5.940375820995541,5.940375820995541,0,1.0,,1.0,1.0,9999,9999,9999,0.0,0.0
synthetic,gaussian_sparse-iid-n10000-d32-seed42,synthetic,gaussian_sparse,iid,10000,32,,42,False,9,50,HDBSCAN,exact_single_linkage_pairwise_smallest_common_cluster_size_agreement,Optimized HDBSCAN,optimized_hdbscan,ok,,4.858789287973195,0.0,4.858789287973195,4.858789287973195,0,1.0,,0.999999538076,0.0826701315575767,1527,9999,9999,5.3337237122790755e-16,7.657352307631266e-16
synthetic,gaussian_sparse-iid-n10000-d32-seed42,synthetic,gaussian_sparse,iid,10000,32,,42,False,9,50,HDBSCAN,exact_single_linkage_pairwise_smallest_common_cluster_size_agreement,ScoreSG,score_sg,ok,,3.2972771269851364,0.714258775988128,4.0115359029732645,0.714258775988128,0,1.0,,0.999907340076,0.878099173553719,9350,9999,9999,5.751074039663797e-05,0.0015599931096895
synthetic,gaussian_sparse-iid-n10000-d32-seed42,synthetic,gaussian_sparse,iid,10000,32,,42,False,9,50,HDBSCAN,exact_single_linkage_pairwise_smallest_common_cluster_size_agreement,ScoreSG Random,score_sg_random,ok,,3.5012329389865045,0.7140496030042414,4.215282541990746,0.7140496030042414,0,1.0,,0.999907340076,0.878099173553719,9350,9999,9999,5.751074039663797e-05,0.0015599931096895
synthetic,gaussian_sparse-iid-n10000-d32-seed42,synthetic,gaussian_sparse,iid,10000,32,,42,False,8,50,HDBSCAN,exact_single_linkage_pairwise_smallest_common_cluster_size_agreement,HDBSCAN,hdbscan_generic,ok,,5.879749251995236,0.0,5.879749251995236,5.879749251995236,0,1.0,,1.0,1.0,9999,9999,9999,0.0,0.0
synthetic,gaussian_sparse-iid-n10000-d32-seed42,synthetic,gaussian_sparse,iid,10000,32,,42,False,8,50,HDBSCAN,exact_single_linkage_pairwise_smallest_common_cluster_size_agreement,Optimized HDBSCAN,optimized_hdbscan,ok,,4.893272940011229,0.0,4.893272940011229,4.893272940011229,0,1.0,,0.999999475848,0.0970431729661528,1769,9999,9999,5.442540457631067e-16,7.787637980762978e-16
synthetic,gaussian_sparse-iid-n10000-d32-seed42,synthetic,gaussian_sparse,iid,10000,32,,42,False,8,50,HDBSCAN,exact_single_linkage_pairwise_smallest_common_cluster_size_agreement,ScoreSG,score_sg,ok,,3.2972771269851364,0.6857408469950315,3.983017973980168,0.6857408469950315,0,1.0,,0.999926287496,0.867052562785921,9287,9999,9999,3.7690901066212746e-05,0.0011172527119438
synthetic,gaussian_sparse-iid-n10000-d32-seed42,synthetic,gaussian_sparse,iid,10000,32,,42,False,8,50,HDBSCAN,exact_single_linkage_pairwise_smallest_common_cluster_size_agreement,ScoreSG Random,score_sg_random,ok,,3.5012329389865045,0.6915973649884108,4.192830303974915,0.6915973649884108,0,1.0,,0.999926287496,0.867052562785921,9287,9999,9999,3.7690901066212746e-05,0.0011172527119438
synthetic,gaussian_sparse-iid-n10000-d32-seed42,synthetic,gaussian_sparse,iid,10000,32,,42,False,7,50,HDBSCAN,exact_single_linkage_pairwise_smallest_common_cluster_size_agreement,HDBSCAN,hdbscan_generic,ok,,5.878993312013336,0.0,5.878993312013336,5.878993312013336,0,1.0,,1.0,1.0,9999,9999,9999,0.0,0.0
synthetic,gaussian_sparse-iid-n10000-d32-seed42,synthetic,gaussian_sparse,iid,10000,32,,42,False,7,50,HDBSCAN,exact_single_linkage_pairwise_smallest_common_cluster_size_agreement,Optimized HDBSCAN,optimized_hdbscan,ok,,4.954674970998894,0.0,4.954674970998894,4.954674970998894,0,1.0,,0.999999568064,0.1190822607722439,2128,9999,9999,5.534420040048713e-16,8.022122055169063e-16
synthetic,gaussian_sparse-iid-n10000-d32-seed42,synthetic,gaussian_sparse,iid,10000,32,,42,False,7,50,HDBSCAN,exact_single_linkage_pairwise_smallest_common_cluster_size_agreement,ScoreSG,score_sg,ok,,3.2972771269851364,0.693146275007166,3.9904234019923024,0.693146275007166,0,1.0,,0.999933871836,0.8443235266992529,9155,9999,9999,4.1506414183084665e-05,0.0016602947461412
synthetic,gaussian_sparse-iid-n10000-d32-seed42,synthetic,gaussian_sparse,iid,10000,32,,42,False,7,50,HDBSCAN,exact_single_linkage_pairwise_smallest_common_cluster_size_agreement,ScoreSG Random,score_sg_random,ok,,3.5012329389865045,0.6924407799961045,4.193673718982609,0.6924407799961045,0,1.0,,0.999933871836,0.8443235266992529,9155,9999,9999,4.1506414183084665e-05,0.0016602947461412
synthetic,gaussian_sparse-iid-n10000-d32-seed42,synthetic,gaussian_sparse,iid,10000,32,,42,False,6,50,HDBSCAN,exact_single_linkage_pairwise_smallest_common_cluster_size_agreement,HDBSCAN,hdbscan_generic,ok,,5.853572944004554,0.0,5.853572944004554,5.853572944004554,0,1.0,,1.0,1.0,9999,9999,9999,0.0,0.0
synthetic,gaussian_sparse-iid-n10000-d32-seed42,synthetic,gaussian_sparse,iid,10000,32,,42,False,6,50,HDBSCAN,exact_single_linkage_pairwise_smallest_common_cluster_size_agreement,Optimized HDBSCAN,optimized_hdbscan,ok,,5.004469252016861,0.0,5.004469252016861,5.004469252016861,0,1.0,,0.999998933188,0.1427428571428571,2498,9999,9999,5.637337407664326e-16,8.161463236407069e-16
synthetic,gaussian_sparse-iid-n10000-d32-seed42,synthetic,gaussian_sparse,iid,10000,32,,42,False,6,50,HDBSCAN,exact_single_linkage_pairwise_smallest_common_cluster_size_agreement,ScoreSG,score_sg,ok,,3.2972771269851364,0.717924527998548,4.015201654983684,0.717924527998548,0,1.0,,0.999950143176,0.8226394458621947,9026,9999,9999,1.8309253863312787e-05,0.0007777380324361
synthetic,gaussian_sparse-iid-n10000-d32-seed42,synthetic,gaussian_sparse,iid,10000,32,,42,False,6,50,HDBSCAN,exact_single_linkage_pairwise_smallest_common_cluster_size_agreement,ScoreSG Random,score_sg_random,ok,,3.5012329389865045,0.7187062599987257,4.21993919898523,0.7187062599987257,0,1.0,,0.999950143176,0.8226394458621947,9026,9999,9999,1.8309253863312787e-05,0.0007777380324361
synthetic,gaussian_sparse-iid-n10000-d32-seed42,synthetic,gaussian_sparse,iid,10000,32,,42,False,5,50,HDBSCAN,exact_single_linkage_pairwise_smallest_common_cluster_size_agreement,HDBSCAN,hdbscan_generic,ok,,5.874064331990667,0.0,5.874064331990667,5.874064331990667,2,1.0,,1.0,1.0,9999,9999,9999,0.0,0.0
synthetic,gaussian_sparse-iid-n10000-d32-seed42,synthetic,gaussian_sparse,iid,10000,32,,42,False,5,50,HDBSCAN,exact_single_linkage_pairwise_smallest_common_cluster_size_agreement,Optimized HDBSCAN,optimized_hdbscan,ok,,4.86786268799915,0.0,4.86786268799915,4.86786268799915,2,1.0,,0.999998812164,0.1890124264224983,3179,9999,9999,5.668807843886612e-16,8.239730349603883e-16
synthetic,gaussian_sparse-iid-n10000-d32-seed42,synthetic,gaussian_sparse,iid,10000,32,,42,False,5,50,HDBSCAN,exact_single_linkage_pairwise_smallest_common_cluster_size_agreement,ScoreSG,score_sg,ok,,3.2972771269851364,0.7187551009992603,4.016032227984397,0.7187551009992603,0,0.0,,0.999957871672,0.7858546168958742,8800,9999,9999,2.4826857810550385e-05,0.0013039460283325
synthetic,gaussian_sparse-iid-n10000-d32-seed42,synthetic,gaussian_sparse,iid,10000,32,,42,False,5,50,HDBSCAN,exact_single_linkage_pairwise_smallest_common_cluster_size_agreement,ScoreSG Random,score_sg_random,ok,,3.5012329389865045,0.714058635989204,4.2152915749757085,0.714058635989204,0,0.0,,0.999957871672,0.7858546168958742,8800,9999,9999,2.4826857810550385e-05,0.0013039460283325
synthetic,gaussian_sparse-iid-n10000-d32-seed42,synthetic,gaussian_sparse,iid,10000,32,,42,False,4,50,HDBSCAN,exact_single_linkage_pairwise_smallest_common_cluster_size_agreement,HDBSCAN,hdbscan_generic,ok,,5.916258770012064,0.0,5.916258770012064,5.916258770012064,2,1.0,,1.0,1.0,9999,9999,9999,0.0,0.0
synthetic,gaussian_sparse-iid-n10000-d32-seed42,synthetic,gaussian_sparse,iid,10000,32,,42,False,4,50,HDBSCAN,exact_single_linkage_pairwise_smallest_common_cluster_size_agreement,Optimized HDBSCAN,optimized_hdbscan,ok,,4.770948577992385,0.0,4.770948577992385,4.770948577992385,2,1.0,,0.999998515004,0.2642559109874826,4180,9999,9999,5.658418975266589e-16,8.18917658125748e-16
synthetic,gaussian_sparse-iid-n10000-d32-seed42,synthetic,gaussian_sparse,iid,10000,32,,42,False,4,50,HDBSCAN,exact_single_linkage_pairwise_smallest_common_cluster_size_agreement,ScoreSG,score_sg,ok,,3.2972771269851364,0.7024228960217442,3.9997000230068807,0.7024228960217442,0,0.0,,0.99997966396,0.7342815020379846,8467,9999,9999,3.9142911859521765e-06,0.0002454079062437
synthetic,gaussian_sparse-iid-n10000-d32-seed42,synthetic,gaussian_sparse,iid,10000,32,,42,False,4,50,HDBSCAN,exact_single_linkage_pairwise_smallest_common_cluster_size_agreement,ScoreSG Random,score_sg_random,ok,,3.5012329389865045,0.7026742459856905,4.203907184972195,0.7026742459856905,0,0.0,,0.99997966396,0.7342815020379846,8467,9999,9999,3.9142911859521765e-06,0.0002454079062437
synthetic,gaussian_sparse-iid-n10000-d32-seed42,synthetic,gaussian_sparse,iid,10000,32,,42,False,3,50,HDBSCAN,exact_single_linkage_pairwise_smallest_common_cluster_size_agreement,HDBSCAN,hdbscan_generic,ok,,5.92744317301549,0.0,5.92744317301549,5.92744317301549,2,1.0,,1.0,1.0,9999,9999,9999,0.0,0.0
synthetic,gaussian_sparse-iid-n10000-d32-seed42,synthetic,gaussian_sparse,iid,10000,32,,42,False,3,50,HDBSCAN,exact_single_linkage_pairwise_smallest_common_cluster_size_agreement,Optimized HDBSCAN,optimized_hdbscan,ok,,4.509684907010524,0.0,4.509684907010524,4.509684907010524,2,1.0,,0.999998308972,0.4344738540994189,6057,9999,9999,5.950516802283487e-16,8.467400298192736e-16
synthetic,gaussian_sparse-iid-n10000-d32-seed42,synthetic,gaussian_sparse,iid,10000,32,,42,False,3,50,HDBSCAN,exact_single_linkage_pairwise_smallest_common_cluster_size_agreement,ScoreSG,score_sg,ok,,3.2972771269851364,0.6926794950268231,3.98995662201196,0.6926794950268231,2,0.0735349328178292,,0.99997597002,0.6694214876033058,8019,9999,9999,1.4546138045367608e-05,0.0009573836316864
synthetic,gaussian_sparse-iid-n10000-d32-seed42,synthetic,gaussian_sparse,iid,10000,32,,42,False,3,50,HDBSCAN,exact_single_linkage_pairwise_smallest_common_cluster_size_agreement,ScoreSG Random,score_sg_random,ok,,3.5012329389865045,0.6876008019899018,4.188833740976406,0.6876008019899018,2,0.0735349328178292,,0.99997597002,0.6694214876033058,8019,9999,9999,1.4546138045367608e-05,0.0009573836316864
synthetic,gaussian_sparse-iid-n10000-d32-seed42,synthetic,gaussian_sparse,iid,10000,32,,42,False,2,50,HDBSCAN,exact_single_linkage_pairwise_smallest_common_cluster_size_agreement,HDBSCAN,hdbscan_generic,ok,,6.155041163001442,0.0,6.155041163001442,6.155041163001442,2,1.0,,1.0,1.0,9999,9999,9999,0.0,0.0
synthetic,gaussian_sparse-iid-n10000-d32-seed42,synthetic,gaussian_sparse,iid,10000,32,,42,False,2,50,HDBSCAN,exact_single_linkage_pairwise_smallest_common_cluster_size_agreement,Optimized HDBSCAN,optimized_hdbscan,ok,,4.453823995019775,0.0,4.453823995019775,4.453823995019775,2,1.0,,1.0,1.0,9999,9999,9999,6.145032810766544e-16,8.700277526282333e-16
synthetic,gaussian_sparse-iid-n10000-d32-seed42,synthetic,gaussian_sparse,iid,10000,32,,42,False,2,50,HDBSCAN,exact_single_linkage_pairwise_smallest_common_cluster_size_agreement,ScoreSG,score_sg,ok,,3.2972771269851364,0.7168147810152732,4.01409190800041,0.7168147810152732,2,-0.1031585545883496,,0.999999949688,1.0,9999,9999,9999,6.462972507698726e-08,1.1843304343401637e-07
synthetic,gaussian_sparse-iid-n10000-d32-seed42,synthetic,gaussian_sparse,iid,10000,32,,42,False,2,50,HDBSCAN,exact_single_linkage_pairwise_smallest_common_cluster_size_agreement,ScoreSG Random,score_sg_random,ok,,3.5012329389865045,0.7154014499974437,4.216634388983948,0.7154014499974437,2,-0.1031585545883496,,0.999999949688,1.0,9999,9999,9999,6.462972507698726e-08,1.1843304343401637e-07
synthetic,gaussian_sparse-iid-n5000-d2-seed42,synthetic,gaussian_sparse,iid,5000,2,,42,False,50,50,HDBSCAN,exact_single_linkage_pairwise_smallest_common_cluster_size_agreement,HDBSCAN,hdbscan_generic,ok,,1.5347324190079237,0.0,1.5347324190079237,1.5347324190079237,0,1.0,,1.0,1.0,4999,4999,4999,0.0,0.0
synthetic,gaussian_sparse-iid-n5000-d2-seed42,synthetic,gaussian_sparse,iid,5000,2,,42,False,50,50,HDBSCAN,exact_single_linkage_pairwise_smallest_common_cluster_size_agreement,Optimized HDBSCAN,optimized_hdbscan,ok,,0.2587219300039578,0.0,0.2587219300039578,0.2587219300039578,0,1.0,,0.999997176512,0.0499894980046208,476,4999,4999,2.5274483719736033e-16,3.8786362456812064e-16
synthetic,gaussian_sparse-iid-n5000-d2-seed42,synthetic,gaussian_sparse,iid,5000,2,,42,False,50,50,HDBSCAN,exact_single_linkage_pairwise_smallest_common_cluster_size_agreement,ScoreSG,score_sg,ok,,16.848071493994212,1.558999065309763e-05,16.848087083984865,16.848087083984865,3,0.0,,0.999995040224,0.9794100178182538,4947,4999,4999,2.616244096390881e-08,3.724698834859424e-08
synthetic,gaussian_sparse-iid-n5000-d2-seed42,synthetic,gaussian_sparse,iid,5000,2,,42,False,50,50,HDBSCAN,exact_single_linkage_pairwise_smallest_common_cluster_size_agreement,ScoreSG Random,score_sg_random,ok,,1.349303233990213,9.342009434476496e-06,1.3493125759996474,1.3493125759996474,3,0.0,,0.999995040224,0.9794100178182538,4947,4999,4999,2.616244096390881e-08,3.724698834859424e-08
synthetic,gaussian_sparse-iid-n5000-d2-seed42,synthetic,gaussian_sparse,iid,5000,2,,42,False,49,50,HDBSCAN,exact_single_linkage_pairwise_smallest_common_cluster_size_agreement,HDBSCAN,hdbscan_generic,ok,,1.564284129999578,0.0,1.564284129999578,1.564284129999578,2,1.0,,1.0,1.0,4999,4999,4999,0.0,0.0
synthetic,gaussian_sparse-iid-n5000-d2-seed42,synthetic,gaussian_sparse,iid,5000,2,,42,False,49,50,HDBSCAN,exact_single_linkage_pairwise_smallest_common_cluster_size_agreement,Optimized HDBSCAN,optimized_hdbscan,ok,,0.264275566994911,0.0,0.264275566994911,0.264275566994911,2,1.0,,0.999997232768,0.0575417812566109,544,4999,4999,2.479123932285678e-16,3.721804171032842e-16
synthetic,gaussian_sparse-iid-n5000-d2-seed42,synthetic,gaussian_sparse,iid,5000,2,,42,False,49,50,HDBSCAN,exact_single_linkage_pairwise_smallest_common_cluster_size_agreement,ScoreSG,score_sg,ok,,16.848071493994212,0.2258214749745093,17.07389296896872,0.2258214749745093,3,0.6142629589950352,,0.999996056416,0.9798019801980198,4948,4999,4999,2.5941237307645374e-08,3.6796467854966424e-08
synthetic,gaussian_sparse-iid-n5000-d2-seed42,synthetic,gaussian_sparse,iid,5000,2,,42,False,49,50,HDBSCAN,exact_single_linkage_pairwise_smallest_common_cluster_size_agreement,ScoreSG Random,score_sg_random,ok,,1.349303233990213,0.2342471119773108,1.5835503459675238,0.2342471119773108,3,0.6142629589950352,,0.999996056416,0.9798019801980198,4948,4999,4999,2.5941237307645374e-08,3.6796467854966424e-08
synthetic,gaussian_sparse-iid-n5000-d2-seed42,synthetic,gaussian_sparse,iid,5000,2,,42,False,48,50,HDBSCAN,exact_single_linkage_pairwise_smallest_common_cluster_size_agreement,HDBSCAN,hdbscan_generic,ok,,1.7216630699986126,0.0,1.7216630699986126,1.7216630699986126,2,1.0,,1.0,1.0,4999,4999,4999,0.0,0.0
synthetic,gaussian_sparse-iid-n5000-d2-seed42,synthetic,gaussian_sparse,iid,5000,2,,42,False,48,50,HDBSCAN,exact_single_linkage_pairwise_smallest_common_cluster_size_agreement,Optimized HDBSCAN,optimized_hdbscan,ok,,0.2742147259996272,0.0,0.2742147259996272,0.2742147259996272,2,1.0,,0.999997694272,0.048557944415312,463,4999,4999,2.490208663225108e-16,3.7729510586971864e-16
synthetic,gaussian_sparse-iid-n5000-d2-seed42,synthetic,gaussian_sparse,iid,5000,2,,42,False,48,50,HDBSCAN,exact_single_linkage_pairwise_smallest_common_cluster_size_agreement,ScoreSG,score_sg,ok,,16.848071493994212,0.2499853320186957,17.098056826012908,0.2499853320186957,3,0.6475466272177962,,0.999996535616,0.9735491512041058,4932,4999,4999,2.5541268607684865e-08,3.619956721085738e-08
synthetic,gaussian_sparse-iid-n5000-d2-seed42,synthetic,gaussian_sparse,iid,5000,2,,42,False,48,50,HDBSCAN,exact_single_linkage_pairwise_smallest_common_cluster_size_agreement,ScoreSG Random,score_sg_random,ok,,1.349303233990213,0.2391491500020492,1.5884523839922622,0.2391491500020492,3,0.6475466272177962,,0.999996535616,0.9735491512041058,4932,4999,4999,2.5541268607684865e-08,3.619956721085738e-08
synthetic,gaussian_sparse-iid-n5000-d2-seed42,synthetic,gaussian_sparse,iid,5000,2,,42,False,47,50,HDBSCAN,exact_single_linkage_pairwise_smallest_common_cluster_size_agreement,HDBSCAN,hdbscan_generic,ok,,1.721900861011818,0.0,1.721900861011818,1.721900861011818,2,1.0,,1.0,1.0,4999,4999,4999,0.0,0.0
synthetic,gaussian_sparse-iid-n5000-d2-seed42,synthetic,gaussian_sparse,iid,5000,2,,42,False,47,50,HDBSCAN,exact_single_linkage_pairwise_smallest_common_cluster_size_agreement,Optimized HDBSCAN,optimized_hdbscan,ok,,0.277143124025315,0.0,0.277143124025315,0.277143124025315,2,1.0,,0.999997442944,0.0465822254789071,445,4999,4999,2.570353418247342e-16,4.083525135354895e-16
synthetic,gaussian_sparse-iid-n5000-d2-seed42,synthetic,gaussian_sparse,iid,5000,2,,42,False,47,50,HDBSCAN,exact_single_linkage_pairwise_smallest_common_cluster_size_agreement,ScoreSG,score_sg,ok,,16.848071493994212,0.2276162589841988,17.07568775297841,0.2276162589841988,3,0.7457513457754317,,0.99999564464,0.9786265584801108,4945,4999,4999,2.5837210223707244e-08,3.6660288548254587e-08
synthetic,gaussian_sparse-iid-n5000-d2-seed42,synthetic,gaussian_sparse,iid,5000,2,,42,False,47,50,HDBSCAN,exact_single_linkage_pairwise_smallest_common_cluster_size_agreement,ScoreSG Random,score_sg_random,ok,,1.349303233990213,0.2180369459965732,1.567340179986786,0.2180369459965732,3,0.7457513457754317,,0.99999564464,0.9786265584801108,4945,4999,4999,2.5837210223707244e-08,3.6660288548254587e-08
synthetic,gaussian_sparse-iid-n5000-d2-seed42,synthetic,gaussian_sparse,iid,5000,2,,42,False,46,50,HDBSCAN,exact_single_linkage_pairwise_smallest_common_cluster_size_agreement,HDBSCAN,hdbscan_generic,ok,,1.7954544090025593,0.0,1.7954544090025593,1.7954544090025593,2,1.0,,1.0,1.0,4999,4999,4999,0.0,0.0
synthetic,gaussian_sparse-iid-n5000-d2-seed42,synthetic,gaussian_sparse,iid,5000,2,,42,False,46,50,HDBSCAN,exact_single_linkage_pairwise_smallest_common_cluster_size_agreement,Optimized HDBSCAN,optimized_hdbscan,ok,,0.2836004139971919,0.0,0.2836004139971919,0.2836004139971919,2,1.0,,0.999997473824,0.0435236405385659,417,4999,4999,2.669394148836445e-16,3.940984001971831e-16
synthetic,gaussian_sparse-iid-n5000-d2-seed42,synthetic,gaussian_sparse,iid,5000,2,,42,False,46,50,HDBSCAN,exact_single_linkage_pairwise_smallest_common_cluster_size_agreement,ScoreSG,score_sg,ok,,16.848071493994212,0.2240793590026442,17.072150852996856,0.2240793590026442,3,0.7968773610622659,,0.999994690528,0.9790182106096595,4946,4999,4999,2.57494689255724e-08,3.6684529616411564e-08
synthetic,gaussian_sparse-iid-n5000-d2-seed42,synthetic,gaussian_sparse,iid,5000,2,,42,False,46,50,HDBSCAN,exact_single_linkage_pairwise_smallest_common_cluster_size_agreement,ScoreSG Random,score_sg_random,ok,,1.349303233990213,0.2174356130126398,1.5667388470028527,0.2174356130126398,3,0.7968773610622659,,0.999994690528,0.9790182106096595,4946,4999,4999,2.57494689255724e-08,3.6684529616411564e-08
synthetic,gaussian_sparse-iid-n5000-d2-seed42,synthetic,gaussian_sparse,iid,5000,2,,42,False,45,50,HDBSCAN,exact_single_linkage_pairwise_smallest_common_cluster_size_agreement,HDBSCAN,hdbscan_generic,ok,,1.7078849850222468,0.0,1.7078849850222468,1.7078849850222468,2,1.0,,1.0,1.0,4999,4999,4999,0.0,0.0
synthetic,gaussian_sparse-iid-n5000-d2-seed42,synthetic,gaussian_sparse,iid,5000,2,,42,False,45,50,HDBSCAN,exact_single_linkage_pairwise_smallest_common_cluster_size_agreement,Optimized HDBSCAN,optimized_hdbscan,ok,,0.2883579170156736,0.0,0.2883579170156736,0.2883579170156736,2,1.0,,0.999997573312,0.0572063022100031,541,4999,4999,2.9420397110503513e-16,4.281801103119764e-16
synthetic,gaussian_sparse-iid-n5000-d2-seed42,synthetic,gaussian_sparse,iid,5000,2,,42,False,45,50,HDBSCAN,exact_single_linkage_pairwise_smallest_common_cluster_size_agreement,ScoreSG,score_sg,ok,,16.848071493994212,0.2244896450138185,17.07256113900803,0.2244896450138185,5,0.8838560386296114,,0.999995511552,0.9774525316455696,4942,4999,4999,2.5335744920486282e-08,3.5877459700113734e-08
synthetic,gaussian_sparse-iid-n5000-d2-seed42,synthetic,gaussian_sparse,iid,5000,2,,42,False,45,50,HDBSCAN,exact_single_linkage_pairwise_smallest_common_cluster_size_agreement,ScoreSG Random,score_sg_random,ok,,1.349303233990213,0.2176747470221016,1.5669779810123146,0.2176747470221016,5,0.8838560386296114,,0.999995511552,0.9774525316455696,4942,4999,4999,2.5335744920486282e-08,3.5877459700113734e-08
synthetic,gaussian_sparse-iid-n5000-d2-seed42,synthetic,gaussian_sparse,iid,5000,2,,42,False,44,50,HDBSCAN,exact_single_linkage_pairwise_smallest_common_cluster_size_agreement,HDBSCAN,hdbscan_generic,ok,,1.754754539986607,0.0,1.754754539986607,1.754754539986607,2,1.0,,1.0,1.0,4999,4999,4999,0.0,0.0
synthetic,gaussian_sparse-iid-n5000-d2-seed42,synthetic,gaussian_sparse,iid,5000,2,,42,False,44,50,HDBSCAN,exact_single_linkage_pairwise_smallest_common_cluster_size_agreement,Optimized HDBSCAN,optimized_hdbscan,ok,,0.2795141820097342,0.0,0.2795141820097342,0.2795141820097342,2,1.0,,0.999997308096,0.0604582095884599,570,4999,4999,2.7721489821013227e-16,4.0808595742052333e-16
synthetic,gaussian_sparse-iid-n5000-d2-seed42,synthetic,gaussian_sparse,iid,5000,2,,42,False,44,50,HDBSCAN,exact_single_linkage_pairwise_smallest_common_cluster_size_agreement,ScoreSG,score_sg,ok,,16.848071493994212,0.2101951070071663,17.058266601001378,0.2101951070071663,5,0.845262393830667,,0.999995038976,0.9758893280632412,4938,4999,4999,2.518290080974273e-08,3.630957459382549e-08
synthetic,gaussian_sparse-iid-n5000-d2-seed42,synthetic,gaussian_sparse,iid,5000,2,,42,False,44,50,HDBSCAN,exact_single_linkage_pairwise_smallest_common_cluster_size_agreement,ScoreSG Random,score_sg_random,ok,,1.349303233990213,0.2145834819821175,1.5638867159723304,0.2145834819821175,5,0.845262393830667,,0.999995038976,0.9758893280632412,4938,4999,4999,2.518290080974273e-08,3.630957459382549e-08
synthetic,gaussian_sparse-iid-n5000-d2-seed42,synthetic,gaussian_sparse,iid,5000,2,,42,False,43,50,HDBSCAN,exact_single_linkage_pairwise_smallest_common_cluster_size_agreement,HDBSCAN,hdbscan_generic,ok,,1.5920391000108791,0.0,1.5920391000108791,1.5920391000108791,2,1.0,,1.0,1.0,4999,4999,4999,0.0,0.0
synthetic,gaussian_sparse-iid-n5000-d2-seed42,synthetic,gaussian_sparse,iid,5000,2,,42,False,43,50,HDBSCAN,exact_single_linkage_pairwise_smallest_common_cluster_size_agreement,Optimized HDBSCAN,optimized_hdbscan,ok,,0.2683361859817523,0.0,0.2683361859817523,0.2683361859817523,2,1.0,,0.999997523648,0.0510933557611438,486,4999,4999,2.939463944313621e-16,4.471607558172759e-16
synthetic,gaussian_sparse-iid-n5000-d2-seed42,synthetic,gaussian_sparse,iid,5000,2,,42,False,43,50,HDBSCAN,exact_single_linkage_pairwise_smallest_common_cluster_size_agreement,ScoreSG,score_sg,ok,,16.848071493994212,0.2103961489920038,17.058467642986216,0.2103961489920038,5,0.8568286511910138,,0.999995814624,0.9794100178182538,4947,4999,4999,2.5595835385593588e-08,3.6582717034869246e-08
synthetic,gaussian_sparse-iid-n5000-d2-seed42,synthetic,gaussian_sparse,iid,5000,2,,42,False,43,50,HDBSCAN,exact_single_linkage_pairwise_smallest_common_cluster_size_agreement,ScoreSG Random,score_sg_random,ok,,1.349303233990213,0.2133084230008535,1.5626116569910664,0.2133084230008535,5,0.8568286511910138,,0.999995814624,0.9794100178182538,4947,4999,4999,2.5595835385593588e-08,3.6582717034869246e-08
synthetic,gaussian_sparse-iid-n5000-d2-seed42,synthetic,gaussian_sparse,iid,5000,2,,42,False,42,50,HDBSCAN,exact_single_linkage_pairwise_smallest_common_cluster_size_agreement,HDBSCAN,hdbscan_generic,ok,,1.6154038489912637,0.0,1.6154038489912637,1.6154038489912637,2,1.0,,1.0,1.0,4999,4999,4999,0.0,0.0
synthetic,gaussian_sparse-iid-n5000-d2-seed42,synthetic,gaussian_sparse,iid,5000,2,,42,False,42,50,HDBSCAN,exact_single_linkage_pairwise_smallest_common_cluster_size_agreement,Optimized HDBSCAN,optimized_hdbscan,ok,,0.2657032359857112,0.0,0.2657032359857112,0.2657032359857112,2,1.0,,0.999996965568,0.0538631811953199,511,4999,4999,3.0772840244686027e-16,4.637359118348074e-16
synthetic,gaussian_sparse-iid-n5000-d2-seed42,synthetic,gaussian_sparse,iid,5000,2,,42,False,42,50,HDBSCAN,exact_single_linkage_pairwise_smallest_common_cluster_size_agreement,ScoreSG,score_sg,ok,,16.848071493994212,0.2193305059918202,17.067401999986032,0.2193305059918202,5,0.8607259503749259,,0.9999956832,0.9786265584801108,4945,4999,4999,2.5867031613551345e-08,3.691249504169093e-08
synthetic,gaussian_sparse-iid-n5000-d2-seed42,synthetic,gaussian_sparse,iid,5000,2,,42,False,42,50,HDBSCAN,exact_single_linkage_pairwise_smallest_common_cluster_size_agreement,ScoreSG Random,score_sg_random,ok,,1.349303233990213,0.2193302960076835,1.5686335299978964,0.2193302960076835,5,0.8607259503749259,,0.9999956832,0.9786265584801108,4945,4999,4999,2.5867031613551345e-08,3.691249504169093e-08
synthetic,gaussian_sparse-iid-n5000-d2-seed42,synthetic,gaussian_sparse,iid,5000,2,,42,False,41,50,HDBSCAN,exact_single_linkage_pairwise_smallest_common_cluster_size_agreement,HDBSCAN,hdbscan_generic,ok,,1.6074134800001048,0.0,1.6074134800001048,1.6074134800001048,2,1.0,,1.0,1.0,4999,4999,4999,0.0,0.0
synthetic,gaussian_sparse-iid-n5000-d2-seed42,synthetic,gaussian_sparse,iid,5000,2,,42,False,41,50,HDBSCAN,exact_single_linkage_pairwise_smallest_common_cluster_size_agreement,Optimized HDBSCAN,optimized_hdbscan,ok,,0.2640418739756569,0.0,0.2640418739756569,0.2640418739756569,2,1.0,,0.999996512384,0.0592223752516156,559,4999,4999,2.872379336966248e-16,4.2404113404102807e-16
synthetic,gaussian_sparse-iid-n5000-d2-seed42,synthetic,gaussian_sparse,iid,5000,2,,42,False,41,50,HDBSCAN,exact_single_linkage_pairwise_smallest_common_cluster_size_agreement,ScoreSG,score_sg,ok,,16.848071493994212,0.2376258169824723,17.085697310976684,0.2376258169824723,1,0.1832939854848854,,0.999995566048,0.9813713832738804,4952,4999,4999,2.5676269968674473e-08,3.69873161504673e-08
synthetic,gaussian_sparse-iid-n5000-d2-seed42,synthetic,gaussian_sparse,iid,5000,2,,42,False,41,50,HDBSCAN,exact_single_linkage_pairwise_smallest_common_cluster_size_agreement,ScoreSG Random,score_sg_random,ok,,1.349303233990213,0.2328664099914021,1.582169643981615,0.2328664099914021,1,0.1832939854848854,,0.999995566048,0.9813713832738804,4952,4999,4999,2.5676269968674473e-08,3.69873161504673e-08
synthetic,gaussian_sparse-iid-n5000-d2-seed42,synthetic,gaussian_sparse,iid,5000,2,,42,False,40,50,HDBSCAN,exact_single_linkage_pairwise_smallest_common_cluster_size_agreement,HDBSCAN,hdbscan_generic,ok,,1.5914902350050395,0.0,1.5914902350050395,1.5914902350050395,2,1.0,,1.0,1.0,4999,4999,4999,0.0,0.0
synthetic,gaussian_sparse-iid-n5000-d2-seed42,synthetic,gaussian_sparse,iid,5000,2,,42,False,40,50,HDBSCAN,exact_single_linkage_pairwise_smallest_common_cluster_size_agreement,Optimized HDBSCAN,optimized_hdbscan,ok,,0.2650614370068069,0.0,0.2650614370068069,0.2650614370068069,2,1.0,,0.999996732224,0.0602332979851537,568,4999,4999,3.231472210319612e-16,4.758277556053503e-16
synthetic,gaussian_sparse-iid-n5000-d2-seed42,synthetic,gaussian_sparse,iid,5000,2,,42,False,40,50,HDBSCAN,exact_single_linkage_pairwise_smallest_common_cluster_size_agreement,ScoreSG,score_sg,ok,,16.848071493994212,0.2201146679872181,17.06818616198143,0.2201146679872181,5,0.8789110236496858,,0.999993893888,0.9754989132582492,4937,4999,4999,2.5352508050610944e-08,3.6385378968685354e-08
synthetic,gaussian_sparse-iid-n5000-d2-seed42,synthetic,gaussian_sparse,iid,5000,2,,42,False,40,50,HDBSCAN,exact_single_linkage_pairwise_smallest_common_cluster_size_agreement,ScoreSG Random,score_sg_random,ok,,1.349303233990213,0.2172488360083662,1.566552069998579,0.2172488360083662,5,0.8789110236496858,,0.999993893888,0.9754989132582492,4937,4999,4999,2.5352508050610944e-08,3.6385378968685354e-08
synthetic,gaussian_sparse-iid-n5000-d2-seed42,synthetic,gaussian_sparse,iid,5000,2,,42,False,39,50,HDBSCAN,exact_single_linkage_pairwise_smallest_common_cluster_size_agreement,HDBSCAN,hdbscan_generic,ok,,1.6158588429971132,0.0,1.6158588429971132,1.6158588429971132,2,1.0,,1.0,1.0,4999,4999,4999,0.0,0.0
synthetic,gaussian_sparse-iid-n5000-d2-seed42,synthetic,gaussian_sparse,iid,5000,2,,42,False,39,50,HDBSCAN,exact_single_linkage_pairwise_smallest_common_cluster_size_agreement,Optimized HDBSCAN,optimized_hdbscan,ok,,0.2593529519799631,0.0,0.2593529519799631,0.2593529519799631,2,1.0,,0.999997396672,0.0606832166348398,572,4999,4999,3.1268693927816907e-16,4.804443196118369e-16
synthetic,gaussian_sparse-iid-n5000-d2-seed42,synthetic,gaussian_sparse,iid,5000,2,,42,False,39,50,HDBSCAN,exact_single_linkage_pairwise_smallest_common_cluster_size_agreement,ScoreSG,score_sg,ok,,16.848071493994212,0.2335945150116458,17.081666009005858,0.2335945150116458,2,0.1574964179966092,,0.999995460736,0.9747185463164132,4935,4999,4999,2.6326194525576856e-08,3.761524589354288e-08
synthetic,gaussian_sparse-iid-n5000-d2-seed42,synthetic,gaussian_sparse,iid,5000,2,,42,False,39,50,HDBSCAN,exact_single_linkage_pairwise_smallest_common_cluster_size_agreement,ScoreSG Random,score_sg_random,ok,,1.349303233990213,0.2379302640038076,1.5872334979940206,0.2379302640038076,2,0.1574964179966092,,0.999995460736,0.9747185463164132,4935,4999,4999,2.6326194525576856e-08,3.761524589354288e-08
synthetic,gaussian_sparse-iid-n5000-d2-seed42,synthetic,gaussian_sparse,iid,5000,2,,42,False,38,50,HDBSCAN,exact_single_linkage_pairwise_smallest_common_cluster_size_agreement,HDBSCAN,hdbscan_generic,ok,,1.6049916170013605,0.0,1.6049916170013605,1.6049916170013605,2,1.0,,1.0,1.0,4999,4999,4999,0.0,0.0
synthetic,gaussian_sparse-iid-n5000-d2-seed42,synthetic,gaussian_sparse,iid,5000,2,,42,False,38,50,HDBSCAN,exact_single_linkage_pairwise_smallest_common_cluster_size_agreement,Optimized HDBSCAN,optimized_hdbscan,ok,,0.2617497760220431,0.0,0.2617497760220431,0.2617497760220431,2,1.0,,0.999997270528,0.0671363005656953,629,4999,4999,3.3483196784005116e-16,5.120925555020487e-16
synthetic,gaussian_sparse-iid-n5000-d2-seed42,synthetic,gaussian_sparse,iid,5000,2,,42,False,38,50,HDBSCAN,exact_single_linkage_pairwise_smallest_common_cluster_size_agreement,ScoreSG,score_sg,ok,,16.848071493994212,0.2389040989801287,17.08697559297434,0.2389040989801287,2,0.1454329841161987,,0.99999594784,0.970049261083744,4923,4999,4999,2.55393744504147e-08,3.6932124593883416e-08
synthetic,gaussian_sparse-iid-n5000-d2-seed42,synthetic,gaussian_sparse,iid,5000,2,,42,False,38,50,HDBSCAN,exact_single_linkage_pairwise_smallest_common_cluster_size_agreement,ScoreSG Random,score_sg_random,ok,,1.349303233990213,0.2395342899835668,1.5888375239737798,0.2395342899835668,2,0.1454329841161987,,0.99999594784,0.970049261083744,4923,4999,4999,2.55393744504147e-08,3.6932124593883416e-08
synthetic,gaussian_sparse-iid-n5000-d2-seed42,synthetic,gaussian_sparse,iid,5000,2,,42,False,37,50,HDBSCAN,exact_single_linkage_pairwise_smallest_common_cluster_size_agreement,HDBSCAN,hdbscan_generic,ok,,1.6196686809998937,0.0,1.6196686809998937,1.6196686809998937,2,1.0,,1.0,1.0,4999,4999,4999,0.0,0.0
synthetic,gaussian_sparse-iid-n5000-d2-seed42,synthetic,gaussian_sparse,iid,5000,2,,42,False,37,50,HDBSCAN,exact_single_linkage_pairwise_smallest_common_cluster_size_agreement,Optimized HDBSCAN,optimized_hdbscan,ok,,0.2598124080104753,0.0,0.2598124080104753,0.2598124080104753,2,1.0,,0.99999651488,0.0659985073035504,619,4999,4999,3.4326786611542353e-16,5.259371628173632e-16
synthetic,gaussian_sparse-iid-n5000-d2-seed42,synthetic,gaussian_sparse,iid,5000,2,,42,False,37,50,HDBSCAN,exact_single_linkage_pairwise_smallest_common_cluster_size_agreement,ScoreSG,score_sg,ok,,16.848071493994212,0.2385561429837253,17.086627636977937,0.2385561429837253,3,0.1408350156370322,,0.999994813152,0.9727703235990528,4930,4999,4999,2.5569236635108644e-08,3.647734714460661e-08
synthetic,gaussian_sparse-iid-n5000-d2-seed42,synthetic,gaussian_sparse,iid,5000,2,,42,False,37,50,HDBSCAN,exact_single_linkage_pairwise_smallest_common_cluster_size_agreement,ScoreSG Random,score_sg_random,ok,,1.349303233990213,0.2366008259996306,1.5859040599898435,0.2366008259996306,3,0.1408350156370322,,0.999994813152,0.9727703235990528,4930,4999,4999,2.5569236635108644e-08,3.647734714460661e-08
synthetic,gaussian_sparse-iid-n5000-d2-seed42,synthetic,gaussian_sparse,iid,5000,2,,42,False,36,50,HDBSCAN,exact_single_linkage_pairwise_smallest_common_cluster_size_agreement,HDBSCAN,hdbscan_generic,ok,,1.628995031991508,0.0,1.628995031991508,1.628995031991508,2,1.0,,1.0,1.0,4999,4999,4999,0.0,0.0
synthetic,gaussian_sparse-iid-n5000-d2-seed42,synthetic,gaussian_sparse,iid,5000,2,,42,False,36,50,HDBSCAN,exact_single_linkage_pairwise_smallest_common_cluster_size_agreement,Optimized HDBSCAN,optimized_hdbscan,ok,,0.2554662009933963,0.0,0.2554662009933963,0.2554662009933963,2,1.0,,0.999996840032,0.0730921970591392,681,4999,4999,3.41625895462851e-16,5.036286953458291e-16
synthetic,gaussian_sparse-iid-n5000-d2-seed42,synthetic,gaussian_sparse,iid,5000,2,,42,False,36,50,HDBSCAN,exact_single_linkage_pairwise_smallest_common_cluster_size_agreement,ScoreSG,score_sg,ok,,16.848071493994212,0.2391415390011388,17.08721303299535,0.2391415390011388,3,0.1535545540271133,,0.999992238016,0.973938795656466,4933,4999,4999,2.5493375870496944e-08,3.627165035410372e-08
synthetic,gaussian_sparse-iid-n5000-d2-seed42,synthetic,gaussian_sparse,iid,5000,2,,42,False,36,50,HDBSCAN,exact_single_linkage_pairwise_smallest_common_cluster_size_agreement,ScoreSG Random,score_sg_random,ok,,1.349303233990213,0.2339136640075594,1.5832168979977723,0.2339136640075594,3,0.1535545540271133,,0.999992238016,0.973938795656466,4933,4999,4999,2.5493375870496944e-08,3.627165035410372e-08
synthetic,gaussian_sparse-iid-n5000-d2-seed42,synthetic,gaussian_sparse,iid,5000,2,,42,False,35,50,HDBSCAN,exact_single_linkage_pairwise_smallest_common_cluster_size_agreement,HDBSCAN,hdbscan_generic,ok,,1.6089396079769358,0.0,1.6089396079769358,1.6089396079769358,2,1.0,,1.0,1.0,4999,4999,4999,0.0,0.0
synthetic,gaussian_sparse-iid-n5000-d2-seed42,synthetic,gaussian_sparse,iid,5000,2,,42,False,35,50,HDBSCAN,exact_single_linkage_pairwise_smallest_common_cluster_size_agreement,Optimized HDBSCAN,optimized_hdbscan,ok,,0.2580322680005338,0.0,0.2580322680005338,0.2580322680005338,2,1.0,,0.999995749504,0.0801642178046672,742,4999,4999,3.248936010910309e-16,4.816439114058845e-16
synthetic,gaussian_sparse-iid-n5000-d2-seed42,synthetic,gaussian_sparse,iid,5000,2,,42,False,35,50,HDBSCAN,exact_single_linkage_pairwise_smallest_common_cluster_size_agreement,ScoreSG,score_sg,ok,,16.848071493994212,0.240602254983969,17.08867374897818,0.240602254983969,4,0.1388033771053031,,0.999993166432,0.9743285939968404,4934,4999,4999,2.5262108743107884e-08,3.638264977471993e-08
synthetic,gaussian_sparse-iid-n5000-d2-seed42,synthetic,gaussian_sparse,iid,5000,2,,42,False,35,50,HDBSCAN,exact_single_linkage_pairwise_smallest_common_cluster_size_agreement,ScoreSG Random,score_sg_random,ok,,1.349303233990213,0.2347773250075988,1.5840805589978115,0.2347773250075988,4,0.1388033771053031,,0.999993166432,0.9743285939968404,4934,4999,4999,2.5262108743107884e-08,3.638264977471993e-08
synthetic,gaussian_sparse-iid-n5000-d2-seed42,synthetic,gaussian_sparse,iid,5000,2,,42,False,34,50,HDBSCAN,exact_single_linkage_pairwise_smallest_common_cluster_size_agreement,HDBSCAN,hdbscan_generic,ok,,1.6004867310111877,0.0,1.6004867310111877,1.6004867310111877,2,1.0,,1.0,1.0,4999,4999,4999,0.0,0.0
synthetic,gaussian_sparse-iid-n5000-d2-seed42,synthetic,gaussian_sparse,iid,5000,2,,42,False,34,50,HDBSCAN,exact_single_linkage_pairwise_smallest_common_cluster_size_agreement,Optimized HDBSCAN,optimized_hdbscan,ok,,0.263611457980005,0.0,0.263611457980005,0.263611457980005,2,1.0,,0.99999719712,0.0898190538478308,824,4999,4999,3.660434954066013e-16,5.639828716282431e-16
synthetic,gaussian_sparse-iid-n5000-d2-seed42,synthetic,gaussian_sparse,iid,5000,2,,42,False,34,50,HDBSCAN,exact_single_linkage_pairwise_smallest_common_cluster_size_agreement,ScoreSG,score_sg,ok,,16.848071493994212,0.2773070269904565,17.12537852098467,0.2773070269904565,2,-0.103426260434042,,0.999993163552,0.9684977357747588,4919,4999,4999,2.5179009550944725e-08,3.6205725735641056e-08
synthetic,gaussian_sparse-iid-n5000-d2-seed42,synthetic,gaussian_sparse,iid,5000,2,,42,False,34,50,HDBSCAN,exact_single_linkage_pairwise_smallest_common_cluster_size_agreement,ScoreSG Random,score_sg_random,ok,,1.349303233990213,0.2710494140046648,1.6203526479948778,0.2710494140046648,2,-0.103426260434042,,0.999993163552,0.9684977357747588,4919,4999,4999,2.5179009550944725e-08,3.6205725735641056e-08
synthetic,gaussian_sparse-iid-n5000-d2-seed42,synthetic,gaussian_sparse,iid,5000,2,,42,False,33,50,HDBSCAN,exact_single_linkage_pairwise_smallest_common_cluster_size_agreement,HDBSCAN,hdbscan_generic,ok,,1.5915583909954876,0.0,1.5915583909954876,1.5915583909954876,2,1.0,,1.0,1.0,4999,4999,4999,0.0,0.0
synthetic,gaussian_sparse-iid-n5000-d2-seed42,synthetic,gaussian_sparse,iid,5000,2,,42,False,33,50,HDBSCAN,exact_single_linkage_pairwise_smallest_common_cluster_size_agreement,Optimized HDBSCAN,optimized_hdbscan,ok,,0.2709322820010129,0.0,0.2709322820010129,0.2709322820010129,2,1.0,,0.999995313408,0.0760951458400602,707,4999,4999,3.760350509678947e-16,5.827967460038466e-16
synthetic,gaussian_sparse-iid-n5000-d2-seed42,synthetic,gaussian_sparse,iid,5000,2,,42,False,33,50,HDBSCAN,exact_single_linkage_pairwise_smallest_common_cluster_size_agreement,ScoreSG,score_sg,ok,,16.848071493994212,0.2394415389862842,17.087513032980496,0.2394415389862842,4,0.3739530356362285,,0.99998870464,0.9716032340761191,4927,4999,4999,2.501617834217524e-08,3.64853102375579e-08
synthetic,gaussian_sparse-iid-n5000-d2-seed42,synthetic,gaussian_sparse,iid,5000,2,,42,False,33,50,HDBSCAN,exact_single_linkage_pairwise_smallest_common_cluster_size_agreement,ScoreSG Random,score_sg_random,ok,,1.349303233990213,0.2361133639933541,1.585416597983567,0.2361133639933541,4,0.3739530356362285,,0.99998870464,0.9716032340761191,4927,4999,4999,2.501617834217524e-08,3.64853102375579e-08
synthetic,gaussian_sparse-iid-n5000-d2-seed42,synthetic,gaussian_sparse,iid,5000,2,,42,False,32,50,HDBSCAN,exact_single_linkage_pairwise_smallest_common_cluster_size_agreement,HDBSCAN,hdbscan_generic,ok,,1.562558984005591,0.0,1.562558984005591,1.562558984005591,3,1.0,,1.0,1.0,4999,4999,4999,0.0,0.0
synthetic,gaussian_sparse-iid-n5000-d2-seed42,synthetic,gaussian_sparse,iid,5000,2,,42,False,32,50,HDBSCAN,exact_single_linkage_pairwise_smallest_common_cluster_size_agreement,Optimized HDBSCAN,optimized_hdbscan,ok,,0.2593306930211838,0.0,0.2593306930211838,0.2593306930211838,3,1.0,,0.999996967104,0.0749381786904633,697,4999,4999,3.9178368822720956e-16,5.768023439009069e-16
synthetic,gaussian_sparse-iid-n5000-d2-seed42,synthetic,gaussian_sparse,iid,5000,2,,42,False,32,50,HDBSCAN,exact_single_linkage_pairwise_smallest_common_cluster_size_agreement,ScoreSG,score_sg,ok,,16.848071493994212,0.23802120401524,17.086092698009452,0.23802120401524,4,0.2950361195749192,,0.999986612736,0.9692731928304116,4921,4999,4999,2.5411777092210013e-08,3.6724914067965856e-08
synthetic,gaussian_sparse-iid-n5000-d2-seed42,synthetic,gaussian_sparse,iid,5000,2,,42,False,32,50,HDBSCAN,exact_single_linkage_pairwise_smallest_common_cluster_size_agreement,ScoreSG Random,score_sg_random,ok,,1.349303233990213,0.2345722629979718,1.5838754969881848,0.2345722629979718,4,0.2950361195749192,,0.999986612736,0.9692731928304116,4921,4999,4999,2.5411777092210013e-08,3.6724914067965856e-08
synthetic,gaussian_sparse-iid-n5000-d2-seed42,synthetic,gaussian_sparse,iid,5000,2,,42,False,31,50,HDBSCAN,exact_single_linkage_pairwise_smallest_common_cluster_size_agreement,HDBSCAN,hdbscan_generic,ok,,1.6136262460204307,0.0,1.6136262460204307,1.6136262460204307,2,1.0,,1.0,1.0,4999,4999,4999,0.0,0.0
synthetic,gaussian_sparse-iid-n5000-d2-seed42,synthetic,gaussian_sparse,iid,5000,2,,42,False,31,50,HDBSCAN,exact_single_linkage_pairwise_smallest_common_cluster_size_agreement,Optimized HDBSCAN,optimized_hdbscan,ok,,0.2816232769982889,0.0,0.2816232769982889,0.2816232769982889,2,1.0,,0.99999594352,0.078183974981128,725,4999,4999,4.316087717111729e-16,6.434081074633883e-16
synthetic,gaussian_sparse-iid-n5000-d2-seed42,synthetic,gaussian_sparse,iid,5000,2,,42,False,31,50,HDBSCAN,exact_single_linkage_pairwise_smallest_common_cluster_size_agreement,ScoreSG,score_sg,ok,,16.848071493994212,0.2818931030051317,17.129964596999343,0.2818931030051317,2,-0.0074614875332356,,0.999991575456,0.961161239701844,4900,4999,4999,2.5083191690078217e-08,3.6634447921139584e-08
synthetic,gaussian_sparse-iid-n5000-d2-seed42,synthetic,gaussian_sparse,iid,5000,2,,42,False,31,50,HDBSCAN,exact_single_linkage_pairwise_smallest_common_cluster_size_agreement,ScoreSG Random,score_sg_random,ok,,1.349303233990213,0.2718261889822315,1.6211294229724444,0.2718261889822315,2,-0.0074614875332356,,0.999991575456,0.961161239701844,4900,4999,4999,2.5083191690078217e-08,3.6634447921139584e-08
synthetic,gaussian_sparse-iid-n5000-d2-seed42,synthetic,gaussian_sparse,iid,5000,2,,42,False,30,50,HDBSCAN,exact_single_linkage_pairwise_smallest_common_cluster_size_agreement,HDBSCAN,hdbscan_generic,ok,,1.6176456100074574,0.0,1.6176456100074574,1.6176456100074574,2,1.0,,1.0,1.0,4999,4999,4999,0.0,0.0
synthetic,gaussian_sparse-iid-n5000-d2-seed42,synthetic,gaussian_sparse,iid,5000,2,,42,False,30,50,HDBSCAN,exact_single_linkage_pairwise_smallest_common_cluster_size_agreement,Optimized HDBSCAN,optimized_hdbscan,ok,,0.2752710790082346,0.0,0.2752710790082346,0.2752710790082346,2,1.0,,0.999995643296,0.0891067538126361,818,4999,4999,4.020147431466642e-16,5.97122731905638e-16
synthetic,gaussian_sparse-iid-n5000-d2-seed42,synthetic,gaussian_sparse,iid,5000,2,,42,False,30,50,HDBSCAN,exact_single_linkage_pairwise_smallest_common_cluster_size_agreement,ScoreSG,score_sg,ok,,16.848071493994212,0.2797149099933449,17.127786403987557,0.2797149099933449,2,-0.0090470535508022,,0.99998772448,0.9654020051110674,4911,4999,4999,2.462455023011933e-08,3.5864955540979786e-08
synthetic,gaussian_sparse-iid-n5000-d2-seed42,synthetic,gaussian_sparse,iid,5000,2,,42,False,30,50,HDBSCAN,exact_single_linkage_pairwise_smallest_common_cluster_size_agreement,ScoreSG Random,score_sg_random,ok,,1.349303233990213,0.2739466750063002,1.6232499089965131,0.2739466750063002,2,-0.0090470535508022,,0.99998772448,0.9654020051110674,4911,4999,4999,2.462455023011933e-08,3.5864955540979786e-08
synthetic,gaussian_sparse-iid-n5000-d2-seed42,synthetic,gaussian_sparse,iid,5000,2,,42,False,29,50,HDBSCAN,exact_single_linkage_pairwise_smallest_common_cluster_size_agreement,HDBSCAN,hdbscan_generic,ok,,1.6041663939831778,0.0,1.6041663939831778,1.6041663939831778,1,1.0,,1.0,1.0,4999,4999,4999,0.0,0.0
synthetic,gaussian_sparse-iid-n5000-d2-seed42,synthetic,gaussian_sparse,iid,5000,2,,42,False,29,50,HDBSCAN,exact_single_linkage_pairwise_smallest_common_cluster_size_agreement,Optimized HDBSCAN,optimized_hdbscan,ok,,0.2684639669896569,0.0,0.2684639669896569,0.2684639669896569,1,1.0,,0.999996085408,0.0977162933684672,890,4999,4999,3.797524092938352e-16,5.819924800965987e-16
synthetic,gaussian_sparse-iid-n5000-d2-seed42,synthetic,gaussian_sparse,iid,5000,2,,42,False,29,50,HDBSCAN,exact_single_linkage_pairwise_smallest_common_cluster_size_agreement,ScoreSG,score_sg,ok,,16.848071493994212,0.2827463629946578,17.13081785698887,0.2827463629946578,2,-0.0139649683730147,,0.999988211584,0.9627012171181782,4904,4999,4999,2.5209736508281004e-08,3.6436546518025225e-08
synthetic,gaussian_sparse-iid-n5000-d2-seed42,synthetic,gaussian_sparse,iid,5000,2,,42,False,29,50,HDBSCAN,exact_single_linkage_pairwise_smallest_common_cluster_size_agreement,ScoreSG Random,score_sg_random,ok,,1.349303233990213,0.2776853010000195,1.6269885349902324,0.2776853010000195,2,-0.0139649683730147,,0.999988211584,0.9627012171181782,4904,4999,4999,2.5209736508281004e-08,3.6436546518025225e-08
synthetic,gaussian_sparse-iid-n5000-d2-seed42,synthetic,gaussian_sparse,iid,5000,2,,42,False,28,50,HDBSCAN,exact_single_linkage_pairwise_smallest_common_cluster_size_agreement,HDBSCAN,hdbscan_generic,ok,,1.6211972989840433,0.0,1.6211972989840433,1.6211972989840433,2,1.0,,1.0,1.0,4999,4999,4999,0.0,0.0
synthetic,gaussian_sparse-iid-n5000-d2-seed42,synthetic,gaussian_sparse,iid,5000,2,,42,False,28,50,HDBSCAN,exact_single_linkage_pairwise_smallest_common_cluster_size_agreement,Optimized HDBSCAN,optimized_hdbscan,ok,,0.2718323750013951,0.0,0.2718323750013951,0.2718323750013951,2,1.0,,0.999994236096,0.0973548457908023,887,4999,4999,4.143153313852701e-16,6.252992648795089e-16
synthetic,gaussian_sparse-iid-n5000-d2-seed42,synthetic,gaussian_sparse,iid,5000,2,,42,False,28,50,HDBSCAN,exact_single_linkage_pairwise_smallest_common_cluster_size_agreement,ScoreSG,score_sg,ok,,16.848071493994212,0.2696532700210809,17.117724764015293,0.2696532700210809,2,0.0030311340948523,,0.999987931968,0.9661750245821042,4913,4999,4999,2.582242329595526e-08,3.692355668210682e-08
synthetic,gaussian_sparse-iid-n5000-d2-seed42,synthetic,gaussian_sparse,iid,5000,2,,42,False,28,50,HDBSCAN,exact_single_linkage_pairwise_smallest_common_cluster_size_agreement,ScoreSG Random,score_sg_random,ok,,1.349303233990213,0.2749814560229424,1.6242846900131551,0.2749814560229424,2,0.0030311340948523,,0.999987931968,0.9661750245821042,4913,4999,4999,2.582242329595526e-08,3.692355668210682e-08
synthetic,gaussian_sparse-iid-n5000-d2-seed42,synthetic,gaussian_sparse,iid,5000,2,,42,False,27,50,HDBSCAN,exact_single_linkage_pairwise_smallest_common_cluster_size_agreement,HDBSCAN,hdbscan_generic,ok,,1.6191619810124394,0.0,1.6191619810124394,1.6191619810124394,2,1.0,,1.0,1.0,4999,4999,4999,0.0,0.0
synthetic,gaussian_sparse-iid-n5000-d2-seed42,synthetic,gaussian_sparse,iid,5000,2,,42,False,27,50,HDBSCAN,exact_single_linkage_pairwise_smallest_common_cluster_size_agreement,Optimized HDBSCAN,optimized_hdbscan,ok,,0.2734046599944122,0.0,0.2734046599944122,0.2734046599944122,2,1.0,,0.999995228704,0.0872118312309699,802,4999,4999,4.479479962355272e-16,6.659115297608507e-16
synthetic,gaussian_sparse-iid-n5000-d2-seed42,synthetic,gaussian_sparse,iid,5000,2,,42,False,27,50,HDBSCAN,exact_single_linkage_pairwise_smallest_common_cluster_size_agreement,ScoreSG,score_sg,ok,,16.848071493994212,0.2806351629842538,17.128706656978466,0.2806351629842538,2,0.0060345119434715,,0.999988272416,0.970049261083744,4923,4999,4999,2.5168561758283814e-08,3.6836425852129054e-08
synthetic,gaussian_sparse-iid-n5000-d2-seed42,synthetic,gaussian_sparse,iid,5000,2,,42,False,27,50,HDBSCAN,exact_single_linkage_pairwise_smallest_common_cluster_size_agreement,ScoreSG Random,score_sg_random,ok,,1.349303233990213,0.2723102520103566,1.6216134860005695,0.2723102520103566,2,0.0060345119434715,,0.999988272416,0.970049261083744,4923,4999,4999,2.5168561758283814e-08,3.6836425852129054e-08
synthetic,gaussian_sparse-iid-n5000-d2-seed42,synthetic,gaussian_sparse,iid,5000,2,,42,False,26,50,HDBSCAN,exact_single_linkage_pairwise_smallest_common_cluster_size_agreement,HDBSCAN,hdbscan_generic,ok,,1.6274279749777634,0.0,1.6274279749777634,1.6274279749777634,2,1.0,,1.0,1.0,4999,4999,4999,0.0,0.0
synthetic,gaussian_sparse-iid-n5000-d2-seed42,synthetic,gaussian_sparse,iid,5000,2,,42,False,26,50,HDBSCAN,exact_single_linkage_pairwise_smallest_common_cluster_size_agreement,Optimized HDBSCAN,optimized_hdbscan,ok,,0.2684095940203406,0.0,0.2684095940203406,0.2684095940203406,2,1.0,,0.999994647936,0.1042633090346808,944,4999,4999,4.973805030739264e-16,7.196027301497945e-16
synthetic,gaussian_sparse-iid-n5000-d2-seed42,synthetic,gaussian_sparse,iid,5000,2,,42,False,26,50,HDBSCAN,exact_single_linkage_pairwise_smallest_common_cluster_size_agreement,ScoreSG,score_sg,ok,,16.848071493994212,0.2750986300234217,17.123170124017633,0.2750986300234217,2,0.0073129697735416,,0.999983887104,0.9584720861900098,4893,4999,4999,2.518448610960838e-08,3.65664835505637e-08
synthetic,gaussian_sparse-iid-n5000-d2-seed42,synthetic,gaussian_sparse,iid,5000,2,,42,False,26,50,HDBSCAN,exact_single_linkage_pairwise_smallest_common_cluster_size_agreement,ScoreSG Random,score_sg_random,ok,,1.349303233990213,0.2763128769875038,1.6256161109777167,0.2763128769875038,2,0.0073129697735416,,0.999983887104,0.9584720861900098,4893,4999,4999,2.518448610960838e-08,3.65664835505637e-08
synthetic,gaussian_sparse-iid-n5000-d2-seed42,synthetic,gaussian_sparse,iid,5000,2,,42,False,25,50,HDBSCAN,exact_single_linkage_pairwise_smallest_common_cluster_size_agreement,HDBSCAN,hdbscan_generic,ok,,1.6179572240216658,0.0,1.6179572240216658,1.6179572240216658,2,1.0,,1.0,1.0,4999,4999,4999,0.0,0.0
synthetic,gaussian_sparse-iid-n5000-d2-seed42,synthetic,gaussian_sparse,iid,5000,2,,42,False,25,50,HDBSCAN,exact_single_linkage_pairwise_smallest_common_cluster_size_agreement,Optimized HDBSCAN,optimized_hdbscan,ok,,0.2709147699933965,0.0,0.2709147699933965,0.2709147699933965,2,1.0,,0.999995143232,0.1183445190156599,1058,4999,4999,4.701920432503943e-16,6.78418027345299e-16
synthetic,gaussian_sparse-iid-n5000-d2-seed42,synthetic,gaussian_sparse,iid,5000,2,,42,False,25,50,HDBSCAN,exact_single_linkage_pairwise_smallest_common_cluster_size_agreement,ScoreSG,score_sg,ok,,16.848071493994212,0.2746289740025531,17.122700467996765,0.2746289740025531,2,0.0147352588384682,,0.99998332208,0.9580885233059148,4892,4999,4999,2.5493703314949764e-08,3.6727117150744564e-08
synthetic,gaussian_sparse-iid-n5000-d2-seed42,synthetic,gaussian_sparse,iid,5000,2,,42,False,25,50,HDBSCAN,exact_single_linkage_pairwise_smallest_common_cluster_size_agreement,ScoreSG Random,score_sg_random,ok,,1.349303233990213,0.2708866200118791,1.620189854002092,0.2708866200118791,2,0.0147352588384682,,0.99998332208,0.9580885233059148,4892,4999,4999,2.5493703314949764e-08,3.6727117150744564e-08
synthetic,gaussian_sparse-iid-n5000-d2-seed42,synthetic,gaussian_sparse,iid,5000,2,,42,False,24,50,HDBSCAN,exact_single_linkage_pairwise_smallest_common_cluster_size_agreement,HDBSCAN,hdbscan_generic,ok,,1.6085193729959428,0.0,1.6085193729959428,1.6085193729959428,3,1.0,,1.0,1.0,4999,4999,4999,0.0,0.0
synthetic,gaussian_sparse-iid-n5000-d2-seed42,synthetic,gaussian_sparse,iid,5000,2,,42,False,24,50,HDBSCAN,exact_single_linkage_pairwise_smallest_common_cluster_size_agreement,Optimized HDBSCAN,optimized_hdbscan,ok,,0.27459715801524,0.0,0.27459715801524,0.27459715801524,3,1.0,,0.99999574288,0.107688898736982,972,4999,4999,4.848088094672303e-16,7.179094036363666e-16
synthetic,gaussian_sparse-iid-n5000-d2-seed42,synthetic,gaussian_sparse,iid,5000,2,,42,False,24,50,HDBSCAN,exact_single_linkage_pairwise_smallest_common_cluster_size_agreement,ScoreSG,score_sg,ok,,16.848071493994212,0.2768344900105148,17.124905984004727,0.2768344900105148,2,-0.0180302971780653,,0.99998591456,0.9638577882537812,4907,4999,4999,2.4984888695744987e-08,3.6734864236687264e-08
synthetic,gaussian_sparse-iid-n5000-d2-seed42,synthetic,gaussian_sparse,iid,5000,2,,42,False,24,50,HDBSCAN,exact_single_linkage_pairwise_smallest_common_cluster_size_agreement,ScoreSG Random,score_sg_random,ok,,1.349303233990213,0.2689968829799909,1.6183001169702038,0.2689968829799909,2,-0.0180302971780653,,0.99998591456,0.9638577882537812,4907,4999,4999,2.4984888695744987e-08,3.6734864236687264e-08
synthetic,gaussian_sparse-iid-n5000-d2-seed42,synthetic,gaussian_sparse,iid,5000,2,,42,False,23,50,HDBSCAN,exact_single_linkage_pairwise_smallest_common_cluster_size_agreement,HDBSCAN,hdbscan_generic,ok,,1.6080884139810223,0.0,1.6080884139810223,1.6080884139810223,4,1.0,,1.0,1.0,4999,4999,4999,0.0,0.0
synthetic,gaussian_sparse-iid-n5000-d2-seed42,synthetic,gaussian_sparse,iid,5000,2,,42,False,23,50,HDBSCAN,exact_single_linkage_pairwise_smallest_common_cluster_size_agreement,Optimized HDBSCAN,optimized_hdbscan,ok,,0.2787675560102798,0.0,0.2787675560102798,0.2787675560102798,4,1.0,,0.999996191104,0.1207263759668198,1077,4999,4999,4.902969601553761e-16,7.317694251743764e-16
synthetic,gaussian_sparse-iid-n5000-d2-seed42,synthetic,gaussian_sparse,iid,5000,2,,42,False,23,50,HDBSCAN,exact_single_linkage_pairwise_smallest_common_cluster_size_agreement,ScoreSG,score_sg,ok,,16.848071493994212,0.2897193399840034,17.137790833978215,0.2897193399840034,2,-0.0007628922687647,,0.999984318144,0.9534974599452912,4880,4999,4999,2.491707647681985e-08,3.5838422677679544e-08
synthetic,gaussian_sparse-iid-n5000-d2-seed42,synthetic,gaussian_sparse,iid,5000,2,,42,False,23,50,HDBSCAN,exact_single_linkage_pairwise_smallest_common_cluster_size_agreement,ScoreSG Random,score_sg_random,ok,,1.349303233990213,0.2775735059985891,1.626876739988802,0.2775735059985891,2,-0.0007628922687647,,0.999984318144,0.9534974599452912,4880,4999,4999,2.491707647681985e-08,3.5838422677679544e-08
synthetic,gaussian_sparse-iid-n5000-d2-seed42,synthetic,gaussian_sparse,iid,5000,2,,42,False,22,50,HDBSCAN,exact_single_linkage_pairwise_smallest_common_cluster_size_agreement,HDBSCAN,hdbscan_generic,ok,,1.6131921999913177,0.0,1.6131921999913177,1.6131921999913177,3,1.0,,1.0,1.0,4999,4999,4999,0.0,0.0
synthetic,gaussian_sparse-iid-n5000-d2-seed42,synthetic,gaussian_sparse,iid,5000,2,,42,False,22,50,HDBSCAN,exact_single_linkage_pairwise_smallest_common_cluster_size_agreement,Optimized HDBSCAN,optimized_hdbscan,ok,,0.2740595079958439,0.0,0.2740595079958439,0.2740595079958439,3,1.0,,0.999994421312,0.1183445190156599,1058,4999,4999,5.154981671522763e-16,7.60325585534132e-16
synthetic,gaussian_sparse-iid-n5000-d2-seed42,synthetic,gaussian_sparse,iid,5000,2,,42,False,22,50,HDBSCAN,exact_single_linkage_pairwise_smallest_common_cluster_size_agreement,ScoreSG,score_sg,ok,,16.848071493994212,0.291316804010421,17.139388298004633,0.291316804010421,2,-0.0051095434017764,,0.99997465872,0.9462721432742844,4861,4999,4999,2.486465875801153e-08,3.594361524772172e-08
synthetic,gaussian_sparse-iid-n5000-d2-seed42,synthetic,gaussian_sparse,iid,5000,2,,42,False,22,50,HDBSCAN,exact_single_linkage_pairwise_smallest_common_cluster_size_agreement,ScoreSG Random,score_sg_random,ok,,1.349303233990213,0.2813475250150077,1.6306507590052206,0.2813475250150077,2,-0.0051095434017764,,0.99997465872,0.9462721432742844,4861,4999,4999,2.486465875801153e-08,3.594361524772172e-08
synthetic,gaussian_sparse-iid-n5000-d2-seed42,synthetic,gaussian_sparse,iid,5000,2,,42,False,21,50,HDBSCAN,exact_single_linkage_pairwise_smallest_common_cluster_size_agreement,HDBSCAN,hdbscan_generic,ok,,1.591582977009239,0.0,1.591582977009239,1.591582977009239,4,1.0,,1.0,1.0,4999,4999,4999,0.0,0.0
synthetic,gaussian_sparse-iid-n5000-d2-seed42,synthetic,gaussian_sparse,iid,5000,2,,42,False,21,50,HDBSCAN,exact_single_linkage_pairwise_smallest_common_cluster_size_agreement,Optimized HDBSCAN,optimized_hdbscan,ok,,0.2660356239939574,0.0,0.2660356239939574,0.2660356239939574,4,1.0,,0.999993483776,0.1217323011331762,1085,4999,4999,5.063537914615289e-16,7.579421640833876e-16
synthetic,gaussian_sparse-iid-n5000-d2-seed42,synthetic,gaussian_sparse,iid,5000,2,,42,False,21,50,HDBSCAN,exact_single_linkage_pairwise_smallest_common_cluster_size_agreement,ScoreSG,score_sg,ok,,16.848071493994212,0.2949179430142976,17.14298943700851,0.2949179430142976,2,0.0051177826627433,,0.999973277248,0.9440015555123468,4855,4999,4999,2.4636184524847067e-08,3.5608373446334655e-08
synthetic,gaussian_sparse-iid-n5000-d2-seed42,synthetic,gaussian_sparse,iid,5000,2,,42,False,21,50,HDBSCAN,exact_single_linkage_pairwise_smallest_common_cluster_size_agreement,ScoreSG Random,score_sg_random,ok,,1.349303233990213,0.2761329000059049,1.625436133996118,0.2761329000059049,2,0.0051177826627433,,0.999973277248,0.9440015555123468,4855,4999,4999,2.4636184524847067e-08,3.5608373446334655e-08
synthetic,gaussian_sparse-iid-n5000-d2-seed42,synthetic,gaussian_sparse,iid,5000,2,,42,False,20,50,HDBSCAN,exact_single_linkage_pairwise_smallest_common_cluster_size_agreement,HDBSCAN,hdbscan_generic,ok,,1.6089692460082006,0.0,1.6089692460082006,1.6089692460082006,4,1.0,,1.0,1.0,4999,4999,4999,0.0,0.0
synthetic,gaussian_sparse-iid-n5000-d2-seed42,synthetic,gaussian_sparse,iid,5000,2,,42,False,20,50,HDBSCAN,exact_single_linkage_pairwise_smallest_common_cluster_size_agreement,Optimized HDBSCAN,optimized_hdbscan,ok,,0.2674384350248147,0.0,0.2674384350248147,0.2674384350248147,4,1.0,,0.999988877024,0.1322763306908267,1168,4999,4999,5.065748999881587e-16,7.696405860348448e-16
synthetic,gaussian_sparse-iid-n5000-d2-seed42,synthetic,gaussian_sparse,iid,5000,2,,42,False,20,50,HDBSCAN,exact_single_linkage_pairwise_smallest_common_cluster_size_agreement,ScoreSG,score_sg,ok,,16.848071493994212,0.2770631939929444,17.125134687987156,0.2770631939929444,2,-0.0301010732387737,,0.999972561408,0.9455146915742364,4859,4999,4999,2.4770609751709324e-08,3.576878847638402e-08
synthetic,gaussian_sparse-iid-n5000-d2-seed42,synthetic,gaussian_sparse,iid,5000,2,,42,False,20,50,HDBSCAN,exact_single_linkage_pairwise_smallest_common_cluster_size_agreement,ScoreSG Random,score_sg_random,ok,,1.349303233990213,0.2773943709908053,1.6266976049810182,0.2773943709908053,2,-0.0301010732387737,,0.999972561408,0.9455146915742364,4859,4999,4999,2.4770609751709324e-08,3.576878847638402e-08
synthetic,gaussian_sparse-iid-n5000-d2-seed42,synthetic,gaussian_sparse,iid,5000,2,,42,False,19,50,HDBSCAN,exact_single_linkage_pairwise_smallest_common_cluster_size_agreement,HDBSCAN,hdbscan_generic,ok,,1.6102389289881105,0.0,1.6102389289881105,1.6102389289881105,5,1.0,,1.0,1.0,4999,4999,4999,0.0,0.0
synthetic,gaussian_sparse-iid-n5000-d2-seed42,synthetic,gaussian_sparse,iid,5000,2,,42,False,19,50,HDBSCAN,exact_single_linkage_pairwise_smallest_common_cluster_size_agreement,Optimized HDBSCAN,optimized_hdbscan,ok,,0.2634928359766491,0.0,0.2634928359766491,0.2634928359766491,5,1.0,,0.999992314464,0.1388540836086114,1219,4999,4999,5.690803766605588e-16,8.250134442817809e-16
synthetic,gaussian_sparse-iid-n5000-d2-seed42,synthetic,gaussian_sparse,iid,5000,2,,42,False,19,50,HDBSCAN,exact_single_linkage_pairwise_smallest_common_cluster_size_agreement,ScoreSG,score_sg,ok,,16.848071493994212,0.2745363040012307,17.122607797995443,0.2745363040012307,2,-0.0122889398643929,,0.999971487712,0.9474094273470978,4864,4999,4999,2.4728143655151266e-08,3.565310788008092e-08
synthetic,gaussian_sparse-iid-n5000-d2-seed42,synthetic,gaussian_sparse,iid,5000,2,,42,False,19,50,HDBSCAN,exact_single_linkage_pairwise_smallest_common_cluster_size_agreement,ScoreSG Random,score_sg_random,ok,,1.349303233990213,0.2814302079787012,1.630733441968914,0.2814302079787012,2,-0.0122889398643929,,0.999971487712,0.9474094273470978,4864,4999,4999,2.4728143655151266e-08,3.565310788008092e-08
synthetic,gaussian_sparse-iid-n5000-d2-seed42,synthetic,gaussian_sparse,iid,5000,2,,42,False,18,50,HDBSCAN,exact_single_linkage_pairwise_smallest_common_cluster_size_agreement,HDBSCAN,hdbscan_generic,ok,,1.6261902230035048,0.0,1.6261902230035048,1.6261902230035048,5,1.0,,1.0,1.0,4999,4999,4999,0.0,0.0
synthetic,gaussian_sparse-iid-n5000-d2-seed42,synthetic,gaussian_sparse,iid,5000,2,,42,False,18,50,HDBSCAN,exact_single_linkage_pairwise_smallest_common_cluster_size_agreement,Optimized HDBSCAN,optimized_hdbscan,ok,,0.2635703050182201,0.0,0.2635703050182201,0.2635703050182201,5,1.0,,0.999990841472,0.1380762663631189,1213,4999,4999,5.368575877887794e-16,7.921341990955728e-16
synthetic,gaussian_sparse-iid-n5000-d2-seed42,synthetic,gaussian_sparse,iid,5000,2,,42,False,18,50,HDBSCAN,exact_single_linkage_pairwise_smallest_common_cluster_size_agreement,ScoreSG,score_sg,ok,,16.848071493994212,0.2762260689924005,17.124297562986612,0.2762260689924005,3,-0.0041258701552986,,0.999968186688,0.943245869776482,4853,4999,4999,2.5290851114345037e-08,3.6681896281331416e-08
synthetic,gaussian_sparse-iid-n5000-d2-seed42,synthetic,gaussian_sparse,iid,5000,2,,42,False,18,50,HDBSCAN,exact_single_linkage_pairwise_smallest_common_cluster_size_agreement,ScoreSG Random,score_sg_random,ok,,1.349303233990213,0.2706542719970457,1.6199575059872586,0.2706542719970457,3,-0.0041258701552986,,0.999968186688,0.943245869776482,4853,4999,4999,2.5290851114345037e-08,3.6681896281331416e-08
synthetic,gaussian_sparse-iid-n5000-d2-seed42,synthetic,gaussian_sparse,iid,5000,2,,42,False,17,50,HDBSCAN,exact_single_linkage_pairwise_smallest_common_cluster_size_agreement,HDBSCAN,hdbscan_generic,ok,,1.6308626679820009,0.0,1.6308626679820009,1.6308626679820009,2,1.0,,1.0,1.0,4999,4999,4999,0.0,0.0
synthetic,gaussian_sparse-iid-n5000-d2-seed42,synthetic,gaussian_sparse,iid,5000,2,,42,False,17,50,HDBSCAN,exact_single_linkage_pairwise_smallest_common_cluster_size_agreement,Optimized HDBSCAN,optimized_hdbscan,ok,,0.2819360999856144,0.0,0.2819360999856144,0.2819360999856144,2,1.0,,0.999993811456,0.1530388651827932,1327,4999,4999,5.631066658763118e-16,8.44521647860064e-16
synthetic,gaussian_sparse-iid-n5000-d2-seed42,synthetic,gaussian_sparse,iid,5000,2,,42,False,17,50,HDBSCAN,exact_single_linkage_pairwise_smallest_common_cluster_size_agreement,ScoreSG,score_sg,ok,,16.848071493994212,0.2652488079911563,17.113320301985368,0.2652488079911563,3,0.476570877566523,,0.999968368864,0.9458933437135072,4860,4999,4999,2.5346672712485393e-08,3.699059509655432e-08
synthetic,gaussian_sparse-iid-n5000-d2-seed42,synthetic,gaussian_sparse,iid,5000,2,,42,False,17,50,HDBSCAN,exact_single_linkage_pairwise_smallest_common_cluster_size_agreement,ScoreSG Random,score_sg_random,ok,,1.349303233990213,0.2794883949973155,1.6287916289875284,0.2794883949973155,3,0.476570877566523,,0.999968368864,0.9458933437135072,4860,4999,4999,2.5346672712485393e-08,3.699059509655432e-08
synthetic,gaussian_sparse-iid-n5000-d2-seed42,synthetic,gaussian_sparse,iid,5000,2,,42,False,16,50,HDBSCAN,exact_single_linkage_pairwise_smallest_common_cluster_size_agreement,HDBSCAN,hdbscan_generic,ok,,1.6481921020022128,0.0,1.6481921020022128,1.6481921020022128,1,1.0,,1.0,1.0,4999,4999,4999,0.0,0.0
synthetic,gaussian_sparse-iid-n5000-d2-seed42,synthetic,gaussian_sparse,iid,5000,2,,42,False,16,50,HDBSCAN,exact_single_linkage_pairwise_smallest_common_cluster_size_agreement,Optimized HDBSCAN,optimized_hdbscan,ok,,0.2889354660001118,0.0,0.2889354660001118,0.2889354660001118,1,1.0,,0.999992206976,0.150650247439291,1309,4999,4999,6.212032840420781e-16,9.064259303963533e-16
synthetic,gaussian_sparse-iid-n5000-d2-seed42,synthetic,gaussian_sparse,iid,5000,2,,42,False,16,50,HDBSCAN,exact_single_linkage_pairwise_smallest_common_cluster_size_agreement,ScoreSG,score_sg,ok,,16.848071493994212,0.2772457849932834,17.125317278987495,0.2772457849932834,3,0.9934684594945048,,0.999970125216,0.9409823335274704,4847,4999,4999,2.4574820063112464e-08,3.5667099645290504e-08
synthetic,gaussian_sparse-iid-n5000-d2-seed42,synthetic,gaussian_sparse,iid,5000,2,,42,False,16,50,HDBSCAN,exact_single_linkage_pairwise_smallest_common_cluster_size_agreement,ScoreSG Random,score_sg_random,ok,,1.349303233990213,0.2768342719937209,1.6261375059839338,0.2768342719937209,3,0.9934684594945048,,0.999970125216,0.9409823335274704,4847,4999,4999,2.4574820063112464e-08,3.5667099645290504e-08
synthetic,gaussian_sparse-iid-n5000-d2-seed42,synthetic,gaussian_sparse,iid,5000,2,,42,False,15,50,HDBSCAN,exact_single_linkage_pairwise_smallest_common_cluster_size_agreement,HDBSCAN,hdbscan_generic,ok,,1.6592266990046485,0.0,1.6592266990046485,1.6592266990046485,3,1.0,,1.0,1.0,4999,4999,4999,0.0,0.0
synthetic,gaussian_sparse-iid-n5000-d2-seed42,synthetic,gaussian_sparse,iid,5000,2,,42,False,15,50,HDBSCAN,exact_single_linkage_pairwise_smallest_common_cluster_size_agreement,Optimized HDBSCAN,optimized_hdbscan,ok,,0.293873042013729,0.0,0.293873042013729,0.293873042013729,3,1.0,,0.999994127456,0.1644537619380386,1412,4999,4999,6.365550595289058e-16,9.276239717864713e-16
synthetic,gaussian_sparse-iid-n5000-d2-seed42,synthetic,gaussian_sparse,iid,5000,2,,42,False,15,50,HDBSCAN,exact_single_linkage_pairwise_smallest_common_cluster_size_agreement,ScoreSG,score_sg,ok,,16.848071493994212,0.276679692993639,17.12475118698785,0.276679692993639,3,1.0,,0.999966954528,0.9398525417151726,4844,4999,4999,2.4984883458524313e-08,3.6176892851967886e-08
synthetic,gaussian_sparse-iid-n5000-d2-seed42,synthetic,gaussian_sparse,iid,5000,2,,42,False,15,50,HDBSCAN,exact_single_linkage_pairwise_smallest_common_cluster_size_agreement,ScoreSG Random,score_sg_random,ok,,1.349303233990213,0.2799492880003527,1.6292525219905656,0.2799492880003527,3,1.0,,0.999966954528,0.9398525417151726,4844,4999,4999,2.4984883458524313e-08,3.6176892851967886e-08
synthetic,gaussian_sparse-iid-n5000-d2-seed42,synthetic,gaussian_sparse,iid,5000,2,,42,False,14,50,HDBSCAN,exact_single_linkage_pairwise_smallest_common_cluster_size_agreement,HDBSCAN,hdbscan_generic,ok,,1.663629668997601,0.0,1.663629668997601,1.663629668997601,2,1.0,,1.0,1.0,4999,4999,4999,0.0,0.0
synthetic,gaussian_sparse-iid-n5000-d2-seed42,synthetic,gaussian_sparse,iid,5000,2,,42,False,14,50,HDBSCAN,exact_single_linkage_pairwise_smallest_common_cluster_size_agreement,Optimized HDBSCAN,optimized_hdbscan,ok,,0.2934567290067207,0.0,0.2934567290067207,0.2934567290067207,2,1.0,,0.999992765984,0.1824955647545831,1543,4999,4999,7.272122703829151e-16,1.0453568006166136e-15
synthetic,gaussian_sparse-iid-n5000-d2-seed42,synthetic,gaussian_sparse,iid,5000,2,,42,False,14,50,HDBSCAN,exact_single_linkage_pairwise_smallest_common_cluster_size_agreement,ScoreSG,score_sg,ok,,16.848071493994212,0.2842817869968712,17.132353280991083,0.2842817869968712,2,1.0,,0.999973232448,0.9345975232198144,4830,4999,4999,2.543081651693064e-08,3.7124354321970024e-08
synthetic,gaussian_sparse-iid-n5000-d2-seed42,synthetic,gaussian_sparse,iid,5000,2,,42,False,14,50,HDBSCAN,exact_single_linkage_pairwise_smallest_common_cluster_size_agreement,ScoreSG Random,score_sg_random,ok,,1.349303233990213,0.2711092770041432,1.620412510994356,0.2711092770041432,2,1.0,,0.999973232448,0.9345975232198144,4830,4999,4999,2.543081651693064e-08,3.7124354321970024e-08
synthetic,gaussian_sparse-iid-n5000-d2-seed42,synthetic,gaussian_sparse,iid,5000,2,,42,False,13,50,HDBSCAN,exact_single_linkage_pairwise_smallest_common_cluster_size_agreement,HDBSCAN,hdbscan_generic,ok,,1.6412536699790508,0.0,1.6412536699790508,1.6412536699790508,2,1.0,,1.0,1.0,4999,4999,4999,0.0,0.0
synthetic,gaussian_sparse-iid-n5000-d2-seed42,synthetic,gaussian_sparse,iid,5000,2,,42,False,13,50,HDBSCAN,exact_single_linkage_pairwise_smallest_common_cluster_size_agreement,Optimized HDBSCAN,optimized_hdbscan,ok,,0.2883895749982912,0.0,0.2883895749982912,0.2883895749982912,2,1.0,,0.999988136352,0.205449722691102,1704,4999,4999,7.497466718930089e-16,1.0930530226333557e-15
synthetic,gaussian_sparse-iid-n5000-d2-seed42,synthetic,gaussian_sparse,iid,5000,2,,42,False,13,50,HDBSCAN,exact_single_linkage_pairwise_smallest_common_cluster_size_agreement,ScoreSG,score_sg,ok,,16.848071493994212,0.2776140009809751,17.125685494975187,0.2776140009809751,3,0.9814075304729768,,0.999950505248,0.924172440338722,4802,4999,4999,2.456331574334867e-08,3.5895488783914204e-08
synthetic,gaussian_sparse-iid-n5000-d2-seed42,synthetic,gaussian_sparse,iid,5000,2,,42,False,13,50,HDBSCAN,exact_single_linkage_pairwise_smallest_common_cluster_size_agreement,ScoreSG Random,score_sg_random,ok,,1.349303233990213,0.2856792499951552,1.6349824839853682,0.2856792499951552,3,0.9814075304729768,,0.999950505248,0.924172440338722,4802,4999,4999,2.456331574334867e-08,3.5895488783914204e-08
synthetic,gaussian_sparse-iid-n5000-d2-seed42,synthetic,gaussian_sparse,iid,5000,2,,42,False,12,50,HDBSCAN,exact_single_linkage_pairwise_smallest_common_cluster_size_agreement,HDBSCAN,hdbscan_generic,ok,,1.6736769239942078,0.0,1.6736769239942078,1.6736769239942078,2,1.0,,1.0,1.0,4999,4999,4999,0.0,0.0
synthetic,gaussian_sparse-iid-n5000-d2-seed42,synthetic,gaussian_sparse,iid,5000,2,,42,False,12,50,HDBSCAN,exact_single_linkage_pairwise_smallest_common_cluster_size_agreement,Optimized HDBSCAN,optimized_hdbscan,ok,,0.2930617679958232,0.0,0.2930617679958232,0.2930617679958232,2,1.0,,0.999991387936,0.219565747743352,1800,4999,4999,7.817319322731306e-16,1.1288555707460502e-15
synthetic,gaussian_sparse-iid-n5000-d2-seed42,synthetic,gaussian_sparse,iid,5000,2,,42,False,12,50,HDBSCAN,exact_single_linkage_pairwise_smallest_common_cluster_size_agreement,ScoreSG,score_sg,ok,,16.848071493994212,0.2719203480228316,17.119991842017043,0.2719203480228316,5,0.9438344353515992,,0.99995430528,0.9134928229665072,4773,4999,4999,2.4390536540286028e-08,3.5395099906123966e-08
synthetic,gaussian_sparse-iid-n5000-d2-seed42,synthetic,gaussian_sparse,iid,5000,2,,42,False,12,50,HDBSCAN,exact_single_linkage_pairwise_smallest_common_cluster_size_agreement,ScoreSG Random,score_sg_random,ok,,1.349303233990213,0.2701119370176457,1.6194151710078586,0.2701119370176457,5,0.9438344353515992,,0.99995430528,0.9134928229665072,4773,4999,4999,2.4390536540286028e-08,3.5395099906123966e-08
synthetic,gaussian_sparse-iid-n5000-d2-seed42,synthetic,gaussian_sparse,iid,5000,2,,42,False,11,50,HDBSCAN,exact_single_linkage_pairwise_smallest_common_cluster_size_agreement,HDBSCAN,hdbscan_generic,ok,,1.6485896020021755,0.0,1.6485896020021755,1.6485896020021755,2,1.0,,1.0,1.0,4999,4999,4999,0.0,0.0
synthetic,gaussian_sparse-iid-n5000-d2-seed42,synthetic,gaussian_sparse,iid,5000,2,,42,False,11,50,HDBSCAN,exact_single_linkage_pairwise_smallest_common_cluster_size_agreement,Optimized HDBSCAN,optimized_hdbscan,ok,,0.28054465202149,0.0,0.28054465202149,0.28054465202149,2,1.0,,0.999990013792,0.2499062382797849,1999,4999,4999,8.870294582783177e-16,1.2959107909165866e-15
synthetic,gaussian_sparse-iid-n5000-d2-seed42,synthetic,gaussian_sparse,iid,5000,2,,42,False,11,50,HDBSCAN,exact_single_linkage_pairwise_smallest_common_cluster_size_agreement,ScoreSG,score_sg,ok,,16.848071493994212,0.2872116520011332,17.135283145995345,0.2872116520011332,3,0.988476479883978,,0.999953914336,0.906559877955759,4754,4999,4999,2.39732171790744e-08,3.4965468665550096e-08
synthetic,gaussian_sparse-iid-n5000-d2-seed42,synthetic,gaussian_sparse,iid,5000,2,,42,False,11,50,HDBSCAN,exact_single_linkage_pairwise_smallest_common_cluster_size_agreement,ScoreSG Random,score_sg_random,ok,,1.349303233990213,0.275309146993095,1.624612380983308,0.275309146993095,3,0.988476479883978,,0.999953914336,0.906559877955759,4754,4999,4999,2.39732171790744e-08,3.4965468665550096e-08
synthetic,gaussian_sparse-iid-n5000-d2-seed42,synthetic,gaussian_sparse,iid,5000,2,,42,False,10,50,HDBSCAN,exact_single_linkage_pairwise_smallest_common_cluster_size_agreement,HDBSCAN,hdbscan_generic,ok,,1.6111643269832712,0.0,1.6111643269832712,1.6111643269832712,2,1.0,,1.0,1.0,4999,4999,4999,0.0,0.0
synthetic,gaussian_sparse-iid-n5000-d2-seed42,synthetic,gaussian_sparse,iid,5000,2,,42,False,10,50,HDBSCAN,exact_single_linkage_pairwise_smallest_common_cluster_size_agreement,Optimized HDBSCAN,optimized_hdbscan,ok,,0.2759864830004517,0.0,0.2759864830004517,0.2759864830004517,2,1.0,,0.999981580544,0.2524113741701115,2015,4999,4999,9.133857166612174e-16,1.3156855303095012e-15
synthetic,gaussian_sparse-iid-n5000-d2-seed42,synthetic,gaussian_sparse,iid,5000,2,,42,False,10,50,HDBSCAN,exact_single_linkage_pairwise_smallest_common_cluster_size_agreement,ScoreSG,score_sg,ok,,16.848071493994212,0.287729664996732,17.135801158990944,0.287729664996732,2,1.0,,0.999933352672,0.9105675520733804,4765,4999,4999,2.425755850983377e-08,3.5497395292789856e-08
synthetic,gaussian_sparse-iid-n5000-d2-seed42,synthetic,gaussian_sparse,iid,5000,2,,42,False,10,50,HDBSCAN,exact_single_linkage_pairwise_smallest_common_cluster_size_agreement,ScoreSG Random,score_sg_random,ok,,1.349303233990213,0.2872159150138031,1.636519149004016,0.2872159150138031,2,1.0,,0.999933352672,0.9105675520733804,4765,4999,4999,2.425755850983377e-08,3.5497395292789856e-08
synthetic,gaussian_sparse-iid-n5000-d2-seed42,synthetic,gaussian_sparse,iid,5000,2,,42,False,9,50,HDBSCAN,exact_single_linkage_pairwise_smallest_common_cluster_size_agreement,HDBSCAN,hdbscan_generic,ok,,1.631514219014207,0.0,1.631514219014207,1.631514219014207,5,1.0,,1.0,1.0,4999,4999,4999,0.0,0.0
synthetic,gaussian_sparse-iid-n5000-d2-seed42,synthetic,gaussian_sparse,iid,5000,2,,42,False,9,50,HDBSCAN,exact_single_linkage_pairwise_smallest_common_cluster_size_agreement,Optimized HDBSCAN,optimized_hdbscan,ok,,0.2750452410255093,0.0,0.2750452410255093,0.2750452410255093,5,1.0,,0.99997525744,0.2814662906946936,2196,4999,4999,9.97165818850202e-16,1.4557634052252853e-15
synthetic,gaussian_sparse-iid-n5000-d2-seed42,synthetic,gaussian_sparse,iid,5000,2,,42,False,9,50,HDBSCAN,exact_single_linkage_pairwise_smallest_common_cluster_size_agreement,ScoreSG,score_sg,ok,,16.848071493994212,0.2879867530136835,17.136058247007895,0.2879867530136835,2,0.513222140782384,,0.999876528448,0.901845158835838,4741,4999,4999,2.4237594067024104e-08,3.554865387944412e-08
synthetic,gaussian_sparse-iid-n5000-d2-seed42,synthetic,gaussian_sparse,iid,5000,2,,42,False,9,50,HDBSCAN,exact_single_linkage_pairwise_smallest_common_cluster_size_agreement,ScoreSG Random,score_sg_random,ok,,1.349303233990213,0.2947841690038331,1.644087402994046,0.2947841690038331,2,0.513222140782384,,0.999876528448,0.901845158835838,4741,4999,4999,2.4237594067024104e-08,3.554865387944412e-08
synthetic,gaussian_sparse-iid-n5000-d2-seed42,synthetic,gaussian_sparse,iid,5000,2,,42,False,8,50,HDBSCAN,exact_single_linkage_pairwise_smallest_common_cluster_size_agreement,HDBSCAN,hdbscan_generic,ok,,1.6798033339728136,0.0,1.6798033339728136,1.6798033339728136,3,1.0,,1.0,1.0,4999,4999,4999,0.0,0.0
synthetic,gaussian_sparse-iid-n5000-d2-seed42,synthetic,gaussian_sparse,iid,5000,2,,42,False,8,50,HDBSCAN,exact_single_linkage_pairwise_smallest_common_cluster_size_agreement,Optimized HDBSCAN,optimized_hdbscan,ok,,0.2843257130007259,0.0,0.2843257130007259,0.2843257130007259,3,1.0,,0.999979277664,0.3226617277417647,2439,4999,4999,1.042967816798848e-15,1.513023024932264e-15
synthetic,gaussian_sparse-iid-n5000-d2-seed42,synthetic,gaussian_sparse,iid,5000,2,,42,False,8,50,HDBSCAN,exact_single_linkage_pairwise_smallest_common_cluster_size_agreement,ScoreSG,score_sg,ok,,16.848071493994212,0.292892486002529,17.14096397999674,0.292892486002529,2,0.8769955838797682,,0.99992903376,0.8903384382681037,4709,4999,4999,2.4279420800758925e-08,3.60395038289539e-08
synthetic,gaussian_sparse-iid-n5000-d2-seed42,synthetic,gaussian_sparse,iid,5000,2,,42,False,8,50,HDBSCAN,exact_single_linkage_pairwise_smallest_common_cluster_size_agreement,ScoreSG Random,score_sg_random,ok,,1.349303233990213,0.2946686350042,1.643971868994413,0.2946686350042,2,0.8769955838797682,,0.99992903376,0.8903384382681037,4709,4999,4999,2.4279420800758925e-08,3.60395038289539e-08
synthetic,gaussian_sparse-iid-n5000-d2-seed42,synthetic,gaussian_sparse,iid,5000,2,,42,False,7,50,HDBSCAN,exact_single_linkage_pairwise_smallest_common_cluster_size_agreement,HDBSCAN,hdbscan_generic,ok,,1.6760953039920423,0.0,1.6760953039920423,1.6760953039920423,1,1.0,,1.0,1.0,4999,4999,4999,0.0,0.0
synthetic,gaussian_sparse-iid-n5000-d2-seed42,synthetic,gaussian_sparse,iid,5000,2,,42,False,7,50,HDBSCAN,exact_single_linkage_pairwise_smallest_common_cluster_size_agreement,Optimized HDBSCAN,optimized_hdbscan,ok,,0.2878200389968697,0.0,0.2878200389968697,0.2878200389968697,1,1.0,,0.999986519776,0.3575016972165648,2633,4999,4999,1.131258440933925e-15,1.6356277298827685e-15
synthetic,gaussian_sparse-iid-n5000-d2-seed42,synthetic,gaussian_sparse,iid,5000,2,,42,False,7,50,HDBSCAN,exact_single_linkage_pairwise_smallest_common_cluster_size_agreement,ScoreSG,score_sg,ok,,16.848071493994212,0.2957283080031629,17.143799801997375,0.2957283080031629,2,0.4907479751579022,,0.999914622784,0.8600930232558139,4623,4999,4999,2.3893373108677117e-08,3.5935550816530146e-08
synthetic,gaussian_sparse-iid-n5000-d2-seed42,synthetic,gaussian_sparse,iid,5000,2,,42,False,7,50,HDBSCAN,exact_single_linkage_pairwise_smallest_common_cluster_size_agreement,ScoreSG Random,score_sg_random,ok,,1.349303233990213,0.2907679950003512,1.640071228990564,0.2907679950003512,2,0.4907479751579022,,0.999914622784,0.8600930232558139,4623,4999,4999,2.3893373108677117e-08,3.5935550816530146e-08
synthetic,gaussian_sparse-iid-n5000-d2-seed42,synthetic,gaussian_sparse,iid,5000,2,,42,False,6,50,HDBSCAN,exact_single_linkage_pairwise_smallest_common_cluster_size_agreement,HDBSCAN,hdbscan_generic,ok,,1.6602918209973725,0.0,1.6602918209973725,1.6602918209973725,2,1.0,,1.0,1.0,4999,4999,4999,0.0,0.0
synthetic,gaussian_sparse-iid-n5000-d2-seed42,synthetic,gaussian_sparse,iid,5000,2,,42,False,6,50,HDBSCAN,exact_single_linkage_pairwise_smallest_common_cluster_size_agreement,Optimized HDBSCAN,optimized_hdbscan,ok,,0.2919591410027351,0.0,0.2919591410027351,0.2919591410027351,2,1.0,,0.99998534832,0.4002801120448179,2858,4999,4999,1.2271875744039118e-15,1.783276030251294e-15
synthetic,gaussian_sparse-iid-n5000-d2-seed42,synthetic,gaussian_sparse,iid,5000,2,,42,False,6,50,HDBSCAN,exact_single_linkage_pairwise_smallest_common_cluster_size_agreement,ScoreSG,score_sg,ok,,16.848071493994212,0.2884216509992257,17.136493144993437,0.2884216509992257,3,0.4308289629221907,,0.999888769696,0.854572435540716,4607,4999,4999,2.3625392911014273e-08,3.501467118595927e-08
synthetic,gaussian_sparse-iid-n5000-d2-seed42,synthetic,gaussian_sparse,iid,5000,2,,42,False,6,50,HDBSCAN,exact_single_linkage_pairwise_smallest_common_cluster_size_agreement,ScoreSG Random,score_sg_random,ok,,1.349303233990213,0.2825044909841381,1.631807724974351,0.2825044909841381,3,0.4308289629221907,,0.999888769696,0.854572435540716,4607,4999,4999,2.3625392911014273e-08,3.501467118595927e-08
synthetic,gaussian_sparse-iid-n5000-d2-seed42,synthetic,gaussian_sparse,iid,5000,2,,42,False,5,50,HDBSCAN,exact_single_linkage_pairwise_smallest_common_cluster_size_agreement,HDBSCAN,hdbscan_generic,ok,,1.6859494030068165,0.0,1.6859494030068165,1.6859494030068165,2,1.0,,1.0,1.0,4999,4999,4999,0.0,0.0
synthetic,gaussian_sparse-iid-n5000-d2-seed42,synthetic,gaussian_sparse,iid,5000,2,,42,False,5,50,HDBSCAN,exact_single_linkage_pairwise_smallest_common_cluster_size_agreement,Optimized HDBSCAN,optimized_hdbscan,ok,,0.2984682189999148,0.0,0.2984682189999148,0.2984682189999148,2,1.0,,0.999990768672,0.4757195571955719,3223,4999,4999,1.385066088780539e-15,2.047288880959513e-15
synthetic,gaussian_sparse-iid-n5000-d2-seed42,synthetic,gaussian_sparse,iid,5000,2,,42,False,5,50,HDBSCAN,exact_single_linkage_pairwise_smallest_common_cluster_size_agreement,ScoreSG,score_sg,ok,,16.848071493994212,0.2919757400231901,17.140047234017402,0.2919757400231901,3,0.3535424645989257,,0.999895349408,0.8274538475598611,4527,4999,4999,2.3291499226709642e-08,3.556739754089683e-08
synthetic,gaussian_sparse-iid-n5000-d2-seed42,synthetic,gaussian_sparse,iid,5000,2,,42,False,5,50,HDBSCAN,exact_single_linkage_pairwise_smallest_common_cluster_size_agreement,ScoreSG Random,score_sg_random,ok,,1.349303233990213,0.294552735023899,1.643855969014112,0.294552735023899,3,0.3535424645989257,,0.999895349408,0.8274538475598611,4527,4999,4999,2.3291499226709642e-08,3.556739754089683e-08
synthetic,gaussian_sparse-iid-n5000-d2-seed42,synthetic,gaussian_sparse,iid,5000,2,,42,False,4,50,HDBSCAN,exact_single_linkage_pairwise_smallest_common_cluster_size_agreement,HDBSCAN,hdbscan_generic,ok,,1.660246653977083,0.0,1.660246653977083,1.660246653977083,280,1.0,,1.0,1.0,4999,4999,4999,0.0,0.0
synthetic,gaussian_sparse-iid-n5000-d2-seed42,synthetic,gaussian_sparse,iid,5000,2,,42,False,4,50,HDBSCAN,exact_single_linkage_pairwise_smallest_common_cluster_size_agreement,Optimized HDBSCAN,optimized_hdbscan,ok,,0.2729212909762282,0.0,0.2729212909762282,0.2729212909762282,280,0.9994201575108788,,0.999981319488,0.5837161412957389,3685,4999,4999,1.6302187438059874e-15,2.427420069084926e-15
synthetic,gaussian_sparse-iid-n5000-d2-seed42,synthetic,gaussian_sparse,iid,5000,2,,42,False,4,50,HDBSCAN,exact_single_linkage_pairwise_smallest_common_cluster_size_agreement,ScoreSG,score_sg,ok,,16.848071493994212,0.2890261090069543,17.137097603001166,0.2890261090069543,4,-0.0344156141596361,,0.999897967648,0.7972317095092576,4435,4999,4999,2.1638717195924642e-08,3.284808213715464e-08
synthetic,gaussian_sparse-iid-n5000-d2-seed42,synthetic,gaussian_sparse,iid,5000,2,,42,False,4,50,HDBSCAN,exact_single_linkage_pairwise_smallest_common_cluster_size_agreement,ScoreSG Random,score_sg_random,ok,,1.349303233990213,0.2861742849927395,1.6354775189829525,0.2861742849927395,4,-0.0344156141596361,,0.999897967648,0.7972317095092576,4435,4999,4999,2.1638717195924642e-08,3.284808213715464e-08
synthetic,gaussian_sparse-iid-n5000-d2-seed42,synthetic,gaussian_sparse,iid,5000,2,,42,False,3,50,HDBSCAN,exact_single_linkage_pairwise_smallest_common_cluster_size_agreement,HDBSCAN,hdbscan_generic,ok,,1.703624801011756,0.0,1.703624801011756,1.703624801011756,442,1.0,,1.0,1.0,4999,4999,4999,0.0,0.0
synthetic,gaussian_sparse-iid-n5000-d2-seed42,synthetic,gaussian_sparse,iid,5000,2,,42,False,3,50,HDBSCAN,exact_single_linkage_pairwise_smallest_common_cluster_size_agreement,Optimized HDBSCAN,optimized_hdbscan,ok,,0.2913660630001686,0.0,0.2913660630001686,0.2913660630001686,442,0.9902412175794896,,0.999986483744,0.7273669661368348,4210,4999,4999,1.9998547387907854e-15,3.112031497591109e-15
synthetic,gaussian_sparse-iid-n5000-d2-seed42,synthetic,gaussian_sparse,iid,5000,2,,42,False,3,50,HDBSCAN,exact_single_linkage_pairwise_smallest_common_cluster_size_agreement,ScoreSG,score_sg,ok,,16.848071493994212,0.269112314999802,17.117183808994014,0.269112314999802,161,0.3506719744548496,,0.999936714432,0.8086107091172214,4470,4999,4999,1.933003864593712e-08,3.202108728274471e-08
synthetic,gaussian_sparse-iid-n5000-d2-seed42,synthetic,gaussian_sparse,iid,5000,2,,42,False,3,50,HDBSCAN,exact_single_linkage_pairwise_smallest_common_cluster_size_agreement,ScoreSG Random,score_sg_random,ok,,1.349303233990213,0.2687856159755029,1.6180888499657158,0.2687856159755029,161,0.3506719744548496,,0.999936714432,0.8086107091172214,4470,4999,4999,1.933003864593712e-08,3.202108728274471e-08
synthetic,gaussian_sparse-iid-n5000-d2-seed42,synthetic,gaussian_sparse,iid,5000,2,,42,False,2,50,HDBSCAN,exact_single_linkage_pairwise_smallest_common_cluster_size_agreement,HDBSCAN,hdbscan_generic,ok,,1.723414578998927,0.0,1.723414578998927,1.723414578998927,823,1.0,,1.0,1.0,4999,4999,4999,0.0,0.0
synthetic,gaussian_sparse-iid-n5000-d2-seed42,synthetic,gaussian_sparse,iid,5000,2,,42,False,2,50,HDBSCAN,exact_single_linkage_pairwise_smallest_common_cluster_size_agreement,Optimized HDBSCAN,optimized_hdbscan,ok,,0.3403817069774959,0.0,0.3403817069774959,0.3403817069774959,823,1.0,,1.0,1.0,4999,4999,4999,3.465783632562776e-15,1.1886796794017356e-14
synthetic,gaussian_sparse-iid-n5000-d2-seed42,synthetic,gaussian_sparse,iid,5000,2,,42,False,2,50,HDBSCAN,exact_single_linkage_pairwise_smallest_common_cluster_size_agreement,ScoreSG,score_sg,ok,,16.848071493994212,0.2774234160024207,17.125494909996632,0.2774234160024207,185,0.1038905729874566,,1.0,1.0,4999,4999,4999,8.582165584298148e-09,2.14025571337859e-08
synthetic,gaussian_sparse-iid-n5000-d2-seed42,synthetic,gaussian_sparse,iid,5000,2,,42,False,2,50,HDBSCAN,exact_single_linkage_pairwise_smallest_common_cluster_size_agreement,ScoreSG Random,score_sg_random,ok,,1.349303233990213,0.2698425129929092,1.619145746983122,0.2698425129929092,185,0.1038905729874566,,1.0,1.0,4999,4999,4999,8.582165584298148e-09,2.14025571337859e-08
synthetic,gaussian_sparse-iid-n5000-d32-seed42,synthetic,gaussian_sparse,iid,5000,32,,42,False,50,50,HDBSCAN,exact_single_linkage_pairwise_smallest_common_cluster_size_agreement,HDBSCAN,hdbscan_generic,ok,,1.6372911499929614,0.0,1.6372911499929614,1.6372911499929614,0,1.0,,1.0,1.0,4999,4999,4999,0.0,0.0
synthetic,gaussian_sparse-iid-n5000-d32-seed42,synthetic,gaussian_sparse,iid,5000,32,,42,False,50,50,HDBSCAN,exact_single_linkage_pairwise_smallest_common_cluster_size_agreement,Optimized HDBSCAN,optimized_hdbscan,ok,,1.0674519140156915,0.0,1.0674519140156915,1.0674519140156915,0,1.0,,0.999999882144,0.0492181760940287,469,4999,4999,5.056367549252312e-16,7.57340156287036e-16
synthetic,gaussian_sparse-iid-n5000-d32-seed42,synthetic,gaussian_sparse,iid,5000,32,,42,False,50,50,HDBSCAN,exact_single_linkage_pairwise_smallest_common_cluster_size_agreement,ScoreSG,score_sg,ok,,1.763441891002003,1.0337011190131308e-05,1.7634522280131932,1.7634522280131932,0,1.0,,0.9996084328,0.973159660548648,4931,4999,4999,0.0002966284985853,0.0019433238352368
synthetic,gaussian_sparse-iid-n5000-d32-seed42,synthetic,gaussian_sparse,iid,5000,32,,42,False,50,50,HDBSCAN,exact_single_linkage_pairwise_smallest_common_cluster_size_agreement,ScoreSG Random,score_sg_random,ok,,1.5609670120174997,9.451992809772491e-06,1.5609764640103094,1.5609764640103094,0,1.0,,0.9996084328,0.973159660548648,4931,4999,4999,0.0002966284985853,0.0019433238352368
synthetic,gaussian_sparse-iid-n5000-d32-seed42,synthetic,gaussian_sparse,iid,5000,32,,42,False,49,50,HDBSCAN,exact_single_linkage_pairwise_smallest_common_cluster_size_agreement,HDBSCAN,hdbscan_generic,ok,,1.5899596259987447,0.0,1.5899596259987447,1.5899596259987447,0,1.0,,1.0,1.0,4999,4999,4999,0.0,0.0
synthetic,gaussian_sparse-iid-n5000-d32-seed42,synthetic,gaussian_sparse,iid,5000,32,,42,False,49,50,HDBSCAN,exact_single_linkage_pairwise_smallest_common_cluster_size_agreement,Optimized HDBSCAN,optimized_hdbscan,ok,,1.103283074015053,0.0,1.103283074015053,1.103283074015053,0,1.0,,0.999999846432,0.0862668405041286,794,4999,4999,5.190362553411311e-16,7.682157167964605e-16
synthetic,gaussian_sparse-iid-n5000-d32-seed42,synthetic,gaussian_sparse,iid,5000,32,,42,False,49,50,HDBSCAN,exact_single_linkage_pairwise_smallest_common_cluster_size_agreement,ScoreSG,score_sg,ok,,1.763441891002003,0.2562218169914558,2.019663707993459,0.2562218169914558,0,1.0,,0.99959243776,0.9758893280632412,4938,4999,4999,0.0002910060556267,0.0019120911466394
synthetic,gaussian_sparse-iid-n5000-d32-seed42,synthetic,gaussian_sparse,iid,5000,32,,42,False,49,50,HDBSCAN,exact_single_linkage_pairwise_smallest_common_cluster_size_agreement,ScoreSG Random,score_sg_random,ok,,1.5609670120174997,0.2638994180015288,1.8248664300190285,0.2638994180015288,0,1.0,,0.99959243776,0.9758893280632412,4938,4999,4999,0.0002910060556267,0.0019120911466394
synthetic,gaussian_sparse-iid-n5000-d32-seed42,synthetic,gaussian_sparse,iid,5000,32,,42,False,48,50,HDBSCAN,exact_single_linkage_pairwise_smallest_common_cluster_size_agreement,HDBSCAN,hdbscan_generic,ok,,1.5833360209944658,0.0,1.5833360209944658,1.5833360209944658,0,1.0,,1.0,1.0,4999,4999,4999,0.0,0.0
synthetic,gaussian_sparse-iid-n5000-d32-seed42,synthetic,gaussian_sparse,iid,5000,32,,42,False,48,50,HDBSCAN,exact_single_linkage_pairwise_smallest_common_cluster_size_agreement,Optimized HDBSCAN,optimized_hdbscan,ok,,1.06248099001823,0.0,1.06248099001823,1.06248099001823,0,1.0,,0.999999714368,0.0484479865771812,462,4999,4999,4.959957408714985e-16,7.391868260388882e-16
synthetic,gaussian_sparse-iid-n5000-d32-seed42,synthetic,gaussian_sparse,iid,5000,32,,42,False,48,50,HDBSCAN,exact_single_linkage_pairwise_smallest_common_cluster_size_agreement,ScoreSG,score_sg,ok,,1.763441891002003,0.2622578779992182,2.0256997690012213,0.2622578779992182,0,1.0,,0.999587597056,0.976279897212888,4939,4999,4999,0.0002988806186081,0.0020261655169934
synthetic,gaussian_sparse-iid-n5000-d32-seed42,synthetic,gaussian_sparse,iid,5000,32,,42,False,48,50,HDBSCAN,exact_single_linkage_pairwise_smallest_common_cluster_size_agreement,ScoreSG Random,score_sg_random,ok,,1.5609670120174997,0.2594300440105144,1.820397056028014,0.2594300440105144,0,1.0,,0.999587597056,0.976279897212888,4939,4999,4999,0.0002988806186081,0.0020261655169934
synthetic,gaussian_sparse-iid-n5000-d32-seed42,synthetic,gaussian_sparse,iid,5000,32,,42,False,47,50,HDBSCAN,exact_single_linkage_pairwise_smallest_common_cluster_size_agreement,HDBSCAN,hdbscan_generic,ok,,1.5902002270158846,0.0,1.5902002270158846,1.5902002270158846,0,1.0,,1.0,1.0,4999,4999,4999,0.0,0.0
synthetic,gaussian_sparse-iid-n5000-d32-seed42,synthetic,gaussian_sparse,iid,5000,32,,42,False,47,50,HDBSCAN,exact_single_linkage_pairwise_smallest_common_cluster_size_agreement,Optimized HDBSCAN,optimized_hdbscan,ok,,1.08912196898018,0.0,1.08912196898018,1.08912196898018,0,1.0,,0.999999668832,0.0247002152300912,241,4999,4999,4.643588418349203e-16,7.145851630469219e-16
synthetic,gaussian_sparse-iid-n5000-d32-seed42,synthetic,gaussian_sparse,iid,5000,32,,42,False,47,50,HDBSCAN,exact_single_linkage_pairwise_smallest_common_cluster_size_agreement,ScoreSG,score_sg,ok,,1.763441891002003,0.2645674530067481,2.028009344008751,0.2645674530067481,0,1.0,,0.999657947744,0.973938795656466,4933,4999,4999,0.0002568218596903,0.0017180304218747
synthetic,gaussian_sparse-iid-n5000-d32-seed42,synthetic,gaussian_sparse,iid,5000,32,,42,False,47,50,HDBSCAN,exact_single_linkage_pairwise_smallest_common_cluster_size_agreement,ScoreSG Random,score_sg_random,ok,,1.5609670120174997,0.2588303280062973,1.819797340023797,0.2588303280062973,0,1.0,,0.999657947744,0.973938795656466,4933,4999,4999,0.0002568218596903,0.0017180304218747
synthetic,gaussian_sparse-iid-n5000-d32-seed42,synthetic,gaussian_sparse,iid,5000,32,,42,False,46,50,HDBSCAN,exact_single_linkage_pairwise_smallest_common_cluster_size_agreement,HDBSCAN,hdbscan_generic,ok,,1.7708122790209018,0.0,1.7708122790209018,1.7708122790209018,0,1.0,,1.0,1.0,4999,4999,4999,0.0,0.0
synthetic,gaussian_sparse-iid-n5000-d32-seed42,synthetic,gaussian_sparse,iid,5000,32,,42,False,46,50,HDBSCAN,exact_single_linkage_pairwise_smallest_common_cluster_size_agreement,Optimized HDBSCAN,optimized_hdbscan,ok,,1.3043916830210949,0.0,1.3043916830210949,1.3043916830210949,0,1.0,,0.999999507456,0.025330735309199,247,4999,4999,5.465713352000771e-16,7.952145821824628e-16
synthetic,gaussian_sparse-iid-n5000-d32-seed42,synthetic,gaussian_sparse,iid,5000,32,,42,False,46,50,HDBSCAN,exact_single_linkage_pairwise_smallest_common_cluster_size_agreement,ScoreSG,score_sg,ok,,1.763441891002003,0.2665162749763112,2.0299581659783144,0.2665162749763112,0,1.0,,0.999579519744,0.9758893280632412,4938,4999,4999,0.0002906781944131,0.0020026688060429
synthetic,gaussian_sparse-iid-n5000-d32-seed42,synthetic,gaussian_sparse,iid,5000,32,,42,False,46,50,HDBSCAN,exact_single_linkage_pairwise_smallest_common_cluster_size_agreement,ScoreSG Random,score_sg_random,ok,,1.5609670120174997,0.2698180220031645,1.830785034020664,0.2698180220031645,0,1.0,,0.999579519744,0.9758893280632412,4938,4999,4999,0.0002906781944131,0.0020026688060429
synthetic,gaussian_sparse-iid-n5000-d32-seed42,synthetic,gaussian_sparse,iid,5000,32,,42,False,45,50,HDBSCAN,exact_single_linkage_pairwise_smallest_common_cluster_size_agreement,HDBSCAN,hdbscan_generic,ok,,2.0738778540107887,0.0,2.0738778540107887,2.0738778540107887,0,1.0,,1.0,1.0,4999,4999,4999,0.0,0.0
synthetic,gaussian_sparse-iid-n5000-d32-seed42,synthetic,gaussian_sparse,iid,5000,32,,42,False,45,50,HDBSCAN,exact_single_linkage_pairwise_smallest_common_cluster_size_agreement,Optimized HDBSCAN,optimized_hdbscan,ok,,1.31586821199744,0.0,1.31586821199744,1.31586821199744,0,1.0,,0.999999581152,0.0258567617484096,252,4999,4999,4.934324553889585e-16,7.380309428828873e-16
synthetic,gaussian_sparse-iid-n5000-d32-seed42,synthetic,gaussian_sparse,iid,5000,32,,42,False,45,50,HDBSCAN,exact_single_linkage_pairwise_smallest_common_cluster_size_agreement,ScoreSG,score_sg,ok,,1.763441891002003,0.2663747569895349,2.029816647991538,0.2663747569895349,0,1.0,,0.99961141824,0.9727703235990528,4930,4999,4999,0.0002692756403272,0.0018840979196981
synthetic,gaussian_sparse-iid-n5000-d32-seed42,synthetic,gaussian_sparse,iid,5000,32,,42,False,45,50,HDBSCAN,exact_single_linkage_pairwise_smallest_common_cluster_size_agreement,ScoreSG Random,score_sg_random,ok,,1.5609670120174997,0.2675803000165615,1.8285473120340607,0.2675803000165615,0,1.0,,0.99961141824,0.9727703235990528,4930,4999,4999,0.0002692756403272,0.0018840979196981
synthetic,gaussian_sparse-iid-n5000-d32-seed42,synthetic,gaussian_sparse,iid,5000,32,,42,False,44,50,HDBSCAN,exact_single_linkage_pairwise_smallest_common_cluster_size_agreement,HDBSCAN,hdbscan_generic,ok,,1.602483975002542,0.0,1.602483975002542,1.602483975002542,0,1.0,,1.0,1.0,4999,4999,4999,0.0,0.0
synthetic,gaussian_sparse-iid-n5000-d32-seed42,synthetic,gaussian_sparse,iid,5000,32,,42,False,44,50,HDBSCAN,exact_single_linkage_pairwise_smallest_common_cluster_size_agreement,Optimized HDBSCAN,optimized_hdbscan,ok,,1.0865884119994007,0.0,1.0865884119994007,1.0865884119994007,0,1.0,,0.99999944448,0.0260673234811165,254,4999,4999,4.720633333051847e-16,7.414297218067412e-16
synthetic,gaussian_sparse-iid-n5000-d32-seed42,synthetic,gaussian_sparse,iid,5000,32,,42,False,44,50,HDBSCAN,exact_single_linkage_pairwise_smallest_common_cluster_size_agreement,ScoreSG,score_sg,ok,,1.763441891002003,0.269997589988634,2.033439480990637,0.269997589988634,0,1.0,,0.999647396992,0.9829432764775884,4956,4999,4999,0.000257676841565,0.0018742640490072
synthetic,gaussian_sparse-iid-n5000-d32-seed42,synthetic,gaussian_sparse,iid,5000,32,,42,False,44,50,HDBSCAN,exact_single_linkage_pairwise_smallest_common_cluster_size_agreement,ScoreSG Random,score_sg_random,ok,,1.5609670120174997,0.2593278989952523,1.820294911012752,0.2593278989952523,0,1.0,,0.999647396992,0.9829432764775884,4956,4999,4999,0.000257676841565,0.0018742640490072
synthetic,gaussian_sparse-iid-n5000-d32-seed42,synthetic,gaussian_sparse,iid,5000,32,,42,False,43,50,HDBSCAN,exact_single_linkage_pairwise_smallest_common_cluster_size_agreement,HDBSCAN,hdbscan_generic,ok,,1.6190527430153452,0.0,1.6190527430153452,1.6190527430153452,0,1.0,,1.0,1.0,4999,4999,4999,0.0,0.0
synthetic,gaussian_sparse-iid-n5000-d32-seed42,synthetic,gaussian_sparse,iid,5000,32,,42,False,43,50,HDBSCAN,exact_single_linkage_pairwise_smallest_common_cluster_size_agreement,Optimized HDBSCAN,optimized_hdbscan,ok,,1.198129169002641,0.0,1.198129169002641,1.198129169002641,0,1.0,,0.999999426624,0.0262779716690617,256,4999,4999,5.100087019371813e-16,7.671793734223694e-16
synthetic,gaussian_sparse-iid-n5000-d32-seed42,synthetic,gaussian_sparse,iid,5000,32,,42,False,43,50,HDBSCAN,exact_single_linkage_pairwise_smallest_common_cluster_size_agreement,ScoreSG,score_sg,ok,,1.763441891002003,0.267321291990811,2.030763182992814,0.267321291990811,0,1.0,,0.999563743456,0.9758893280632412,4938,4999,4999,0.0003036718853088,0.0023808612317689
synthetic,gaussian_sparse-iid-n5000-d32-seed42,synthetic,gaussian_sparse,iid,5000,32,,42,False,43,50,HDBSCAN,exact_single_linkage_pairwise_smallest_common_cluster_size_agreement,ScoreSG Random,score_sg_random,ok,,1.5609670120174997,0.2627243750030175,1.8236913870205167,0.2627243750030175,0,1.0,,0.999563743456,0.9758893280632412,4938,4999,4999,0.0003036718853088,0.0023808612317689
synthetic,gaussian_sparse-iid-n5000-d32-seed42,synthetic,gaussian_sparse,iid,5000,32,,42,False,42,50,HDBSCAN,exact_single_linkage_pairwise_smallest_common_cluster_size_agreement,HDBSCAN,hdbscan_generic,ok,,1.5987027779920029,0.0,1.5987027779920029,1.5987027779920029,0,1.0,,1.0,1.0,4999,4999,4999,0.0,0.0
synthetic,gaussian_sparse-iid-n5000-d32-seed42,synthetic,gaussian_sparse,iid,5000,32,,42,False,42,50,HDBSCAN,exact_single_linkage_pairwise_smallest_common_cluster_size_agreement,Optimized HDBSCAN,optimized_hdbscan,ok,,1.1303869179973844,0.0,1.1303869179973844,1.1303869179973844,0,1.0,,0.999999825696,0.0263833282003901,257,4999,4999,5.253039680716694e-16,7.596483165970656e-16
synthetic,gaussian_sparse-iid-n5000-d32-seed42,synthetic,gaussian_sparse,iid,5000,32,,42,False,42,50,HDBSCAN,exact_single_linkage_pairwise_smallest_common_cluster_size_agreement,ScoreSG,score_sg,ok,,1.763441891002003,0.262894139974378,2.026336030976381,0.262894139974378,0,1.0,,0.999640806752,0.9770614989123988,4941,4999,4999,0.0002565644714181,0.0020525112512493
synthetic,gaussian_sparse-iid-n5000-d32-seed42,synthetic,gaussian_sparse,iid,5000,32,,42,False,42,50,HDBSCAN,exact_single_linkage_pairwise_smallest_common_cluster_size_agreement,ScoreSG Random,score_sg_random,ok,,1.5609670120174997,0.2634461630077567,1.8244131750252564,0.2634461630077567,0,1.0,,0.999640806752,0.9770614989123988,4941,4999,4999,0.0002565644714181,0.0020525112512493
synthetic,gaussian_sparse-iid-n5000-d32-seed42,synthetic,gaussian_sparse,iid,5000,32,,42,False,41,50,HDBSCAN,exact_single_linkage_pairwise_smallest_common_cluster_size_agreement,HDBSCAN,hdbscan_generic,ok,,1.5818206029944122,0.0,1.5818206029944122,1.5818206029944122,0,1.0,,1.0,1.0,4999,4999,4999,0.0,0.0
synthetic,gaussian_sparse-iid-n5000-d32-seed42,synthetic,gaussian_sparse,iid,5000,32,,42,False,41,50,HDBSCAN,exact_single_linkage_pairwise_smallest_common_cluster_size_agreement,Optimized HDBSCAN,optimized_hdbscan,ok,,1.1285559019888751,0.0,1.1285559019888751,1.1285559019888751,0,1.0,,0.99999985376,0.026910435497124,262,4999,4999,5.35619046994732e-16,8.138810028663919e-16
synthetic,gaussian_sparse-iid-n5000-d32-seed42,synthetic,gaussian_sparse,iid,5000,32,,42,False,41,50,HDBSCAN,exact_single_linkage_pairwise_smallest_common_cluster_size_agreement,ScoreSG,score_sg,ok,,1.763441891002003,0.2649227069923654,2.0283645979943685,0.2649227069923654,0,1.0,,0.999708220128,0.9782350613375544,4944,4999,4999,0.0002195107726351,0.0018328256070414
synthetic,gaussian_sparse-iid-n5000-d32-seed42,synthetic,gaussian_sparse,iid,5000,32,,42,False,41,50,HDBSCAN,exact_single_linkage_pairwise_smallest_common_cluster_size_agreement,ScoreSG Random,score_sg_random,ok,,1.5609670120174997,0.2657769400102552,1.8267439520277549,0.2657769400102552,0,1.0,,0.999708220128,0.9782350613375544,4944,4999,4999,0.0002195107726351,0.0018328256070414
synthetic,gaussian_sparse-iid-n5000-d32-seed42,synthetic,gaussian_sparse,iid,5000,32,,42,False,40,50,HDBSCAN,exact_single_linkage_pairwise_smallest_common_cluster_size_agreement,HDBSCAN,hdbscan_generic,ok,,1.598028862994397,0.0,1.598028862994397,1.598028862994397,0,1.0,,1.0,1.0,4999,4999,4999,0.0,0.0
synthetic,gaussian_sparse-iid-n5000-d32-seed42,synthetic,gaussian_sparse,iid,5000,32,,42,False,40,50,HDBSCAN,exact_single_linkage_pairwise_smallest_common_cluster_size_agreement,Optimized HDBSCAN,optimized_hdbscan,ok,,1.1028645249898543,0.0,1.1028645249898543,1.1028645249898543,0,1.0,,0.999999795392,0.0279662759613407,272,4999,4999,5.551115123125784e-16,8.095990396939342e-16
synthetic,gaussian_sparse-iid-n5000-d32-seed42,synthetic,gaussian_sparse,iid,5000,32,,42,False,40,50,HDBSCAN,exact_single_linkage_pairwise_smallest_common_cluster_size_agreement,ScoreSG,score_sg,ok,,1.763441891002003,0.2686037659877911,2.0320456569897942,0.2686037659877911,0,1.0,,0.999662379104,0.9735491512041058,4932,4999,4999,0.0002402335623503,0.0019368312411704
synthetic,gaussian_sparse-iid-n5000-d32-seed42,synthetic,gaussian_sparse,iid,5000,32,,42,False,40,50,HDBSCAN,exact_single_linkage_pairwise_smallest_common_cluster_size_agreement,ScoreSG Random,score_sg_random,ok,,1.5609670120174997,0.2738932770153042,1.834860289032804,0.2738932770153042,0,1.0,,0.999662379104,0.9735491512041058,4932,4999,4999,0.0002402335623503,0.0019368312411704
synthetic,gaussian_sparse-iid-n5000-d32-seed42,synthetic,gaussian_sparse,iid,5000,32,,42,False,39,50,HDBSCAN,exact_single_linkage_pairwise_smallest_common_cluster_size_agreement,HDBSCAN,hdbscan_generic,ok,,1.6254066819965374,0.0,1.6254066819965374,1.6254066819965374,0,1.0,,1.0,1.0,4999,4999,4999,0.0,0.0
synthetic,gaussian_sparse-iid-n5000-d32-seed42,synthetic,gaussian_sparse,iid,5000,32,,42,False,39,50,HDBSCAN,exact_single_linkage_pairwise_smallest_common_cluster_size_agreement,Optimized HDBSCAN,optimized_hdbscan,ok,,1.0781504799961112,0.0,1.0781504799961112,1.0781504799961112,0,1.0,,0.99999981152,0.0279662759613407,272,4999,4999,5.1592717026698455e-16,7.914849119918859e-16
synthetic,gaussian_sparse-iid-n5000-d32-seed42,synthetic,gaussian_sparse,iid,5000,32,,42,False,39,50,HDBSCAN,exact_single_linkage_pairwise_smallest_common_cluster_size_agreement,ScoreSG,score_sg,ok,,1.763441891002003,0.2731531239987816,2.0365950150007848,0.2731531239987816,0,1.0,,0.999648398944,0.97510865270644,4936,4999,4999,0.0002355469052323,0.0019992290029738
synthetic,gaussian_sparse-iid-n5000-d32-seed42,synthetic,gaussian_sparse,iid,5000,32,,42,False,39,50,HDBSCAN,exact_single_linkage_pairwise_smallest_common_cluster_size_agreement,ScoreSG Random,score_sg_random,ok,,1.5609670120174997,0.2686703979852609,1.8296374100027608,0.2686703979852609,0,1.0,,0.999648398944,0.97510865270644,4936,4999,4999,0.0002355469052323,0.0019992290029738
synthetic,gaussian_sparse-iid-n5000-d32-seed42,synthetic,gaussian_sparse,iid,5000,32,,42,False,38,50,HDBSCAN,exact_single_linkage_pairwise_smallest_common_cluster_size_agreement,HDBSCAN,hdbscan_generic,ok,,1.5777838229842018,0.0,1.5777838229842018,1.5777838229842018,0,1.0,,1.0,1.0,4999,4999,4999,0.0,0.0
synthetic,gaussian_sparse-iid-n5000-d32-seed42,synthetic,gaussian_sparse,iid,5000,32,,42,False,38,50,HDBSCAN,exact_single_linkage_pairwise_smallest_common_cluster_size_agreement,Optimized HDBSCAN,optimized_hdbscan,ok,,1.1487447179970331,0.0,1.1487447179970331,1.1487447179970331,0,1.0,,0.999999611104,0.0286008230452674,278,4999,4999,4.504789826536606e-16,7.166665034311977e-16
synthetic,gaussian_sparse-iid-n5000-d32-seed42,synthetic,gaussian_sparse,iid,5000,32,,42,False,38,50,HDBSCAN,exact_single_linkage_pairwise_smallest_common_cluster_size_agreement,ScoreSG,score_sg,ok,,1.763441891002003,0.2712454430002253,2.0346873340022285,0.2712454430002253,0,1.0,,0.999728772672,0.9747185463164132,4935,4999,4999,0.0001995317215375,0.0017785940593357
synthetic,gaussian_sparse-iid-n5000-d32-seed42,synthetic,gaussian_sparse,iid,5000,32,,42,False,38,50,HDBSCAN,exact_single_linkage_pairwise_smallest_common_cluster_size_agreement,ScoreSG Random,score_sg_random,ok,,1.5609670120174997,0.2740114049811382,1.8349784169986376,0.2740114049811382,0,1.0,,0.999728772672,0.9747185463164132,4935,4999,4999,0.0001995317215375,0.0017785940593357
synthetic,gaussian_sparse-iid-n5000-d32-seed42,synthetic,gaussian_sparse,iid,5000,32,,42,False,37,50,HDBSCAN,exact_single_linkage_pairwise_smallest_common_cluster_size_agreement,HDBSCAN,hdbscan_generic,ok,,1.5992370760068295,0.0,1.5992370760068295,1.5992370760068295,0,1.0,,1.0,1.0,4999,4999,4999,0.0,0.0
synthetic,gaussian_sparse-iid-n5000-d32-seed42,synthetic,gaussian_sparse,iid,5000,32,,42,False,37,50,HDBSCAN,exact_single_linkage_pairwise_smallest_common_cluster_size_agreement,Optimized HDBSCAN,optimized_hdbscan,ok,,1.1224196170223877,0.0,1.1224196170223877,1.1224196170223877,0,1.0,,0.99999956416,0.0292361540045295,284,4999,4999,4.878726530747167e-16,7.601034684153724e-16
synthetic,gaussian_sparse-iid-n5000-d32-seed42,synthetic,gaussian_sparse,iid,5000,32,,42,False,37,50,HDBSCAN,exact_single_linkage_pairwise_smallest_common_cluster_size_agreement,ScoreSG,score_sg,ok,,1.763441891002003,0.2791281569807324,2.042570047982736,0.2791281569807324,0,1.0,,0.999717564928,0.9770614989123988,4941,4999,4999,0.0002047562270672,0.0017595209606347
synthetic,gaussian_sparse-iid-n5000-d32-seed42,synthetic,gaussian_sparse,iid,5000,32,,42,False,37,50,HDBSCAN,exact_single_linkage_pairwise_smallest_common_cluster_size_agreement,ScoreSG Random,score_sg_random,ok,,1.5609670120174997,0.2678135830210522,1.828780595038552,0.2678135830210522,0,1.0,,0.999717564928,0.9770614989123988,4941,4999,4999,0.0002047562270672,0.0017595209606347
synthetic,gaussian_sparse-iid-n5000-d32-seed42,synthetic,gaussian_sparse,iid,5000,32,,42,False,36,50,HDBSCAN,exact_single_linkage_pairwise_smallest_common_cluster_size_agreement,HDBSCAN,hdbscan_generic,ok,,1.5647779160062782,0.0,1.5647779160062782,1.5647779160062782,0,1.0,,1.0,1.0,4999,4999,4999,0.0,0.0
synthetic,gaussian_sparse-iid-n5000-d32-seed42,synthetic,gaussian_sparse,iid,5000,32,,42,False,36,50,HDBSCAN,exact_single_linkage_pairwise_smallest_common_cluster_size_agreement,Optimized HDBSCAN,optimized_hdbscan,ok,,1.2699732070032042,0.0,1.2699732070032042,1.2699732070032042,0,1.0,,0.999999629824,0.0295541138914632,287,4999,4999,5.57045698766629e-16,8.122035610455436e-16
synthetic,gaussian_sparse-iid-n5000-d32-seed42,synthetic,gaussian_sparse,iid,5000,32,,42,False,36,50,HDBSCAN,exact_single_linkage_pairwise_smallest_common_cluster_size_agreement,ScoreSG,score_sg,ok,,1.763441891002003,0.2649273589777294,2.028369249979733,0.2649273589777294,0,1.0,,0.999726160544,0.9673356946084218,4916,4999,4999,0.0001980575475158,0.0018851093034419
synthetic,gaussian_sparse-iid-n5000-d32-seed42,synthetic,gaussian_sparse,iid,5000,32,,42,False,36,50,HDBSCAN,exact_single_linkage_pairwise_smallest_common_cluster_size_agreement,ScoreSG Random,score_sg_random,ok,,1.5609670120174997,0.2627322830085177,1.8236992950260171,0.2627322830085177,0,1.0,,0.999726160544,0.9673356946084218,4916,4999,4999,0.0001980575475158,0.0018851093034419
synthetic,gaussian_sparse-iid-n5000-d32-seed42,synthetic,gaussian_sparse,iid,5000,32,,42,False,35,50,HDBSCAN,exact_single_linkage_pairwise_smallest_common_cluster_size_agreement,HDBSCAN,hdbscan_generic,ok,,1.5835832970042247,0.0,1.5835832970042247,1.5835832970042247,0,1.0,,1.0,1.0,4999,4999,4999,0.0,0.0
synthetic,gaussian_sparse-iid-n5000-d32-seed42,synthetic,gaussian_sparse,iid,5000,32,,42,False,35,50,HDBSCAN,exact_single_linkage_pairwise_smallest_common_cluster_size_agreement,Optimized HDBSCAN,optimized_hdbscan,ok,,1.1270204610191286,0.0,1.1270204610191286,1.1270204610191286,0,1.0,,0.999999803008,0.0305091733663162,296,4999,4999,4.800964430811488e-16,7.300781637258659e-16
synthetic,gaussian_sparse-iid-n5000-d32-seed42,synthetic,gaussian_sparse,iid,5000,32,,42,False,35,50,HDBSCAN,exact_single_linkage_pairwise_smallest_common_cluster_size_agreement,ScoreSG,score_sg,ok,,1.763441891002003,0.2695030010072514,2.0329448920092545,0.2695030010072514,0,1.0,,0.999723468192,0.968885387948011,4920,4999,4999,0.0002022277340001,0.0019641479425664
synthetic,gaussian_sparse-iid-n5000-d32-seed42,synthetic,gaussian_sparse,iid,5000,32,,42,False,35,50,HDBSCAN,exact_single_linkage_pairwise_smallest_common_cluster_size_agreement,ScoreSG Random,score_sg_random,ok,,1.5609670120174997,0.2617201059765648,1.8226871179940645,0.2617201059765648,0,1.0,,0.999723468192,0.968885387948011,4920,4999,4999,0.0002022277340001,0.0019641479425664
synthetic,gaussian_sparse-iid-n5000-d32-seed42,synthetic,gaussian_sparse,iid,5000,32,,42,False,34,50,HDBSCAN,exact_single_linkage_pairwise_smallest_common_cluster_size_agreement,HDBSCAN,hdbscan_generic,ok,,1.6195309499744326,0.0,1.6195309499744326,1.6195309499744326,0,1.0,,1.0,1.0,4999,4999,4999,0.0,0.0
synthetic,gaussian_sparse-iid-n5000-d32-seed42,synthetic,gaussian_sparse,iid,5000,32,,42,False,34,50,HDBSCAN,exact_single_linkage_pairwise_smallest_common_cluster_size_agreement,Optimized HDBSCAN,optimized_hdbscan,ok,,1.0973352799774148,0.0,1.0973352799774148,1.0973352799774148,0,1.0,,0.999999747872,0.0316788773088432,307,4999,4999,5.641524164219036e-16,7.998908015864695e-16
synthetic,gaussian_sparse-iid-n5000-d32-seed42,synthetic,gaussian_sparse,iid,5000,32,,42,False,34,50,HDBSCAN,exact_single_linkage_pairwise_smallest_common_cluster_size_agreement,ScoreSG,score_sg,ok,,1.763441891002003,0.2705469220236409,2.033988813025644,0.2705469220236409,0,1.0,,0.999729753344,0.9669486523706472,4915,4999,4999,0.0001954938060604,0.0019948730981401
synthetic,gaussian_sparse-iid-n5000-d32-seed42,synthetic,gaussian_sparse,iid,5000,32,,42,False,34,50,HDBSCAN,exact_single_linkage_pairwise_smallest_common_cluster_size_agreement,ScoreSG Random,score_sg_random,ok,,1.5609670120174997,0.2758056219900027,1.8367726340075023,0.2758056219900027,0,1.0,,0.999729753344,0.9669486523706472,4915,4999,4999,0.0001954938060604,0.0019948730981401
synthetic,gaussian_sparse-iid-n5000-d32-seed42,synthetic,gaussian_sparse,iid,5000,32,,42,False,33,50,HDBSCAN,exact_single_linkage_pairwise_smallest_common_cluster_size_agreement,HDBSCAN,hdbscan_generic,ok,,1.6027758610143792,0.0,1.6027758610143792,1.6027758610143792,0,1.0,,1.0,1.0,4999,4999,4999,0.0,0.0
synthetic,gaussian_sparse-iid-n5000-d32-seed42,synthetic,gaussian_sparse,iid,5000,32,,42,False,33,50,HDBSCAN,exact_single_linkage_pairwise_smallest_common_cluster_size_agreement,Optimized HDBSCAN,optimized_hdbscan,ok,,1.0951338300073985,0.0,1.0951338300073985,1.0951338300073985,0,1.0,,0.999999700896,0.0316788773088432,307,4999,4999,5.033975408072371e-16,7.620531254830365e-16
synthetic,gaussian_sparse-iid-n5000-d32-seed42,synthetic,gaussian_sparse,iid,5000,32,,42,False,33,50,HDBSCAN,exact_single_linkage_pairwise_smallest_common_cluster_size_agreement,ScoreSG,score_sg,ok,,1.763441891002003,0.27680023398716,2.040242124989163,0.27680023398716,0,1.0,,0.9997131376,0.9627012171181782,4904,4999,4999,0.0001985698856803,0.0019459639041568
synthetic,gaussian_sparse-iid-n5000-d32-seed42,synthetic,gaussian_sparse,iid,5000,32,,42,False,33,50,HDBSCAN,exact_single_linkage_pairwise_smallest_common_cluster_size_agreement,ScoreSG Random,score_sg_random,ok,,1.5609670120174997,0.2764497240132186,1.8374167360307183,0.2764497240132186,0,1.0,,0.9997131376,0.9627012171181782,4904,4999,4999,0.0001985698856803,0.0019459639041568
synthetic,gaussian_sparse-iid-n5000-d32-seed42,synthetic,gaussian_sparse,iid,5000,32,,42,False,32,50,HDBSCAN,exact_single_linkage_pairwise_smallest_common_cluster_size_agreement,HDBSCAN,hdbscan_generic,ok,,1.6033197689976078,0.0,1.6033197689976078,1.6033197689976078,0,1.0,,1.0,1.0,4999,4999,4999,0.0,0.0
synthetic,gaussian_sparse-iid-n5000-d32-seed42,synthetic,gaussian_sparse,iid,5000,32,,42,False,32,50,HDBSCAN,exact_single_linkage_pairwise_smallest_common_cluster_size_agreement,Optimized HDBSCAN,optimized_hdbscan,ok,,1.0779172479815315,0.0,1.0779172479815315,1.0779172479815315,0,1.0,,0.999999707712,0.0309342132398432,300,4999,4999,5.299464570877414e-16,7.993605777301127e-16
synthetic,gaussian_sparse-iid-n5000-d32-seed42,synthetic,gaussian_sparse,iid,5000,32,,42,False,32,50,HDBSCAN,exact_single_linkage_pairwise_smallest_common_cluster_size_agreement,ScoreSG,score_sg,ok,,1.763441891002003,0.2774823579820804,2.0409242489840835,0.2774823579820804,0,1.0,,0.99968913024,0.96578843885175,4912,4999,4999,0.0001997030040023,0.0019061579661805
synthetic,gaussian_sparse-iid-n5000-d32-seed42,synthetic,gaussian_sparse,iid,5000,32,,42,False,32,50,HDBSCAN,exact_single_linkage_pairwise_smallest_common_cluster_size_agreement,ScoreSG Random,score_sg_random,ok,,1.5609670120174997,0.2608489750127774,1.821815987030277,0.2608489750127774,0,1.0,,0.99968913024,0.96578843885175,4912,4999,4999,0.0001997030040023,0.0019061579661805
synthetic,gaussian_sparse-iid-n5000-d32-seed42,synthetic,gaussian_sparse,iid,5000,32,,42,False,31,50,HDBSCAN,exact_single_linkage_pairwise_smallest_common_cluster_size_agreement,HDBSCAN,hdbscan_generic,ok,,1.5688043539994396,0.0,1.5688043539994396,1.5688043539994396,0,1.0,,1.0,1.0,4999,4999,4999,0.0,0.0
synthetic,gaussian_sparse-iid-n5000-d32-seed42,synthetic,gaussian_sparse,iid,5000,32,,42,False,31,50,HDBSCAN,exact_single_linkage_pairwise_smallest_common_cluster_size_agreement,Optimized HDBSCAN,optimized_hdbscan,ok,,1.0763752589991782,0.0,1.0763752589991782,1.0763752589991782,0,1.0,,0.999999728448,0.0300844838244384,292,4999,4999,5.262152966031564e-16,7.796506586741174e-16
synthetic,gaussian_sparse-iid-n5000-d32-seed42,synthetic,gaussian_sparse,iid,5000,32,,42,False,31,50,HDBSCAN,exact_single_linkage_pairwise_smallest_common_cluster_size_agreement,ScoreSG,score_sg,ok,,1.763441891002003,0.2829134499770589,2.046355340979062,0.2829134499770589,0,1.0,,0.999752668512,0.9677228891950403,4917,4999,4999,0.0001598595441481,0.0016047029005106
synthetic,gaussian_sparse-iid-n5000-d32-seed42,synthetic,gaussian_sparse,iid,5000,32,,42,False,31,50,HDBSCAN,exact_single_linkage_pairwise_smallest_common_cluster_size_agreement,ScoreSG Random,score_sg_random,ok,,1.5609670120174997,0.272563053003978,1.8335300650214776,0.272563053003978,0,1.0,,0.999752668512,0.9677228891950403,4917,4999,4999,0.0001598595441481,0.0016047029005106
synthetic,gaussian_sparse-iid-n5000-d32-seed42,synthetic,gaussian_sparse,iid,5000,32,,42,False,30,50,HDBSCAN,exact_single_linkage_pairwise_smallest_common_cluster_size_agreement,HDBSCAN,hdbscan_generic,ok,,1.5644945230160374,0.0,1.5644945230160374,1.5644945230160374,0,1.0,,1.0,1.0,4999,4999,4999,0.0,0.0
synthetic,gaussian_sparse-iid-n5000-d32-seed42,synthetic,gaussian_sparse,iid,5000,32,,42,False,30,50,HDBSCAN,exact_single_linkage_pairwise_smallest_common_cluster_size_agreement,Optimized HDBSCAN,optimized_hdbscan,ok,,1.098250201990595,0.0,1.098250201990595,1.098250201990595,0,1.0,,0.999999877408,0.030721649484536,298,4999,4999,4.917766417802707e-16,7.330609810095903e-16
synthetic,gaussian_sparse-iid-n5000-d32-seed42,synthetic,gaussian_sparse,iid,5000,32,,42,False,30,50,HDBSCAN,exact_single_linkage_pairwise_smallest_common_cluster_size_agreement,ScoreSG,score_sg,ok,,1.763441891002003,0.2775661060004495,2.0410079970024526,0.2775661060004495,0,1.0,,0.999780639264,0.9561729602817453,4887,4999,4999,0.0001358526752749,0.0014833879453487
synthetic,gaussian_sparse-iid-n5000-d32-seed42,synthetic,gaussian_sparse,iid,5000,32,,42,False,30,50,HDBSCAN,exact_single_linkage_pairwise_smallest_common_cluster_size_agreement,ScoreSG Random,score_sg_random,ok,,1.5609670120174997,0.2763928000058513,1.837359812023351,0.2763928000058513,0,1.0,,0.999780639264,0.9561729602817453,4887,4999,4999,0.0001358526752749,0.0014833879453487
synthetic,gaussian_sparse-iid-n5000-d32-seed42,synthetic,gaussian_sparse,iid,5000,32,,42,False,29,50,HDBSCAN,exact_single_linkage_pairwise_smallest_common_cluster_size_agreement,HDBSCAN,hdbscan_generic,ok,,1.577704655996058,0.0,1.577704655996058,1.577704655996058,0,1.0,,1.0,1.0,4999,4999,4999,0.0,0.0
synthetic,gaussian_sparse-iid-n5000-d32-seed42,synthetic,gaussian_sparse,iid,5000,32,,42,False,29,50,HDBSCAN,exact_single_linkage_pairwise_smallest_common_cluster_size_agreement,Optimized HDBSCAN,optimized_hdbscan,ok,,1.108229884004686,0.0,1.108229884004686,1.108229884004686,0,1.0,,0.99999967808,0.029130211013896,283,4999,4999,5.14704101875691e-16,7.937088423539919e-16
synthetic,gaussian_sparse-iid-n5000-d32-seed42,synthetic,gaussian_sparse,iid,5000,32,,42,False,29,50,HDBSCAN,exact_single_linkage_pairwise_smallest_common_cluster_size_agreement,ScoreSG,score_sg,ok,,1.763441891002003,0.2742554260184988,2.037697317020502,0.2742554260184988,0,1.0,,0.999773105152,0.9580885233059148,4892,4999,4999,0.0001519839000464,0.0017306191672332
synthetic,gaussian_sparse-iid-n5000-d32-seed42,synthetic,gaussian_sparse,iid,5000,32,,42,False,29,50,HDBSCAN,exact_single_linkage_pairwise_smallest_common_cluster_size_agreement,ScoreSG Random,score_sg_random,ok,,1.5609670120174997,0.2699831910140347,1.8309502030315343,0.2699831910140347,0,1.0,,0.999773105152,0.9580885233059148,4892,4999,4999,0.0001519839000464,0.0017306191672332
synthetic,gaussian_sparse-iid-n5000-d32-seed42,synthetic,gaussian_sparse,iid,5000,32,,42,False,28,50,HDBSCAN,exact_single_linkage_pairwise_smallest_common_cluster_size_agreement,HDBSCAN,hdbscan_generic,ok,,1.5886671319894958,0.0,1.5886671319894958,1.5886671319894958,0,1.0,,1.0,1.0,4999,4999,4999,0.0,0.0
synthetic,gaussian_sparse-iid-n5000-d32-seed42,synthetic,gaussian_sparse,iid,5000,32,,42,False,28,50,HDBSCAN,exact_single_linkage_pairwise_smallest_common_cluster_size_agreement,Optimized HDBSCAN,optimized_hdbscan,ok,,1.11344834198826,0.0,1.11344834198826,1.11344834198826,0,1.0,,0.999999857344,0.0308279204041653,299,4999,4999,4.901319038478953e-16,7.2822008220397345e-16
synthetic,gaussian_sparse-iid-n5000-d32-seed42,synthetic,gaussian_sparse,iid,5000,32,,42,False,28,50,HDBSCAN,exact_single_linkage_pairwise_smallest_common_cluster_size_agreement,ScoreSG,score_sg,ok,,1.763441891002003,0.2795419129834045,2.042983803985408,0.2795419129834045,0,1.0,,0.999797114432,0.9619309262166404,4902,4999,4999,0.0001260684171152,0.0013998642366577
synthetic,gaussian_sparse-iid-n5000-d32-seed42,synthetic,gaussian_sparse,iid,5000,32,,42,False,28,50,HDBSCAN,exact_single_linkage_pairwise_smallest_common_cluster_size_agreement,ScoreSG Random,score_sg_random,ok,,1.5609670120174997,0.2769084500032477,1.8378754620207476,0.2769084500032477,0,1.0,,0.999797114432,0.9619309262166404,4902,4999,4999,0.0001260684171152,0.0013998642366577
synthetic,gaussian_sparse-iid-n5000-d32-seed42,synthetic,gaussian_sparse,iid,5000,32,,42,False,27,50,HDBSCAN,exact_single_linkage_pairwise_smallest_common_cluster_size_agreement,HDBSCAN,hdbscan_generic,ok,,1.5986932550149504,0.0,1.5986932550149504,1.5986932550149504,0,1.0,,1.0,1.0,4999,4999,4999,0.0,0.0
synthetic,gaussian_sparse-iid-n5000-d32-seed42,synthetic,gaussian_sparse,iid,5000,32,,42,False,27,50,HDBSCAN,exact_single_linkage_pairwise_smallest_common_cluster_size_agreement,Optimized HDBSCAN,optimized_hdbscan,ok,,1.11082486298983,0.0,1.11082486298983,1.11082486298983,0,1.0,,0.99999976736,0.0322114391905843,312,4999,4999,5.4372460949591e-16,7.966357289558102e-16
synthetic,gaussian_sparse-iid-n5000-d32-seed42,synthetic,gaussian_sparse,iid,5000,32,,42,False,27,50,HDBSCAN,exact_single_linkage_pairwise_smallest_common_cluster_size_agreement,ScoreSG,score_sg,ok,,1.763441891002003,0.2762920769746415,2.0397339679766446,0.2762920769746415,0,1.0,,0.999874177824,0.9557902973395932,4886,4999,4999,8.429735909649247e-05,0.0011413045766025
synthetic,gaussian_sparse-iid-n5000-d32-seed42,synthetic,gaussian_sparse,iid,5000,32,,42,False,27,50,HDBSCAN,exact_single_linkage_pairwise_smallest_common_cluster_size_agreement,ScoreSG Random,score_sg_random,ok,,1.5609670120174997,0.2729892870120238,1.8339562990295235,0.2729892870120238,0,1.0,,0.999874177824,0.9557902973395932,4886,4999,4999,8.429735909649247e-05,0.0011413045766025
synthetic,gaussian_sparse-iid-n5000-d32-seed42,synthetic,gaussian_sparse,iid,5000,32,,42,False,26,50,HDBSCAN,exact_single_linkage_pairwise_smallest_common_cluster_size_agreement,HDBSCAN,hdbscan_generic,ok,,1.5734940110123716,0.0,1.5734940110123716,1.5734940110123716,0,1.0,,1.0,1.0,4999,4999,4999,0.0,0.0
synthetic,gaussian_sparse-iid-n5000-d32-seed42,synthetic,gaussian_sparse,iid,5000,32,,42,False,26,50,HDBSCAN,exact_single_linkage_pairwise_smallest_common_cluster_size_agreement,Optimized HDBSCAN,optimized_hdbscan,ok,,1.1114564799936488,0.0,1.1114564799936488,1.1114564799936488,0,1.0,,0.999999011936,0.0316788773088432,307,4999,4999,5.294353446420942e-16,7.670943257161838e-16
synthetic,gaussian_sparse-iid-n5000-d32-seed42,synthetic,gaussian_sparse,iid,5000,32,,42,False,26,50,HDBSCAN,exact_single_linkage_pairwise_smallest_common_cluster_size_agreement,ScoreSG,score_sg,ok,,1.763441891002003,0.2735909369948786,2.0370328279968817,0.2735909369948786,0,1.0,,0.999824024864,0.962315996074583,4903,4999,4999,0.0001241135824928,0.0016710376757646
synthetic,gaussian_sparse-iid-n5000-d32-seed42,synthetic,gaussian_sparse,iid,5000,32,,42,False,26,50,HDBSCAN,exact_single_linkage_pairwise_smallest_common_cluster_size_agreement,ScoreSG Random,score_sg_random,ok,,1.5609670120174997,0.273908482020488,1.834875494037988,0.273908482020488,0,1.0,,0.999824024864,0.962315996074583,4903,4999,4999,0.0001241135824928,0.0016710376757646
synthetic,gaussian_sparse-iid-n5000-d32-seed42,synthetic,gaussian_sparse,iid,5000,32,,42,False,25,50,HDBSCAN,exact_single_linkage_pairwise_smallest_common_cluster_size_agreement,HDBSCAN,hdbscan_generic,ok,,1.6376202919927891,0.0,1.6376202919927891,1.6376202919927891,0,1.0,,1.0,1.0,4999,4999,4999,0.0,0.0
synthetic,gaussian_sparse-iid-n5000-d32-seed42,synthetic,gaussian_sparse,iid,5000,32,,42,False,25,50,HDBSCAN,exact_single_linkage_pairwise_smallest_common_cluster_size_agreement,Optimized HDBSCAN,optimized_hdbscan,ok,,1.0991755590075627,0.0,1.0991755590075627,1.0991755590075627,0,1.0,,0.999999273312,0.0322114391905843,312,4999,4999,5.408778837917429e-16,7.918606466021748e-16
synthetic,gaussian_sparse-iid-n5000-d32-seed42,synthetic,gaussian_sparse,iid,5000,32,,42,False,25,50,HDBSCAN,exact_single_linkage_pairwise_smallest_common_cluster_size_agreement,ScoreSG,score_sg,ok,,1.763441891002003,0.2799404030083678,2.043382294010371,0.2799404030083678,0,1.0,,0.999867969984,0.9630865894364814,4905,4999,4999,9.437657054770154e-05,0.0012826424297676
synthetic,gaussian_sparse-iid-n5000-d32-seed42,synthetic,gaussian_sparse,iid,5000,32,,42,False,25,50,HDBSCAN,exact_single_linkage_pairwise_smallest_common_cluster_size_agreement,ScoreSG Random,score_sg_random,ok,,1.5609670120174997,0.2840120730106719,1.8449790850281715,0.2840120730106719,0,1.0,,0.999867969984,0.9630865894364814,4905,4999,4999,9.437657054770154e-05,0.0012826424297676
synthetic,gaussian_sparse-iid-n5000-d32-seed42,synthetic,gaussian_sparse,iid,5000,32,,42,False,24,50,HDBSCAN,exact_single_linkage_pairwise_smallest_common_cluster_size_agreement,HDBSCAN,hdbscan_generic,ok,,1.6211752769886516,0.0,1.6211752769886516,1.6211752769886516,0,1.0,,1.0,1.0,4999,4999,4999,0.0,0.0
synthetic,gaussian_sparse-iid-n5000-d32-seed42,synthetic,gaussian_sparse,iid,5000,32,,42,False,24,50,HDBSCAN,exact_single_linkage_pairwise_smallest_common_cluster_size_agreement,Optimized HDBSCAN,optimized_hdbscan,ok,,1.1044357829960063,0.0,1.1044357829960063,1.1044357829960063,0,1.0,,0.999999654464,0.032957950201467,319,4999,4999,5.596359321621478e-16,7.909793323095127e-16
synthetic,gaussian_sparse-iid-n5000-d32-seed42,synthetic,gaussian_sparse,iid,5000,32,,42,False,24,50,HDBSCAN,exact_single_linkage_pairwise_smallest_common_cluster_size_agreement,ScoreSG,score_sg,ok,,1.763441891002003,0.2875256309926044,2.0509675219946075,0.2875256309926044,0,1.0,,0.99982707856,0.9531158429380738,4879,4999,4999,0.0001123338493413,0.0017779762272069
synthetic,gaussian_sparse-iid-n5000-d32-seed42,synthetic,gaussian_sparse,iid,5000,32,,42,False,24,50,HDBSCAN,exact_single_linkage_pairwise_smallest_common_cluster_size_agreement,ScoreSG Random,score_sg_random,ok,,1.5609670120174997,0.2915461910015438,1.8525132030190437,0.2915461910015438,0,1.0,,0.99982707856,0.9531158429380738,4879,4999,4999,0.0001123338493413,0.0017779762272069
synthetic,gaussian_sparse-iid-n5000-d32-seed42,synthetic,gaussian_sparse,iid,5000,32,,42,False,23,50,HDBSCAN,exact_single_linkage_pairwise_smallest_common_cluster_size_agreement,HDBSCAN,hdbscan_generic,ok,,1.5799578669830223,0.0,1.5799578669830223,1.5799578669830223,0,1.0,,1.0,1.0,4999,4999,4999,0.0,0.0
synthetic,gaussian_sparse-iid-n5000-d32-seed42,synthetic,gaussian_sparse,iid,5000,32,,42,False,23,50,HDBSCAN,exact_single_linkage_pairwise_smallest_common_cluster_size_agreement,Optimized HDBSCAN,optimized_hdbscan,ok,,1.0961018509988207,0.0,1.0961018509988207,1.0961018509988207,0,1.0,,0.999999690848,0.0480083857442348,458,4999,4999,4.906313104457024e-16,7.365848035391745e-16
synthetic,gaussian_sparse-iid-n5000-d32-seed42,synthetic,gaussian_sparse,iid,5000,32,,42,False,23,50,HDBSCAN,exact_single_linkage_pairwise_smallest_common_cluster_size_agreement,ScoreSG,score_sg,ok,,1.763441891002003,0.2914429929805919,2.054884883982595,0.2914429929805919,0,1.0,,0.9998530072,0.9550254204145484,4884,4999,4999,9.268550837252491e-05,0.0013743383567399
synthetic,gaussian_sparse-iid-n5000-d32-seed42,synthetic,gaussian_sparse,iid,5000,32,,42,False,23,50,HDBSCAN,exact_single_linkage_pairwise_smallest_common_cluster_size_agreement,ScoreSG Random,score_sg_random,ok,,1.5609670120174997,0.2815082599991001,1.8424752720166,0.2815082599991001,0,1.0,,0.9998530072,0.9550254204145484,4884,4999,4999,9.268550837252491e-05,0.0013743383567399
synthetic,gaussian_sparse-iid-n5000-d32-seed42,synthetic,gaussian_sparse,iid,5000,32,,42,False,22,50,HDBSCAN,exact_single_linkage_pairwise_smallest_common_cluster_size_agreement,HDBSCAN,hdbscan_generic,ok,,1.575283637008397,0.0,1.575283637008397,1.575283637008397,0,1.0,,1.0,1.0,4999,4999,4999,0.0,0.0
synthetic,gaussian_sparse-iid-n5000-d32-seed42,synthetic,gaussian_sparse,iid,5000,32,,42,False,22,50,HDBSCAN,exact_single_linkage_pairwise_smallest_common_cluster_size_agreement,Optimized HDBSCAN,optimized_hdbscan,ok,,1.1033046030206606,0.0,1.1033046030206606,1.1033046030206606,0,1.0,,0.999999670304,0.0480083857442348,458,4999,4999,5.332949026583721e-16,7.797490072363437e-16
synthetic,gaussian_sparse-iid-n5000-d32-seed42,synthetic,gaussian_sparse,iid,5000,32,,42,False,22,50,HDBSCAN,exact_single_linkage_pairwise_smallest_common_cluster_size_agreement,ScoreSG,score_sg,ok,,1.763441891002003,0.2794661980005912,2.0429080890025944,0.2794661980005912,0,1.0,,0.999851123616,0.952734375,4878,4999,4999,9.651650171191748e-05,0.0015421242919519
synthetic,gaussian_sparse-iid-n5000-d32-seed42,synthetic,gaussian_sparse,iid,5000,32,,42,False,22,50,HDBSCAN,exact_single_linkage_pairwise_smallest_common_cluster_size_agreement,ScoreSG Random,score_sg_random,ok,,1.5609670120174997,0.2771632749936543,1.838130287011154,0.2771632749936543,0,1.0,,0.999851123616,0.952734375,4878,4999,4999,9.651650171191748e-05,0.0015421242919519
synthetic,gaussian_sparse-iid-n5000-d32-seed42,synthetic,gaussian_sparse,iid,5000,32,,42,False,21,50,HDBSCAN,exact_single_linkage_pairwise_smallest_common_cluster_size_agreement,HDBSCAN,hdbscan_generic,ok,,1.5768168839858845,0.0,1.5768168839858845,1.5768168839858845,0,1.0,,1.0,1.0,4999,4999,4999,0.0,0.0
synthetic,gaussian_sparse-iid-n5000-d32-seed42,synthetic,gaussian_sparse,iid,5000,32,,42,False,21,50,HDBSCAN,exact_single_linkage_pairwise_smallest_common_cluster_size_agreement,Optimized HDBSCAN,optimized_hdbscan,ok,,1.1192519030009862,0.0,1.1192519030009862,1.1192519030009862,0,1.0,,0.999999536064,0.0486679253199077,464,4999,4999,5.302272031399454e-16,7.680791285111883e-16
synthetic,gaussian_sparse-iid-n5000-d32-seed42,synthetic,gaussian_sparse,iid,5000,32,,42,False,21,50,HDBSCAN,exact_single_linkage_pairwise_smallest_common_cluster_size_agreement,ScoreSG,score_sg,ok,,1.763441891002003,0.285385878989473,2.048827769991476,0.285385878989473,0,1.0,,0.999893919968,0.9515908647276986,4875,4999,4999,8.15119107350096e-05,0.001257793597322
synthetic,gaussian_sparse-iid-n5000-d32-seed42,synthetic,gaussian_sparse,iid,5000,32,,42,False,21,50,HDBSCAN,exact_single_linkage_pairwise_smallest_common_cluster_size_agreement,ScoreSG Random,score_sg_random,ok,,1.5609670120174997,0.2872904330142773,1.848257445031777,0.2872904330142773,0,1.0,,0.999893919968,0.9515908647276986,4875,4999,4999,8.15119107350096e-05,0.001257793597322
synthetic,gaussian_sparse-iid-n5000-d32-seed42,synthetic,gaussian_sparse,iid,5000,32,,42,False,20,50,HDBSCAN,exact_single_linkage_pairwise_smallest_common_cluster_size_agreement,HDBSCAN,hdbscan_generic,ok,,1.5852031629765406,0.0,1.5852031629765406,1.5852031629765406,0,1.0,,1.0,1.0,4999,4999,4999,0.0,0.0
synthetic,gaussian_sparse-iid-n5000-d32-seed42,synthetic,gaussian_sparse,iid,5000,32,,42,False,20,50,HDBSCAN,exact_single_linkage_pairwise_smallest_common_cluster_size_agreement,Optimized HDBSCAN,optimized_hdbscan,ok,,1.1281418800062966,0.0,1.1281418800062966,1.1281418800062966,0,1.0,,0.999999489888,0.0491080797481637,468,4999,4999,5.370822495195201e-16,7.779013309632584e-16
synthetic,gaussian_sparse-iid-n5000-d32-seed42,synthetic,gaussian_sparse,iid,5000,32,,42,False,20,50,HDBSCAN,exact_single_linkage_pairwise_smallest_common_cluster_size_agreement,ScoreSG,score_sg,ok,,1.763441891002003,0.291261091013439,2.054702982015442,0.291261091013439,0,1.0,,0.999892575456,0.9458933437135072,4860,4999,4999,6.173699284602266e-05,0.0010157209653667
synthetic,gaussian_sparse-iid-n5000-d32-seed42,synthetic,gaussian_sparse,iid,5000,32,,42,False,20,50,HDBSCAN,exact_single_linkage_pairwise_smallest_common_cluster_size_agreement,ScoreSG Random,score_sg_random,ok,,1.5609670120174997,0.284068776993081,1.8450357890105809,0.284068776993081,0,1.0,,0.999892575456,0.9458933437135072,4860,4999,4999,6.173699284602266e-05,0.0010157209653667
synthetic,gaussian_sparse-iid-n5000-d32-seed42,synthetic,gaussian_sparse,iid,5000,32,,42,False,19,50,HDBSCAN,exact_single_linkage_pairwise_smallest_common_cluster_size_agreement,HDBSCAN,hdbscan_generic,ok,,1.5939468489959836,0.0,1.5939468489959836,1.5939468489959836,0,1.0,,1.0,1.0,4999,4999,4999,0.0,0.0
synthetic,gaussian_sparse-iid-n5000-d32-seed42,synthetic,gaussian_sparse,iid,5000,32,,42,False,19,50,HDBSCAN,exact_single_linkage_pairwise_smallest_common_cluster_size_agreement,Optimized HDBSCAN,optimized_hdbscan,ok,,1.1125809219956864,0.0,1.1125809219956864,1.1125809219956864,0,1.0,,0.999999424864,0.0498792397353775,475,4999,4999,4.880306685089109e-16,7.481149996870816e-16
synthetic,gaussian_sparse-iid-n5000-d32-seed42,synthetic,gaussian_sparse,iid,5000,32,,42,False,19,50,HDBSCAN,exact_single_linkage_pairwise_smallest_common_cluster_size_agreement,ScoreSG,score_sg,ok,,1.763441891002003,0.2832052540034055,2.0466471450054087,0.2832052540034055,0,1.0,,0.999840120672,0.9470301850048686,4863,4999,4999,0.0001111212357734,0.0023486315500313
synthetic,gaussian_sparse-iid-n5000-d32-seed42,synthetic,gaussian_sparse,iid,5000,32,,42,False,19,50,HDBSCAN,exact_single_linkage_pairwise_smallest_common_cluster_size_agreement,ScoreSG Random,score_sg_random,ok,,1.5609670120174997,0.2752936250180937,1.8362606370355932,0.2752936250180937,0,1.0,,0.999840120672,0.9470301850048686,4863,4999,4999,0.0001111212357734,0.0023486315500313
synthetic,gaussian_sparse-iid-n5000-d32-seed42,synthetic,gaussian_sparse,iid,5000,32,,42,False,18,50,HDBSCAN,exact_single_linkage_pairwise_smallest_common_cluster_size_agreement,HDBSCAN,hdbscan_generic,ok,,1.6364603810070548,0.0,1.6364603810070548,1.6364603810070548,0,1.0,,1.0,1.0,4999,4999,4999,0.0,0.0
synthetic,gaussian_sparse-iid-n5000-d32-seed42,synthetic,gaussian_sparse,iid,5000,32,,42,False,18,50,HDBSCAN,exact_single_linkage_pairwise_smallest_common_cluster_size_agreement,Optimized HDBSCAN,optimized_hdbscan,ok,,1.0930864280089736,0.0,1.0930864280089736,1.0930864280089736,0,1.0,,0.999999192256,0.0462536626203432,442,4999,4999,4.8226882517653855e-16,7.243738224801605e-16
synthetic,gaussian_sparse-iid-n5000-d32-seed42,synthetic,gaussian_sparse,iid,5000,32,,42,False,18,50,HDBSCAN,exact_single_linkage_pairwise_smallest_common_cluster_size_agreement,ScoreSG,score_sg,ok,,1.763441891002003,0.2890460960043128,2.052487987006316,0.2890460960043128,0,1.0,,0.999897224704,0.9466510903426792,4862,4999,4999,5.925040072237413e-05,0.0011573934795487
synthetic,gaussian_sparse-iid-n5000-d32-seed42,synthetic,gaussian_sparse,iid,5000,32,,42,False,18,50,HDBSCAN,exact_single_linkage_pairwise_smallest_common_cluster_size_agreement,ScoreSG Random,score_sg_random,ok,,1.5609670120174997,0.2820751380058937,1.843042150023393,0.2820751380058937,0,1.0,,0.999897224704,0.9466510903426792,4862,4999,4999,5.925040072237413e-05,0.0011573934795487
synthetic,gaussian_sparse-iid-n5000-d32-seed42,synthetic,gaussian_sparse,iid,5000,32,,42,False,17,50,HDBSCAN,exact_single_linkage_pairwise_smallest_common_cluster_size_agreement,HDBSCAN,hdbscan_generic,ok,,1.6015377349976916,0.0,1.6015377349976916,1.6015377349976916,0,1.0,,1.0,1.0,4999,4999,4999,0.0,0.0
synthetic,gaussian_sparse-iid-n5000-d32-seed42,synthetic,gaussian_sparse,iid,5000,32,,42,False,17,50,HDBSCAN,exact_single_linkage_pairwise_smallest_common_cluster_size_agreement,Optimized HDBSCAN,optimized_hdbscan,ok,,1.1025416269840207,0.0,1.1025416269840207,1.1025416269840207,0,1.0,,0.999999376768,0.0443956962289773,425,4999,4999,5.057392413351302e-16,7.561032590671285e-16
synthetic,gaussian_sparse-iid-n5000-d32-seed42,synthetic,gaussian_sparse,iid,5000,32,,42,False,17,50,HDBSCAN,exact_single_linkage_pairwise_smallest_common_cluster_size_agreement,ScoreSG,score_sg,ok,,1.763441891002003,0.2856336419936269,2.04907553299563,0.2856336419936269,0,1.0,,0.999890221792,0.9409823335274704,4847,4999,4999,7.047885197725505e-05,0.001645432924154
synthetic,gaussian_sparse-iid-n5000-d32-seed42,synthetic,gaussian_sparse,iid,5000,32,,42,False,17,50,HDBSCAN,exact_single_linkage_pairwise_smallest_common_cluster_size_agreement,ScoreSG Random,score_sg_random,ok,,1.5609670120174997,0.2878481509978883,1.848815163015388,0.2878481509978883,0,1.0,,0.999890221792,0.9409823335274704,4847,4999,4999,7.047885197725505e-05,0.001645432924154
synthetic,gaussian_sparse-iid-n5000-d32-seed42,synthetic,gaussian_sparse,iid,5000,32,,42,False,16,50,HDBSCAN,exact_single_linkage_pairwise_smallest_common_cluster_size_agreement,HDBSCAN,hdbscan_generic,ok,,1.57938455499243,0.0,1.57938455499243,1.57938455499243,0,1.0,,1.0,1.0,4999,4999,4999,0.0,0.0
synthetic,gaussian_sparse-iid-n5000-d32-seed42,synthetic,gaussian_sparse,iid,5000,32,,42,False,16,50,HDBSCAN,exact_single_linkage_pairwise_smallest_common_cluster_size_agreement,Optimized HDBSCAN,optimized_hdbscan,ok,,1.0999045250064228,0.0,1.0999045250064228,1.0999045250064228,0,1.0,,0.999999491136,0.0480083857442348,458,4999,4999,5.274771400839172e-16,7.830553782815323e-16
synthetic,gaussian_sparse-iid-n5000-d32-seed42,synthetic,gaussian_sparse,iid,5000,32,,42,False,16,50,HDBSCAN,exact_single_linkage_pairwise_smallest_common_cluster_size_agreement,ScoreSG,score_sg,ok,,1.763441891002003,0.2958619490091223,2.059303840011125,0.2958619490091223,0,1.0,,0.999879768576,0.9282545805207328,4813,4999,4999,7.916885649879565e-05,0.0018635067563046
synthetic,gaussian_sparse-iid-n5000-d32-seed42,synthetic,gaussian_sparse,iid,5000,32,,42,False,16,50,HDBSCAN,exact_single_linkage_pairwise_smallest_common_cluster_size_agreement,ScoreSG Random,score_sg_random,ok,,1.5609670120174997,0.2858814210048876,1.8468484330223875,0.2858814210048876,0,1.0,,0.999879768576,0.9282545805207328,4813,4999,4999,7.916885649879565e-05,0.0018635067563046
synthetic,gaussian_sparse-iid-n5000-d32-seed42,synthetic,gaussian_sparse,iid,5000,32,,42,False,15,50,HDBSCAN,exact_single_linkage_pairwise_smallest_common_cluster_size_agreement,HDBSCAN,hdbscan_generic,ok,,1.5889627230062615,0.0,1.5889627230062615,1.5889627230062615,0,1.0,,1.0,1.0,4999,4999,4999,0.0,0.0
synthetic,gaussian_sparse-iid-n5000-d32-seed42,synthetic,gaussian_sparse,iid,5000,32,,42,False,15,50,HDBSCAN,exact_single_linkage_pairwise_smallest_common_cluster_size_agreement,Optimized HDBSCAN,optimized_hdbscan,ok,,1.130637376976665,0.0,1.130637376976665,1.130637376976665,0,1.0,,0.999999497984,0.0513144058885383,488,4999,4999,5.714918520201625e-16,8.121203392039352e-16
synthetic,gaussian_sparse-iid-n5000-d32-seed42,synthetic,gaussian_sparse,iid,5000,32,,42,False,15,50,HDBSCAN,exact_single_linkage_pairwise_smallest_common_cluster_size_agreement,ScoreSG,score_sg,ok,,1.763441891002003,0.3055461169860791,2.0689880079880822,0.3055461169860791,0,1.0,,0.999941561632,0.9398525417151726,4844,4999,4999,4.166210981072916e-05,0.0010433747228955
synthetic,gaussian_sparse-iid-n5000-d32-seed42,synthetic,gaussian_sparse,iid,5000,32,,42,False,15,50,HDBSCAN,exact_single_linkage_pairwise_smallest_common_cluster_size_agreement,ScoreSG Random,score_sg_random,ok,,1.5609670120174997,0.2931318960036151,1.8540989080211148,0.2931318960036151,0,1.0,,0.999941561632,0.9398525417151726,4844,4999,4999,4.166210981072916e-05,0.0010433747228955
synthetic,gaussian_sparse-iid-n5000-d32-seed42,synthetic,gaussian_sparse,iid,5000,32,,42,False,14,50,HDBSCAN,exact_single_linkage_pairwise_smallest_common_cluster_size_agreement,HDBSCAN,hdbscan_generic,ok,,1.6001088080229238,0.0,1.6001088080229238,1.6001088080229238,0,1.0,,1.0,1.0,4999,4999,4999,0.0,0.0
synthetic,gaussian_sparse-iid-n5000-d32-seed42,synthetic,gaussian_sparse,iid,5000,32,,42,False,14,50,HDBSCAN,exact_single_linkage_pairwise_smallest_common_cluster_size_agreement,Optimized HDBSCAN,optimized_hdbscan,ok,,1.1167784160061274,0.0,1.1167784160061274,1.1167784160061274,0,1.0,,0.9999993456,0.0579894179894179,548,4999,4999,5.299896774487973e-16,7.729190046266119e-16
synthetic,gaussian_sparse-iid-n5000-d32-seed42,synthetic,gaussian_sparse,iid,5000,32,,42,False,14,50,HDBSCAN,exact_single_linkage_pairwise_smallest_common_cluster_size_agreement,ScoreSG,score_sg,ok,,1.763441891002003,0.2894582369772251,2.0529001279792283,0.2894582369772251,0,1.0,,0.999959269536,0.9223226302634108,4797,4999,4999,3.20319943897011e-05,0.0007574212263217
synthetic,gaussian_sparse-iid-n5000-d32-seed42,synthetic,gaussian_sparse,iid,5000,32,,42,False,14,50,HDBSCAN,exact_single_linkage_pairwise_smallest_common_cluster_size_agreement,ScoreSG Random,score_sg_random,ok,,1.5609670120174997,0.2875025240064133,1.848469536023913,0.2875025240064133,0,1.0,,0.999959269536,0.9223226302634108,4797,4999,4999,3.20319943897011e-05,0.0007574212263217
synthetic,gaussian_sparse-iid-n5000-d32-seed42,synthetic,gaussian_sparse,iid,5000,32,,42,False,13,50,HDBSCAN,exact_single_linkage_pairwise_smallest_common_cluster_size_agreement,HDBSCAN,hdbscan_generic,ok,,1.5920787180075422,0.0,1.5920787180075422,1.5920787180075422,0,1.0,,1.0,1.0,4999,4999,4999,0.0,0.0
synthetic,gaussian_sparse-iid-n5000-d32-seed42,synthetic,gaussian_sparse,iid,5000,32,,42,False,13,50,HDBSCAN,exact_single_linkage_pairwise_smallest_common_cluster_size_agreement,Optimized HDBSCAN,optimized_hdbscan,ok,,1.2102216869825495,0.0,1.2102216869825495,1.2102216869825495,0,1.0,,0.999999440896,0.0586615840745446,554,4999,4999,5.515042894888865e-16,7.969163988791267e-16
synthetic,gaussian_sparse-iid-n5000-d32-seed42,synthetic,gaussian_sparse,iid,5000,32,,42,False,13,50,HDBSCAN,exact_single_linkage_pairwise_smallest_common_cluster_size_agreement,ScoreSG,score_sg,ok,,1.763441891002003,0.2957226619764697,2.059164552978473,0.2957226619764697,0,1.0,,0.99993126768,0.9134928229665072,4773,4999,4999,4.266739965662486e-05,0.0016283754727858
synthetic,gaussian_sparse-iid-n5000-d32-seed42,synthetic,gaussian_sparse,iid,5000,32,,42,False,13,50,HDBSCAN,exact_single_linkage_pairwise_smallest_common_cluster_size_agreement,ScoreSG Random,score_sg_random,ok,,1.5609670120174997,0.2963665489805862,1.8573335609980857,0.2963665489805862,0,1.0,,0.99993126768,0.9134928229665072,4773,4999,4999,4.266739965662486e-05,0.0016283754727858
synthetic,gaussian_sparse-iid-n5000-d32-seed42,synthetic,gaussian_sparse,iid,5000,32,,42,False,12,50,HDBSCAN,exact_single_linkage_pairwise_smallest_common_cluster_size_agreement,HDBSCAN,hdbscan_generic,ok,,1.5915873080084566,0.0,1.5915873080084566,1.5915873080084566,0,1.0,,1.0,1.0,4999,4999,4999,0.0,0.0
synthetic,gaussian_sparse-iid-n5000-d32-seed42,synthetic,gaussian_sparse,iid,5000,32,,42,False,12,50,HDBSCAN,exact_single_linkage_pairwise_smallest_common_cluster_size_agreement,Optimized HDBSCAN,optimized_hdbscan,ok,,1.1504913810058497,0.0,1.1504913810058497,1.1504913810058497,0,1.0,,0.999999135232,0.0632776773370201,595,4999,4999,5.62761788616718e-16,8.101106347147806e-16
synthetic,gaussian_sparse-iid-n5000-d32-seed42,synthetic,gaussian_sparse,iid,5000,32,,42,False,12,50,HDBSCAN,exact_single_linkage_pairwise_smallest_common_cluster_size_agreement,ScoreSG,score_sg,ok,,1.763441891002003,0.2923010020167567,2.05574289301876,0.2923010020167567,0,1.0,,0.999968607456,0.914592110302566,4776,4999,4999,2.7102437967426657e-05,0.0009261675785101
synthetic,gaussian_sparse-iid-n5000-d32-seed42,synthetic,gaussian_sparse,iid,5000,32,,42,False,12,50,HDBSCAN,exact_single_linkage_pairwise_smallest_common_cluster_size_agreement,ScoreSG Random,score_sg_random,ok,,1.5609670120174997,0.2842754939920269,1.8452425060095263,0.2842754939920269,0,1.0,,0.999968607456,0.914592110302566,4776,4999,4999,2.7102437967426657e-05,0.0009261675785101
synthetic,gaussian_sparse-iid-n5000-d32-seed42,synthetic,gaussian_sparse,iid,5000,32,,42,False,11,50,HDBSCAN,exact_single_linkage_pairwise_smallest_common_cluster_size_agreement,HDBSCAN,hdbscan_generic,ok,,1.5837947000109125,0.0,1.5837947000109125,1.5837947000109125,0,1.0,,1.0,1.0,4999,4999,4999,0.0,0.0
synthetic,gaussian_sparse-iid-n5000-d32-seed42,synthetic,gaussian_sparse,iid,5000,32,,42,False,11,50,HDBSCAN,exact_single_linkage_pairwise_smallest_common_cluster_size_agreement,Optimized HDBSCAN,optimized_hdbscan,ok,,1.1383155249932315,0.0,1.1383155249932315,1.1383155249932315,0,1.0,,0.999999133472,0.0702205095268679,656,4999,4999,5.307407629915382e-16,7.754133954591439e-16
synthetic,gaussian_sparse-iid-n5000-d32-seed42,synthetic,gaussian_sparse,iid,5000,32,,42,False,11,50,HDBSCAN,exact_single_linkage_pairwise_smallest_common_cluster_size_agreement,ScoreSG,score_sg,ok,,1.763441891002003,0.2945813370170071,2.0580232280190103,0.2945813370170071,0,1.0,,0.999947308128,0.905833015630957,4752,4999,4999,3.248501953422962e-05,0.0012151377044155
synthetic,gaussian_sparse-iid-n5000-d32-seed42,synthetic,gaussian_sparse,iid,5000,32,,42,False,11,50,HDBSCAN,exact_single_linkage_pairwise_smallest_common_cluster_size_agreement,ScoreSG Random,score_sg_random,ok,,1.5609670120174997,0.2942847340018488,1.8552517460193485,0.2942847340018488,0,1.0,,0.999947308128,0.905833015630957,4752,4999,4999,3.248501953422962e-05,0.0012151377044155
synthetic,gaussian_sparse-iid-n5000-d32-seed42,synthetic,gaussian_sparse,iid,5000,32,,42,False,10,50,HDBSCAN,exact_single_linkage_pairwise_smallest_common_cluster_size_agreement,HDBSCAN,hdbscan_generic,ok,,1.5866515889938455,0.0,1.5866515889938455,1.5866515889938455,0,1.0,,1.0,1.0,4999,4999,4999,0.0,0.0
synthetic,gaussian_sparse-iid-n5000-d32-seed42,synthetic,gaussian_sparse,iid,5000,32,,42,False,10,50,HDBSCAN,exact_single_linkage_pairwise_smallest_common_cluster_size_agreement,Optimized HDBSCAN,optimized_hdbscan,ok,,1.1535880739975255,0.0,1.1535880739975255,1.1535880739975255,0,1.0,,0.999999209952,0.0874483358712203,804,4999,4999,5.192087776853965e-16,7.608485166405502e-16
synthetic,gaussian_sparse-iid-n5000-d32-seed42,synthetic,gaussian_sparse,iid,5000,32,,42,False,10,50,HDBSCAN,exact_single_linkage_pairwise_smallest_common_cluster_size_agreement,ScoreSG,score_sg,ok,,1.763441891002003,0.2956934279936831,2.0591353189956862,0.2956934279936831,0,1.0,,0.999978718144,0.8982342889690526,4731,4999,4999,9.369508412600095e-06,0.000359150054031
synthetic,gaussian_sparse-iid-n5000-d32-seed42,synthetic,gaussian_sparse,iid,5000,32,,42,False,10,50,HDBSCAN,exact_single_linkage_pairwise_smallest_common_cluster_size_agreement,ScoreSG Random,score_sg_random,ok,,1.5609670120174997,0.2930095839838031,1.8539765960013028,0.2930095839838031,0,1.0,,0.999978718144,0.8982342889690526,4731,4999,4999,9.369508412600095e-06,0.000359150054031
synthetic,gaussian_sparse-iid-n5000-d32-seed42,synthetic,gaussian_sparse,iid,5000,32,,42,False,9,50,HDBSCAN,exact_single_linkage_pairwise_smallest_common_cluster_size_agreement,HDBSCAN,hdbscan_generic,ok,,1.5942369590047747,0.0,1.5942369590047747,1.5942369590047747,0,1.0,,1.0,1.0,4999,4999,4999,0.0,0.0
synthetic,gaussian_sparse-iid-n5000-d32-seed42,synthetic,gaussian_sparse,iid,5000,32,,42,False,9,50,HDBSCAN,exact_single_linkage_pairwise_smallest_common_cluster_size_agreement,Optimized HDBSCAN,optimized_hdbscan,ok,,1.154563051997684,0.0,1.154563051997684,1.154563051997684,0,1.0,,0.9999988184,0.0922001310902337,844,4999,4999,5.261720495853824e-16,7.818399673938306e-16
synthetic,gaussian_sparse-iid-n5000-d32-seed42,synthetic,gaussian_sparse,iid,5000,32,,42,False,9,50,HDBSCAN,exact_single_linkage_pairwise_smallest_common_cluster_size_agreement,ScoreSG,score_sg,ok,,1.763441891002003,0.2948081259964965,2.0582500169985,0.2948081259964965,0,1.0,,0.999974742784,0.8881964117091596,4703,4999,4999,1.6734975035993482e-05,0.000722943498446
synthetic,gaussian_sparse-iid-n5000-d32-seed42,synthetic,gaussian_sparse,iid,5000,32,,42,False,9,50,HDBSCAN,exact_single_linkage_pairwise_smallest_common_cluster_size_agreement,ScoreSG Random,score_sg_random,ok,,1.5609670120174997,0.2999868100159801,1.86095382203348,0.2999868100159801,0,1.0,,0.999974742784,0.8881964117091596,4703,4999,4999,1.6734975035993482e-05,0.000722943498446
synthetic,gaussian_sparse-iid-n5000-d32-seed42,synthetic,gaussian_sparse,iid,5000,32,,42,False,8,50,HDBSCAN,exact_single_linkage_pairwise_smallest_common_cluster_size_agreement,HDBSCAN,hdbscan_generic,ok,,1.582228088984266,0.0,1.582228088984266,1.582228088984266,0,1.0,,1.0,1.0,4999,4999,4999,0.0,0.0
synthetic,gaussian_sparse-iid-n5000-d32-seed42,synthetic,gaussian_sparse,iid,5000,32,,42,False,8,50,HDBSCAN,exact_single_linkage_pairwise_smallest_common_cluster_size_agreement,Optimized HDBSCAN,optimized_hdbscan,ok,,1.193488285993226,0.0,1.193488285993226,1.193488285993226,0,1.0,,0.999998796416,0.1060958070583029,959,4999,4999,5.445765493051863e-16,7.865020039498325e-16
synthetic,gaussian_sparse-iid-n5000-d32-seed42,synthetic,gaussian_sparse,iid,5000,32,,42,False,8,50,HDBSCAN,exact_single_linkage_pairwise_smallest_common_cluster_size_agreement,ScoreSG,score_sg,ok,,1.763441891002003,0.30111148301512,2.064553374017123,0.30111148301512,0,1.0,,0.999977179328,0.8740393626991565,4663,4999,4999,1.7035986122984084e-05,0.0008053146044165
synthetic,gaussian_sparse-iid-n5000-d32-seed42,synthetic,gaussian_sparse,iid,5000,32,,42,False,8,50,HDBSCAN,exact_single_linkage_pairwise_smallest_common_cluster_size_agreement,ScoreSG Random,score_sg_random,ok,,1.5609670120174997,0.3027610830031335,1.8637280950206327,0.3027610830031335,0,1.0,,0.999977179328,0.8740393626991565,4663,4999,4999,1.7035986122984084e-05,0.0008053146044165
synthetic,gaussian_sparse-iid-n5000-d32-seed42,synthetic,gaussian_sparse,iid,5000,32,,42,False,7,50,HDBSCAN,exact_single_linkage_pairwise_smallest_common_cluster_size_agreement,HDBSCAN,hdbscan_generic,ok,,1.5739710830093827,0.0,1.5739710830093827,1.5739710830093827,0,1.0,,1.0,1.0,4999,4999,4999,0.0,0.0
synthetic,gaussian_sparse-iid-n5000-d32-seed42,synthetic,gaussian_sparse,iid,5000,32,,42,False,7,50,HDBSCAN,exact_single_linkage_pairwise_smallest_common_cluster_size_agreement,Optimized HDBSCAN,optimized_hdbscan,ok,,1.1942975619749632,0.0,1.1942975619749632,1.1942975619749632,0,1.0,,0.999998462176,0.1247609404882438,1109,4999,4999,5.413964037126101e-16,7.911808734838817e-16
synthetic,gaussian_sparse-iid-n5000-d32-seed42,synthetic,gaussian_sparse,iid,5000,32,,42,False,7,50,HDBSCAN,exact_single_linkage_pairwise_smallest_common_cluster_size_agreement,ScoreSG,score_sg,ok,,1.763441891002003,0.3133013370097615,2.0767432280117646,0.3133013370097615,0,1.0,,0.99997727552,0.8378676470588236,4558,4999,4999,3.1417227420846296e-06,0.0001467800870959
synthetic,gaussian_sparse-iid-n5000-d32-seed42,synthetic,gaussian_sparse,iid,5000,32,,42,False,7,50,HDBSCAN,exact_single_linkage_pairwise_smallest_common_cluster_size_agreement,ScoreSG Random,score_sg_random,ok,,1.5609670120174997,0.2946862329845316,1.8556532450020315,0.2946862329845316,0,1.0,,0.99997727552,0.8378676470588236,4558,4999,4999,3.1417227420846296e-06,0.0001467800870959
synthetic,gaussian_sparse-iid-n5000-d32-seed42,synthetic,gaussian_sparse,iid,5000,32,,42,False,6,50,HDBSCAN,exact_single_linkage_pairwise_smallest_common_cluster_size_agreement,HDBSCAN,hdbscan_generic,ok,,1.6018403460038826,0.0,1.6018403460038826,1.6018403460038826,0,1.0,,1.0,1.0,4999,4999,4999,0.0,0.0
synthetic,gaussian_sparse-iid-n5000-d32-seed42,synthetic,gaussian_sparse,iid,5000,32,,42,False,6,50,HDBSCAN,exact_single_linkage_pairwise_smallest_common_cluster_size_agreement,Optimized HDBSCAN,optimized_hdbscan,ok,,1.2337253050063737,0.0,1.2337253050063737,1.2337253050063737,0,1.0,,0.99999774656,0.1502531063046479,1306,4999,4999,5.304587805253428e-16,7.701660532387035e-16
synthetic,gaussian_sparse-iid-n5000-d32-seed42,synthetic,gaussian_sparse,iid,5000,32,,42,False,6,50,HDBSCAN,exact_single_linkage_pairwise_smallest_common_cluster_size_agreement,ScoreSG,score_sg,ok,,1.763441891002003,0.2864300340006593,2.0498719250026625,0.2864300340006593,0,1.0,,0.999977192608,0.8122167844843212,4481,4999,4999,1.3171560785953728e-05,0.0006931386564251
synthetic,gaussian_sparse-iid-n5000-d32-seed42,synthetic,gaussian_sparse,iid,5000,32,,42,False,6,50,HDBSCAN,exact_single_linkage_pairwise_smallest_common_cluster_size_agreement,ScoreSG Random,score_sg_random,ok,,1.5609670120174997,0.2806087259959895,1.8415757380134887,0.2806087259959895,0,1.0,,0.999977192608,0.8122167844843212,4481,4999,4999,1.3171560785953728e-05,0.0006931386564251
synthetic,gaussian_sparse-iid-n5000-d32-seed42,synthetic,gaussian_sparse,iid,5000,32,,42,False,5,50,HDBSCAN,exact_single_linkage_pairwise_smallest_common_cluster_size_agreement,HDBSCAN,hdbscan_generic,ok,,1.5849902120244224,0.0,1.5849902120244224,1.5849902120244224,0,1.0,,1.0,1.0,4999,4999,4999,0.0,0.0
synthetic,gaussian_sparse-iid-n5000-d32-seed42,synthetic,gaussian_sparse,iid,5000,32,,42,False,5,50,HDBSCAN,exact_single_linkage_pairwise_smallest_common_cluster_size_agreement,Optimized HDBSCAN,optimized_hdbscan,ok,,1.2108591129945123,0.0,1.2108591129945123,1.2108591129945123,0,1.0,,0.999998465696,0.1945041816009557,1628,4999,4999,5.630221923406199e-16,8.093965750101049e-16
synthetic,gaussian_sparse-iid-n5000-d32-seed42,synthetic,gaussian_sparse,iid,5000,32,,42,False,5,50,HDBSCAN,exact_single_linkage_pairwise_smallest_common_cluster_size_agreement,ScoreSG,score_sg,ok,,1.763441891002003,0.3034169620077591,2.0668588530097622,0.3034169620077591,0,1.0,,0.999967291168,0.7998199819981998,4443,4999,4999,1.931172909493993e-05,0.0012773380832625
synthetic,gaussian_sparse-iid-n5000-d32-seed42,synthetic,gaussian_sparse,iid,5000,32,,42,False,5,50,HDBSCAN,exact_single_linkage_pairwise_smallest_common_cluster_size_agreement,ScoreSG Random,score_sg_random,ok,,1.5609670120174997,0.3052629379963036,1.8662299500138035,0.3052629379963036,0,1.0,,0.999967291168,0.7998199819981998,4443,4999,4999,1.931172909493993e-05,0.0012773380832625
synthetic,gaussian_sparse-iid-n5000-d32-seed42,synthetic,gaussian_sparse,iid,5000,32,,42,False,4,50,HDBSCAN,exact_single_linkage_pairwise_smallest_common_cluster_size_agreement,HDBSCAN,hdbscan_generic,ok,,1.5838988780160437,0.0,1.5838988780160437,1.5838988780160437,1,1.0,,1.0,1.0,4999,4999,4999,0.0,0.0
synthetic,gaussian_sparse-iid-n5000-d32-seed42,synthetic,gaussian_sparse,iid,5000,32,,42,False,4,50,HDBSCAN,exact_single_linkage_pairwise_smallest_common_cluster_size_agreement,Optimized HDBSCAN,optimized_hdbscan,ok,,1.1498466700140852,0.0,1.1498466700140852,1.1498466700140852,1,1.0,,0.999997888832,0.2752551020408163,2158,4999,4999,5.545970438118252e-16,8.069319943326844e-16
synthetic,gaussian_sparse-iid-n5000-d32-seed42,synthetic,gaussian_sparse,iid,5000,32,,42,False,4,50,HDBSCAN,exact_single_linkage_pairwise_smallest_common_cluster_size_agreement,ScoreSG,score_sg,ok,,1.763441891002003,0.3031377759762108,2.066579666978214,0.3031377759762108,0,0.0,,0.999996843136,0.7445471994416332,4267,4999,4999,1.4597638322495262e-07,1.817239239058445e-07
synthetic,gaussian_sparse-iid-n5000-d32-seed42,synthetic,gaussian_sparse,iid,5000,32,,42,False,4,50,HDBSCAN,exact_single_linkage_pairwise_smallest_common_cluster_size_agreement,ScoreSG Random,score_sg_random,ok,,1.5609670120174997,0.3050744389765896,1.8660414509940888,0.3050744389765896,0,0.0,,0.999996843136,0.7445471994416332,4267,4999,4999,1.4597638322495262e-07,1.817239239058445e-07
synthetic,gaussian_sparse-iid-n5000-d32-seed42,synthetic,gaussian_sparse,iid,5000,32,,42,False,3,50,HDBSCAN,exact_single_linkage_pairwise_smallest_common_cluster_size_agreement,HDBSCAN,hdbscan_generic,ok,,1.5951142300036736,0.0,1.5951142300036736,1.5951142300036736,2,1.0,,1.0,1.0,4999,4999,4999,0.0,0.0
synthetic,gaussian_sparse-iid-n5000-d32-seed42,synthetic,gaussian_sparse,iid,5000,32,,42,False,3,50,HDBSCAN,exact_single_linkage_pairwise_smallest_common_cluster_size_agreement,Optimized HDBSCAN,optimized_hdbscan,ok,,1.1367789630021434,0.0,1.1367789630021434,1.1367789630021434,2,1.0,,0.999995938112,0.4400115223966585,3055,4999,4999,5.794237611988052e-16,8.250253869352081e-16
synthetic,gaussian_sparse-iid-n5000-d32-seed42,synthetic,gaussian_sparse,iid,5000,32,,42,False,3,50,HDBSCAN,exact_single_linkage_pairwise_smallest_common_cluster_size_agreement,ScoreSG,score_sg,ok,,1.763441891002003,0.3067598259949591,2.070201716996962,0.3067598259949591,0,0.0,,0.99999333616,0.6657780739753415,3996,4999,4999,1.3548247288495126e-07,1.7417033597236598e-07
synthetic,gaussian_sparse-iid-n5000-d32-seed42,synthetic,gaussian_sparse,iid,5000,32,,42,False,3,50,HDBSCAN,exact_single_linkage_pairwise_smallest_common_cluster_size_agreement,ScoreSG Random,score_sg_random,ok,,1.5609670120174997,0.315669327013893,1.8766363390313927,0.315669327013893,0,0.0,,0.99999333616,0.6657780739753415,3996,4999,4999,1.3548247288495126e-07,1.7417033597236598e-07
synthetic,gaussian_sparse-iid-n5000-d32-seed42,synthetic,gaussian_sparse,iid,5000,32,,42,False,2,50,HDBSCAN,exact_single_linkage_pairwise_smallest_common_cluster_size_agreement,HDBSCAN,hdbscan_generic,ok,,1.6747739629936405,0.0,1.6747739629936405,1.6747739629936405,5,1.0,,1.0,1.0,4999,4999,4999,0.0,0.0
synthetic,gaussian_sparse-iid-n5000-d32-seed42,synthetic,gaussian_sparse,iid,5000,32,,42,False,2,50,HDBSCAN,exact_single_linkage_pairwise_smallest_common_cluster_size_agreement,Optimized HDBSCAN,optimized_hdbscan,ok,,1.100669587001903,0.0,1.100669587001903,1.100669587001903,5,1.0,,1.0,0.9996,4998,4999,4999,6.059800742651915e-16,8.526830474049845e-16
synthetic,gaussian_sparse-iid-n5000-d32-seed42,synthetic,gaussian_sparse,iid,5000,32,,42,False,2,50,HDBSCAN,exact_single_linkage_pairwise_smallest_common_cluster_size_agreement,ScoreSG,score_sg,ok,,1.763441891002003,0.3255588290048763,2.0890007200068794,0.3255588290048763,2,0.0823439232239199,,0.999999857568,0.9996,4998,4999,4999,6.222124307858787e-08,1.1648958664863103e-07
synthetic,gaussian_sparse-iid-n5000-d32-seed42,synthetic,gaussian_sparse,iid,5000,32,,42,False,2,50,HDBSCAN,exact_single_linkage_pairwise_smallest_common_cluster_size_agreement,ScoreSG Random,score_sg_random,ok,,1.5609670120174997,0.3279220100084785,1.8888890220259784,0.3279220100084785,2,0.0823439232239199,,0.999999857568,0.9996,4998,4999,4999,6.222124307858787e-08,1.1648958664863103e-07
synthetic,gaussian_sparse-separated-n10000-d2-seed42,synthetic,gaussian_sparse,separated_clusters,10000,2,6.0,42,False,50,50,HDBSCAN,exact_single_linkage_pairwise_smallest_common_cluster_size_agreement,HDBSCAN,hdbscan_generic,ok,,6.050167169014458,0.0,6.050167169014458,6.050167169014458,6,1.0,1.0,1.0,1.0,9999,9999,9999,0.0,0.0
synthetic,gaussian_sparse-separated-n10000-d2-seed42,synthetic,gaussian_sparse,separated_clusters,10000,2,6.0,42,False,50,50,HDBSCAN,exact_single_linkage_pairwise_smallest_common_cluster_size_agreement,Optimized HDBSCAN,optimized_hdbscan,ok,,1.0236686199787073,0.0,1.0236686199787073,1.0236686199787073,6,1.0,1.0,0.999999907532,0.0773623531946988,1436,9999,9999,1.7715421361371214e-14,2.402226151972767e-14
synthetic,gaussian_sparse-separated-n10000-d2-seed42,synthetic,gaussian_sparse,separated_clusters,10000,2,6.0,42,False,50,50,HDBSCAN,exact_single_linkage_pairwise_smallest_common_cluster_size_agreement,ScoreSG,score_sg,ok,,3.177965328010032,1.0987016139551995e-05,3.1779763150261715,3.1779763150261715,6,1.0,1.0,0.962985026552,0.9786286731967944,9891,9999,9999,1.46115502543578e-07,1.925742751015421e-07
synthetic,gaussian_sparse-separated-n10000-d2-seed42,synthetic,gaussian_sparse,separated_clusters,10000,2,6.0,42,False,50,50,HDBSCAN,exact_single_linkage_pairwise_smallest_common_cluster_size_agreement,ScoreSG Random,score_sg_random,ok,,3.1520558030169923,9.53799462877214e-06,3.152065341011621,3.152065341011621,6,1.0,1.0,0.8518294798880012,0.9778459103946198,9887,9999,9999,1.4617461673446394e-07,1.9261322620936386e-07
synthetic,gaussian_sparse-separated-n10000-d2-seed42,synthetic,gaussian_sparse,separated_clusters,10000,2,6.0,42,False,49,50,HDBSCAN,exact_single_linkage_pairwise_smallest_common_cluster_size_agreement,HDBSCAN,hdbscan_generic,ok,,6.0211694489989895,0.0,6.0211694489989895,6.0211694489989895,6,1.0,1.0,1.0,1.0,9999,9999,9999,0.0,0.0
synthetic,gaussian_sparse-separated-n10000-d2-seed42,synthetic,gaussian_sparse,separated_clusters,10000,2,6.0,42,False,49,50,HDBSCAN,exact_single_linkage_pairwise_smallest_common_cluster_size_agreement,Optimized HDBSCAN,optimized_hdbscan,ok,,1.0173064440023154,0.0,1.0173064440023154,1.0173064440023154,6,1.0,1.0,0.999999914492,0.0773623531946988,1436,9999,9999,1.8045646994653262e-14,2.48059243380853e-14
synthetic,gaussian_sparse-separated-n10000-d2-seed42,synthetic,gaussian_sparse,separated_clusters,10000,2,6.0,42,False,49,50,HDBSCAN,exact_single_linkage_pairwise_smallest_common_cluster_size_agreement,ScoreSG,score_sg,ok,,3.177965328010032,0.6378855310031213,3.815850859013153,0.6378855310031213,6,1.0,1.0,0.9629850082280004,0.9821587867975022,9909,9999,9999,1.484917469711325e-07,1.9470806156412546e-07
synthetic,gaussian_sparse-separated-n10000-d2-seed42,synthetic,gaussian_sparse,separated_clusters,10000,2,6.0,42,False,49,50,HDBSCAN,exact_single_linkage_pairwise_smallest_common_cluster_size_agreement,ScoreSG Random,score_sg_random,ok,,3.1520558030169923,0.6205680959974416,3.772623899014434,0.6205680959974416,6,1.0,1.0,0.8518294615640006,0.9813732289705736,9905,9999,9999,1.4855171335003198e-07,1.9474737270152665e-07
synthetic,gaussian_sparse-separated-n10000-d2-seed42,synthetic,gaussian_sparse,separated_clusters,10000,2,6.0,42,False,48,50,HDBSCAN,exact_single_linkage_pairwise_smallest_common_cluster_size_agreement,HDBSCAN,hdbscan_generic,ok,,5.973212527984288,0.0,5.973212527984288,5.973212527984288,6,1.0,1.0,1.0,1.0,9999,9999,9999,0.0,0.0
synthetic,gaussian_sparse-separated-n10000-d2-seed42,synthetic,gaussian_sparse,separated_clusters,10000,2,6.0,42,False,48,50,HDBSCAN,exact_single_linkage_pairwise_smallest_common_cluster_size_agreement,Optimized HDBSCAN,optimized_hdbscan,ok,,1.0518374039966147,0.0,1.0518374039966147,1.0518374039966147,6,1.0,1.0,0.999999881452,0.0788153422883961,1461,9999,9999,1.9118348246074613e-14,2.5519251892157634e-14
synthetic,gaussian_sparse-separated-n10000-d2-seed42,synthetic,gaussian_sparse,separated_clusters,10000,2,6.0,42,False,48,50,HDBSCAN,exact_single_linkage_pairwise_smallest_common_cluster_size_agreement,ScoreSG,score_sg,ok,,3.177965328010032,0.6241296890075319,3.802095017017564,0.6241296890075319,6,1.0,1.0,0.9629849819040004,0.9794120558250023,9895,9999,9999,1.4763506179699249e-07,1.932740979725623e-07
synthetic,gaussian_sparse-separated-n10000-d2-seed42,synthetic,gaussian_sparse,separated_clusters,10000,2,6.0,42,False,48,50,HDBSCAN,exact_single_linkage_pairwise_smallest_common_cluster_size_agreement,ScoreSG Random,score_sg_random,ok,,3.1520558030169923,0.6300059089844581,3.7820617120014495,0.6300059089844581,6,1.0,1.0,0.8518294352400012,0.9786286731967944,9891,9999,9999,1.4769476660361497e-07,1.933131748225315e-07
synthetic,gaussian_sparse-separated-n10000-d2-seed42,synthetic,gaussian_sparse,separated_clusters,10000,2,6.0,42,False,47,50,HDBSCAN,exact_single_linkage_pairwise_smallest_common_cluster_size_agreement,HDBSCAN,hdbscan_generic,ok,,6.0874713230005,0.0,6.0874713230005,6.0874713230005,6,1.0,1.0,1.0,1.0,9999,9999,9999,0.0,0.0
synthetic,gaussian_sparse-separated-n10000-d2-seed42,synthetic,gaussian_sparse,separated_clusters,10000,2,6.0,42,False,47,50,HDBSCAN,exact_single_linkage_pairwise_smallest_common_cluster_size_agreement,Optimized HDBSCAN,optimized_hdbscan,ok,,1.0280777699954342,0.0,1.0280777699954342,1.0280777699954342,6,1.0,1.0,0.999999844212,0.0806225008105479,1492,9999,9999,1.937813552755213e-14,2.6306841927883173e-14
synthetic,gaussian_sparse-separated-n10000-d2-seed42,synthetic,gaussian_sparse,separated_clusters,10000,2,6.0,42,False,47,50,HDBSCAN,exact_single_linkage_pairwise_smallest_common_cluster_size_agreement,ScoreSG,score_sg,ok,,3.177965328010032,0.6331220979918726,3.811087426001905,0.6331220979918726,6,1.0,1.0,0.962984924836,0.9758917103053056,9877,9999,9999,1.475532710718461e-07,1.9310998194530722e-07
synthetic,gaussian_sparse-separated-n10000-d2-seed42,synthetic,gaussian_sparse,separated_clusters,10000,2,6.0,42,False,47,50,HDBSCAN,exact_single_linkage_pairwise_smallest_common_cluster_size_agreement,ScoreSG Random,score_sg_random,ok,,3.1520558030169923,0.619951430009678,3.7720072330266703,0.619951430009678,6,1.0,1.0,0.8518293781720014,0.9751111111111112,9873,9999,9999,1.476130515923973e-07,1.931490967891245e-07
synthetic,gaussian_sparse-separated-n10000-d2-seed42,synthetic,gaussian_sparse,separated_clusters,10000,2,6.0,42,False,46,50,HDBSCAN,exact_single_linkage_pairwise_smallest_common_cluster_size_agreement,HDBSCAN,hdbscan_generic,ok,,6.056228211004054,0.0,6.056228211004054,6.056228211004054,6,1.0,1.0,1.0,1.0,9999,9999,9999,0.0,0.0
synthetic,gaussian_sparse-separated-n10000-d2-seed42,synthetic,gaussian_sparse,separated_clusters,10000,2,6.0,42,False,46,50,HDBSCAN,exact_single_linkage_pairwise_smallest_common_cluster_size_agreement,Optimized HDBSCAN,optimized_hdbscan,ok,,1.030851700983476,0.0,1.030851700983476,1.030851700983476,6,1.0,1.0,0.999999841636,0.0764924368843193,1421,9999,9999,1.8928296649982636e-14,2.6155678294176305e-14
synthetic,gaussian_sparse-separated-n10000-d2-seed42,synthetic,gaussian_sparse,separated_clusters,10000,2,6.0,42,False,46,50,HDBSCAN,exact_single_linkage_pairwise_smallest_common_cluster_size_agreement,ScoreSG,score_sg,ok,,3.177965328010032,0.6379796650144272,3.815944993024459,0.6379796650144272,6,1.0,1.0,0.9629849680240004,0.9766729267569436,9881,9999,9999,1.4826943937273864e-07,1.947795060530275e-07
synthetic,gaussian_sparse-separated-n10000-d2-seed42,synthetic,gaussian_sparse,separated_clusters,10000,2,6.0,42,False,46,50,HDBSCAN,exact_single_linkage_pairwise_smallest_common_cluster_size_agreement,ScoreSG Random,score_sg_random,ok,,3.1520558030169923,0.6244239750085399,3.776479778025532,0.6244239750085399,6,1.0,1.0,0.8518294213600012,0.9758917103053056,9877,9999,9999,1.4832948571804652e-07,1.94818943086445e-07
synthetic,gaussian_sparse-separated-n10000-d2-seed42,synthetic,gaussian_sparse,separated_clusters,10000,2,6.0,42,False,45,50,HDBSCAN,exact_single_linkage_pairwise_smallest_common_cluster_size_agreement,HDBSCAN,hdbscan_generic,ok,,6.039398046006681,0.0,6.039398046006681,6.039398046006681,6,1.0,1.0,1.0,1.0,9999,9999,9999,0.0,0.0
synthetic,gaussian_sparse-separated-n10000-d2-seed42,synthetic,gaussian_sparse,separated_clusters,10000,2,6.0,42,False,45,50,HDBSCAN,exact_single_linkage_pairwise_smallest_common_cluster_size_agreement,Optimized HDBSCAN,optimized_hdbscan,ok,,1.0112072319898289,0.0,1.0112072319898289,1.0112072319898289,6,1.0,1.0,0.999999845688,0.0764344924103778,1420,9999,9999,1.958079629580577e-14,2.6267824533757092e-14
synthetic,gaussian_sparse-separated-n10000-d2-seed42,synthetic,gaussian_sparse,separated_clusters,10000,2,6.0,42,False,45,50,HDBSCAN,exact_single_linkage_pairwise_smallest_common_cluster_size_agreement,ScoreSG,score_sg,ok,,3.177965328010032,0.623099185002502,3.801064513012534,0.623099185002502,6,1.0,1.0,0.962984932768,0.9772592446114295,9884,9999,9999,1.4929640673995565e-07,1.967559462991668e-07
synthetic,gaussian_sparse-separated-n10000-d2-seed42,synthetic,gaussian_sparse,separated_clusters,10000,2,6.0,42,False,45,50,HDBSCAN,exact_single_linkage_pairwise_smallest_common_cluster_size_agreement,ScoreSG Random,score_sg_random,ok,,3.1520558030169923,0.6192360619897954,3.771291865006788,0.6192360619897954,6,1.0,1.0,0.8518293861040016,0.9764775647361138,9880,9999,9999,1.4935685062882965e-07,1.9679577140762018e-07
synthetic,gaussian_sparse-separated-n10000-d2-seed42,synthetic,gaussian_sparse,separated_clusters,10000,2,6.0,42,False,44,50,HDBSCAN,exact_single_linkage_pairwise_smallest_common_cluster_size_agreement,HDBSCAN,hdbscan_generic,ok,,6.078066291986033,0.0,6.078066291986033,6.078066291986033,6,1.0,1.0,1.0,1.0,9999,9999,9999,0.0,0.0
synthetic,gaussian_sparse-separated-n10000-d2-seed42,synthetic,gaussian_sparse,separated_clusters,10000,2,6.0,42,False,44,50,HDBSCAN,exact_single_linkage_pairwise_smallest_common_cluster_size_agreement,Optimized HDBSCAN,optimized_hdbscan,ok,,1.033674220991088,0.0,1.033674220991088,1.033674220991088,6,1.0,1.0,0.99999986418,0.0797473138599427,1477,9999,9999,1.9465218198291088e-14,2.6259184072990783e-14
synthetic,gaussian_sparse-separated-n10000-d2-seed42,synthetic,gaussian_sparse,separated_clusters,10000,2,6.0,42,False,44,50,HDBSCAN,exact_single_linkage_pairwise_smallest_common_cluster_size_agreement,ScoreSG,score_sg,ok,,3.177965328010032,0.6520229590241797,3.829988287034212,0.6520229590241797,6,1.0,1.0,0.9629849616600004,0.9743311284430842,9869,9999,9999,1.477525279172692e-07,1.9443806595177906e-07
synthetic,gaussian_sparse-separated-n10000-d2-seed42,synthetic,gaussian_sparse,separated_clusters,10000,2,6.0,42,False,44,50,HDBSCAN,exact_single_linkage_pairwise_smallest_common_cluster_size_agreement,ScoreSG Random,score_sg_random,ok,,3.1520558030169923,0.6274074669927359,3.779463270009728,0.6274074669927359,6,1.0,1.0,0.8518294149960013,0.9735517615711043,9865,9999,9999,1.478124377101515e-07,1.944774817368894e-07
synthetic,gaussian_sparse-separated-n10000-d2-seed42,synthetic,gaussian_sparse,separated_clusters,10000,2,6.0,42,False,43,50,HDBSCAN,exact_single_linkage_pairwise_smallest_common_cluster_size_agreement,HDBSCAN,hdbscan_generic,ok,,6.085596045013517,0.0,6.085596045013517,6.085596045013517,6,1.0,1.0,1.0,1.0,9999,9999,9999,0.0,0.0
synthetic,gaussian_sparse-separated-n10000-d2-seed42,synthetic,gaussian_sparse,separated_clusters,10000,2,6.0,42,False,43,50,HDBSCAN,exact_single_linkage_pairwise_smallest_common_cluster_size_agreement,Optimized HDBSCAN,optimized_hdbscan,ok,,1.0213359500048682,0.0,1.0213359500048682,1.0213359500048682,6,1.0,1.0,0.99999982448,0.0759132727174907,1411,9999,9999,2.020477060721199e-14,2.7730973111995268e-14
synthetic,gaussian_sparse-separated-n10000-d2-seed42,synthetic,gaussian_sparse,separated_clusters,10000,2,6.0,42,False,43,50,HDBSCAN,exact_single_linkage_pairwise_smallest_common_cluster_size_agreement,ScoreSG,score_sg,ok,,3.177965328010032,0.6268617030000314,3.804827031010064,0.6268617030000314,6,1.0,1.0,0.9629849402000012,0.973941368078176,9867,9999,9999,1.4851756475730872e-07,1.950679972625813e-07
synthetic,gaussian_sparse-separated-n10000-d2-seed42,synthetic,gaussian_sparse,separated_clusters,10000,2,6.0,42,False,43,50,HDBSCAN,exact_single_linkage_pairwise_smallest_common_cluster_size_agreement,ScoreSG Random,score_sg_random,ok,,3.1520558030169923,0.6316013099858537,3.783657113002846,0.6316013099858537,6,1.0,1.0,0.8518293935360012,0.9731623088307844,9863,9999,9999,1.485777969639542e-07,1.951075487628382e-07
synthetic,gaussian_sparse-separated-n10000-d2-seed42,synthetic,gaussian_sparse,separated_clusters,10000,2,6.0,42,False,42,50,HDBSCAN,exact_single_linkage_pairwise_smallest_common_cluster_size_agreement,HDBSCAN,hdbscan_generic,ok,,6.055196913977852,0.0,6.055196913977852,6.055196913977852,6,1.0,1.0,1.0,1.0,9999,9999,9999,0.0,0.0
synthetic,gaussian_sparse-separated-n10000-d2-seed42,synthetic,gaussian_sparse,separated_clusters,10000,2,6.0,42,False,42,50,HDBSCAN,exact_single_linkage_pairwise_smallest_common_cluster_size_agreement,Optimized HDBSCAN,optimized_hdbscan,ok,,1.0736809779773466,0.0,1.0736809779773466,1.0736809779773466,6,1.0,1.0,0.999999807764,0.077478448275862,1438,9999,9999,2.0267959000194063e-14,2.7642206398590813e-14
synthetic,gaussian_sparse-separated-n10000-d2-seed42,synthetic,gaussian_sparse,separated_clusters,10000,2,6.0,42,False,42,50,HDBSCAN,exact_single_linkage_pairwise_smallest_common_cluster_size_agreement,ScoreSG,score_sg,ok,,3.177965328010032,0.6376290919724852,3.815594419982517,0.6376290919724852,6,1.0,1.0,0.9629849414320002,0.9745260663507108,9870,9999,9999,1.484366549605464e-07,1.9654037792722654e-07
synthetic,gaussian_sparse-separated-n10000-d2-seed42,synthetic,gaussian_sparse,separated_clusters,10000,2,6.0,42,False,42,50,HDBSCAN,exact_single_linkage_pairwise_smallest_common_cluster_size_agreement,ScoreSG Random,score_sg_random,ok,,3.1520558030169923,0.6209852320025675,3.77304103501956,0.6209852320025675,6,1.0,1.0,0.8518293947680011,0.973746545598105,9866,9999,9999,1.4849683604862236e-07,1.9658021584755609e-07
synthetic,gaussian_sparse-separated-n10000-d2-seed42,synthetic,gaussian_sparse,separated_clusters,10000,2,6.0,42,False,41,50,HDBSCAN,exact_single_linkage_pairwise_smallest_common_cluster_size_agreement,HDBSCAN,hdbscan_generic,ok,,6.039983872004086,0.0,6.039983872004086,6.039983872004086,6,1.0,1.0,1.0,1.0,9999,9999,9999,0.0,0.0
synthetic,gaussian_sparse-separated-n10000-d2-seed42,synthetic,gaussian_sparse,separated_clusters,10000,2,6.0,42,False,41,50,HDBSCAN,exact_single_linkage_pairwise_smallest_common_cluster_size_agreement,Optimized HDBSCAN,optimized_hdbscan,ok,,1.0364253690058831,0.0,1.0364253690058831,1.0364253690058831,6,1.0,1.0,0.999999839392,0.0794558998164741,1472,9999,9999,2.0675386599034375e-14,2.85099008330115e-14
synthetic,gaussian_sparse-separated-n10000-d2-seed42,synthetic,gaussian_sparse,separated_clusters,10000,2,6.0,42,False,41,50,HDBSCAN,exact_single_linkage_pairwise_smallest_common_cluster_size_agreement,ScoreSG,score_sg,ok,,3.177965328010032,0.6252909289905801,3.803256257000612,0.6252909289905801,6,1.0,1.0,0.9629848738320004,0.9731623088307844,9863,9999,9999,1.491442075195043e-07,1.9658308499205141e-07
synthetic,gaussian_sparse-separated-n10000-d2-seed42,synthetic,gaussian_sparse,separated_clusters,10000,2,6.0,42,False,41,50,HDBSCAN,exact_single_linkage_pairwise_smallest_common_cluster_size_agreement,ScoreSG Random,score_sg_random,ok,,3.1520558030169923,0.6259334269852843,3.7779892300022766,0.6259334269852843,6,1.0,1.0,0.8518293271680012,0.9723838642864188,9859,9999,9999,1.492047184055164e-07,1.966229598575715e-07
synthetic,gaussian_sparse-separated-n10000-d2-seed42,synthetic,gaussian_sparse,separated_clusters,10000,2,6.0,42,False,40,50,HDBSCAN,exact_single_linkage_pairwise_smallest_common_cluster_size_agreement,HDBSCAN,hdbscan_generic,ok,,6.074485052988166,0.0,6.074485052988166,6.074485052988166,6,1.0,1.0,1.0,1.0,9999,9999,9999,0.0,0.0
synthetic,gaussian_sparse-separated-n10000-d2-seed42,synthetic,gaussian_sparse,separated_clusters,10000,2,6.0,42,False,40,50,HDBSCAN,exact_single_linkage_pairwise_smallest_common_cluster_size_agreement,Optimized HDBSCAN,optimized_hdbscan,ok,,1.0029493019974325,0.0,1.0029493019974325,1.0029493019974325,6,1.0,1.0,0.999999812652,0.0760869565217391,1414,9999,9999,2.1369751795559e-14,2.8692647568757724e-14
synthetic,gaussian_sparse-separated-n10000-d2-seed42,synthetic,gaussian_sparse,separated_clusters,10000,2,6.0,42,False,40,50,HDBSCAN,exact_single_linkage_pairwise_smallest_common_cluster_size_agreement,ScoreSG,score_sg,ok,,3.177965328010032,0.6425442750041839,3.820509603014216,0.6425442750041839,6,1.0,1.0,0.9629849159959994,0.96791970084629,9836,9999,9999,1.4807830799698934e-07,1.9571200080409716e-07
synthetic,gaussian_sparse-separated-n10000-d2-seed42,synthetic,gaussian_sparse,separated_clusters,10000,2,6.0,42,False,40,50,HDBSCAN,exact_single_linkage_pairwise_smallest_common_cluster_size_agreement,ScoreSG Random,score_sg_random,ok,,3.1520558030169923,0.6224972789932508,3.774553082010243,0.6224972789932508,6,1.0,1.0,0.8518293693320009,0.9671453865827268,9832,9999,9999,1.4813855140902174e-07,1.957518079845768e-07
synthetic,gaussian_sparse-separated-n10000-d2-seed42,synthetic,gaussian_sparse,separated_clusters,10000,2,6.0,42,False,39,50,HDBSCAN,exact_single_linkage_pairwise_smallest_common_cluster_size_agreement,HDBSCAN,hdbscan_generic,ok,,6.070669943001121,0.0,6.070669943001121,6.070669943001121,6,1.0,1.0,1.0,1.0,9999,9999,9999,0.0,0.0
synthetic,gaussian_sparse-separated-n10000-d2-seed42,synthetic,gaussian_sparse,separated_clusters,10000,2,6.0,42,False,39,50,HDBSCAN,exact_single_linkage_pairwise_smallest_common_cluster_size_agreement,Optimized HDBSCAN,optimized_hdbscan,ok,,1.0114966240071226,0.0,1.0114966240071226,1.0114966240071226,6,1.0,1.0,0.999999838732,0.0780011859198965,1447,9999,9999,2.005390210030572e-14,2.7373299743562916e-14
synthetic,gaussian_sparse-separated-n10000-d2-seed42,synthetic,gaussian_sparse,separated_clusters,10000,2,6.0,42,False,39,50,HDBSCAN,exact_single_linkage_pairwise_smallest_common_cluster_size_agreement,ScoreSG,score_sg,ok,,3.177965328010032,0.6366557380242739,3.814621066034306,0.6366557380242739,6,1.0,1.0,0.9629849765640008,0.9716060337178348,9855,9999,9999,1.4887050744111196e-07,1.9532095109420215e-07
synthetic,gaussian_sparse-separated-n10000-d2-seed42,synthetic,gaussian_sparse,separated_clusters,10000,2,6.0,42,False,39,50,HDBSCAN,exact_single_linkage_pairwise_smallest_common_cluster_size_agreement,ScoreSG Random,score_sg_random,ok,,3.1520558030169923,0.6316943870042451,3.783750190021237,0.6316943870042451,6,1.0,1.0,0.851829429900002,0.9708288163989356,9851,9999,9999,1.4893095633207524e-07,1.953606021200053e-07
synthetic,gaussian_sparse-separated-n10000-d2-seed42,synthetic,gaussian_sparse,separated_clusters,10000,2,6.0,42,False,38,50,HDBSCAN,exact_single_linkage_pairwise_smallest_common_cluster_size_agreement,HDBSCAN,hdbscan_generic,ok,,6.101005789998453,0.0,6.101005789998453,6.101005789998453,6,1.0,1.0,1.0,1.0,9999,9999,9999,0.0,0.0
synthetic,gaussian_sparse-separated-n10000-d2-seed42,synthetic,gaussian_sparse,separated_clusters,10000,2,6.0,42,False,38,50,HDBSCAN,exact_single_linkage_pairwise_smallest_common_cluster_size_agreement,Optimized HDBSCAN,optimized_hdbscan,ok,,0.9997477069846354,0.0,0.9997477069846354,0.9997477069846354,6,1.0,1.0,0.999999815452,0.0825529150652303,1525,9999,9999,2.052866073853e-14,2.7825726851830783e-14
synthetic,gaussian_sparse-separated-n10000-d2-seed42,synthetic,gaussian_sparse,separated_clusters,10000,2,6.0,42,False,38,50,HDBSCAN,exact_single_linkage_pairwise_smallest_common_cluster_size_agreement,ScoreSG,score_sg,ok,,3.177965328010032,0.6381106370245107,3.816075965034543,0.6381106370245107,6,1.0,1.0,0.9629848780519996,0.9741362290227048,9868,9999,9999,1.4631186041355893e-07,1.9300584807377808e-07
synthetic,gaussian_sparse-separated-n10000-d2-seed42,synthetic,gaussian_sparse,separated_clusters,10000,2,6.0,42,False,38,50,HDBSCAN,exact_single_linkage_pairwise_smallest_common_cluster_size_agreement,ScoreSG Random,score_sg_random,ok,,3.1520558030169923,0.6390624690102413,3.7911182720272336,0.6390624690102413,6,1.0,1.0,0.8518293313880012,0.9733570159857904,9864,9999,9999,1.463711920677326e-07,1.930449774909209e-07
synthetic,gaussian_sparse-separated-n10000-d2-seed42,synthetic,gaussian_sparse,separated_clusters,10000,2,6.0,42,False,37,50,HDBSCAN,exact_single_linkage_pairwise_smallest_common_cluster_size_agreement,HDBSCAN,hdbscan_generic,ok,,6.059018376021413,0.0,6.059018376021413,6.059018376021413,6,1.0,1.0,1.0,1.0,9999,9999,9999,0.0,0.0
synthetic,gaussian_sparse-separated-n10000-d2-seed42,synthetic,gaussian_sparse,separated_clusters,10000,2,6.0,42,False,37,50,HDBSCAN,exact_single_linkage_pairwise_smallest_common_cluster_size_agreement,Optimized HDBSCAN,optimized_hdbscan,ok,,1.0148766619968228,0.0,1.0148766619968228,1.0148766619968228,6,1.0,1.0,0.99999981544,0.0786407766990291,1458,9999,9999,2.0998834815478985e-14,2.9243791014403845e-14
synthetic,gaussian_sparse-separated-n10000-d2-seed42,synthetic,gaussian_sparse,separated_clusters,10000,2,6.0,42,False,37,50,HDBSCAN,exact_single_linkage_pairwise_smallest_common_cluster_size_agreement,ScoreSG,score_sg,ok,,3.177965328010032,0.6546642720059026,3.832629600015935,0.6546642720059026,6,1.0,1.0,0.9629848589080006,0.9735517615711043,9865,9999,9999,1.4769889608212876e-07,1.944698732935951e-07
synthetic,gaussian_sparse-separated-n10000-d2-seed42,synthetic,gaussian_sparse,separated_clusters,10000,2,6.0,42,False,37,50,HDBSCAN,exact_single_linkage_pairwise_smallest_common_cluster_size_agreement,ScoreSG Random,score_sg_random,ok,,3.1520558030169923,0.6323518969875295,3.7844077000045218,0.6323518969875295,6,1.0,1.0,0.851829312244001,0.9727730097662032,9861,9999,9999,1.4775880842159166e-07,1.945093115161246e-07
synthetic,gaussian_sparse-separated-n10000-d2-seed42,synthetic,gaussian_sparse,separated_clusters,10000,2,6.0,42,False,36,50,HDBSCAN,exact_single_linkage_pairwise_smallest_common_cluster_size_agreement,HDBSCAN,hdbscan_generic,ok,,6.056409037992125,0.0,6.056409037992125,6.056409037992125,6,1.0,1.0,1.0,1.0,9999,9999,9999,0.0,0.0
synthetic,gaussian_sparse-separated-n10000-d2-seed42,synthetic,gaussian_sparse,separated_clusters,10000,2,6.0,42,False,36,50,HDBSCAN,exact_single_linkage_pairwise_smallest_common_cluster_size_agreement,Optimized HDBSCAN,optimized_hdbscan,ok,,1.005604313017102,0.0,1.005604313017102,1.005604313017102,6,1.0,1.0,0.999999848788,0.0810314071030866,1499,9999,9999,2.1510617392265204e-14,2.936028764015817e-14
synthetic,gaussian_sparse-separated-n10000-d2-seed42,synthetic,gaussian_sparse,separated_clusters,10000,2,6.0,42,False,36,50,HDBSCAN,exact_single_linkage_pairwise_smallest_common_cluster_size_agreement,ScoreSG,score_sg,ok,,3.177965328010032,0.6275653199991211,3.805530648009153,0.6275653199991211,6,1.0,1.0,0.96298494328,0.970052211604768,9847,9999,9999,1.4839457752535286e-07,1.9474104378119594e-07
synthetic,gaussian_sparse-separated-n10000-d2-seed42,synthetic,gaussian_sparse,separated_clusters,10000,2,6.0,42,False,36,50,HDBSCAN,exact_single_linkage_pairwise_smallest_common_cluster_size_agreement,ScoreSG Random,score_sg_random,ok,,3.1520558030169923,0.6266805510094855,3.778736354026478,0.6266805510094855,6,1.0,1.0,0.8518293966160013,0.9692762186115216,9843,9999,9999,1.4845488213829773e-07,1.947806092110599e-07
synthetic,gaussian_sparse-separated-n10000-d2-seed42,synthetic,gaussian_sparse,separated_clusters,10000,2,6.0,42,False,35,50,HDBSCAN,exact_single_linkage_pairwise_smallest_common_cluster_size_agreement,HDBSCAN,hdbscan_generic,ok,,6.275143078004476,0.0,6.275143078004476,6.275143078004476,6,1.0,1.0,1.0,1.0,9999,9999,9999,0.0,0.0
synthetic,gaussian_sparse-separated-n10000-d2-seed42,synthetic,gaussian_sparse,separated_clusters,10000,2,6.0,42,False,35,50,HDBSCAN,exact_single_linkage_pairwise_smallest_common_cluster_size_agreement,Optimized HDBSCAN,optimized_hdbscan,ok,,0.9347874789964408,0.0,0.9347874789964408,0.9347874789964408,6,1.0,1.0,0.99999978812,0.0793976358827656,1471,9999,9999,2.2337021197117407e-14,3.05760525378492e-14
synthetic,gaussian_sparse-separated-n10000-d2-seed42,synthetic,gaussian_sparse,separated_clusters,10000,2,6.0,42,False,35,50,HDBSCAN,exact_single_linkage_pairwise_smallest_common_cluster_size_agreement,ScoreSG,score_sg,ok,,3.177965328010032,0.6421188039821573,3.820084131992189,0.6421188039821573,6,1.0,1.0,0.9629848321560004,0.9749160576733162,9872,9999,9999,1.4811713705294173e-07,1.9531472721682737e-07
synthetic,gaussian_sparse-separated-n10000-d2-seed42,synthetic,gaussian_sparse,separated_clusters,10000,2,6.0,42,False,35,50,HDBSCAN,exact_single_linkage_pairwise_smallest_common_cluster_size_agreement,ScoreSG Random,score_sg_random,ok,,3.1520558030169923,0.6372366070281714,3.789292410045164,0.6372366070281714,6,1.0,1.0,0.8518292854920008,0.9741362290227048,9868,9999,9999,1.4817717642701217e-07,1.953543086798372e-07
synthetic,gaussian_sparse-separated-n10000-d2-seed42,synthetic,gaussian_sparse,separated_clusters,10000,2,6.0,42,False,34,50,HDBSCAN,exact_single_linkage_pairwise_smallest_common_cluster_size_agreement,HDBSCAN,hdbscan_generic,ok,,5.939480647008168,0.0,5.939480647008168,5.939480647008168,6,1.0,1.0,1.0,1.0,9999,9999,9999,0.0,0.0
synthetic,gaussian_sparse-separated-n10000-d2-seed42,synthetic,gaussian_sparse,separated_clusters,10000,2,6.0,42,False,34,50,HDBSCAN,exact_single_linkage_pairwise_smallest_common_cluster_size_agreement,Optimized HDBSCAN,optimized_hdbscan,ok,,0.9411099369754083,0.0,0.9411099369754083,0.9411099369754083,6,1.0,1.0,0.999999834196,0.0801555579561413,1484,9999,9999,2.2768549549489223e-14,3.0372973870666073e-14
synthetic,gaussian_sparse-separated-n10000-d2-seed42,synthetic,gaussian_sparse,separated_clusters,10000,2,6.0,42,False,34,50,HDBSCAN,exact_single_linkage_pairwise_smallest_common_cluster_size_agreement,ScoreSG,score_sg,ok,,3.177965328010032,0.6422858139849268,3.820251141994959,0.6422858139849268,6,1.0,1.0,0.962984792088,0.9725784178338924,9860,9999,9999,1.5005366586487038e-07,1.9703336391815654e-07
synthetic,gaussian_sparse-separated-n10000-d2-seed42,synthetic,gaussian_sparse,separated_clusters,10000,2,6.0,42,False,34,50,HDBSCAN,exact_single_linkage_pairwise_smallest_common_cluster_size_agreement,ScoreSG Random,score_sg_random,ok,,3.1520558030169923,0.656231552013196,3.808287355030188,0.656231552013196,6,1.0,1.0,0.8518292454240013,0.9718004338394792,9856,9999,9999,1.5011456426772898e-07,1.9707334228194797e-07
synthetic,gaussian_sparse-separated-n10000-d2-seed42,synthetic,gaussian_sparse,separated_clusters,10000,2,6.0,42,False,33,50,HDBSCAN,exact_single_linkage_pairwise_smallest_common_cluster_size_agreement,HDBSCAN,hdbscan_generic,ok,,5.982978620013455,0.0,5.982978620013455,5.982978620013455,6,1.0,1.0,1.0,1.0,9999,9999,9999,0.0,0.0
synthetic,gaussian_sparse-separated-n10000-d2-seed42,synthetic,gaussian_sparse,separated_clusters,10000,2,6.0,42,False,33,50,HDBSCAN,exact_single_linkage_pairwise_smallest_common_cluster_size_agreement,Optimized HDBSCAN,optimized_hdbscan,ok,,0.9378439860010984,0.0,0.9378439860010984,0.9378439860010984,6,1.0,1.0,0.999999788464,0.0834913582922468,1541,9999,9999,2.3036416310461413e-14,3.076670677874884e-14
synthetic,gaussian_sparse-separated-n10000-d2-seed42,synthetic,gaussian_sparse,separated_clusters,10000,2,6.0,42,False,33,50,HDBSCAN,exact_single_linkage_pairwise_smallest_common_cluster_size_agreement,ScoreSG,score_sg,ok,,3.177965328010032,0.6475999469985254,3.825565275008557,0.6475999469985254,6,1.0,1.0,0.962984780256,0.9683070866141732,9838,9999,9999,1.470080354959957e-07,1.9311680787176777e-07
synthetic,gaussian_sparse-separated-n10000-d2-seed42,synthetic,gaussian_sparse,separated_clusters,10000,2,6.0,42,False,33,50,HDBSCAN,exact_single_linkage_pairwise_smallest_common_cluster_size_agreement,ScoreSG Random,score_sg_random,ok,,3.1520558030169923,0.6501714619807899,3.802227264997782,0.6501714619807899,6,1.0,1.0,0.8518292335920007,0.9675324675324676,9834,9999,9999,1.4706783132039053e-07,1.93156079210836e-07
synthetic,gaussian_sparse-separated-n10000-d2-seed42,synthetic,gaussian_sparse,separated_clusters,10000,2,6.0,42,False,32,50,HDBSCAN,exact_single_linkage_pairwise_smallest_common_cluster_size_agreement,HDBSCAN,hdbscan_generic,ok,,5.9190201869932935,0.0,5.9190201869932935,5.9190201869932935,6,1.0,1.0,1.0,1.0,9999,9999,9999,0.0,0.0
synthetic,gaussian_sparse-separated-n10000-d2-seed42,synthetic,gaussian_sparse,separated_clusters,10000,2,6.0,42,False,32,50,HDBSCAN,exact_single_linkage_pairwise_smallest_common_cluster_size_agreement,Optimized HDBSCAN,optimized_hdbscan,ok,,0.9339102789817844,0.0,0.9339102789817844,0.9339102789817844,6,1.0,1.0,0.999999698864,0.0866116061725711,1594,9999,9999,2.4116130116162512e-14,3.1754216219015797e-14
synthetic,gaussian_sparse-separated-n10000-d2-seed42,synthetic,gaussian_sparse,separated_clusters,10000,2,6.0,42,False,32,50,HDBSCAN,exact_single_linkage_pairwise_smallest_common_cluster_size_agreement,ScoreSG,score_sg,ok,,3.177965328010032,0.6269488109974191,3.804914139007451,0.6269488109974191,6,1.0,1.0,0.962984673432,0.9648260955000982,9820,9999,9999,1.4777317918838904e-07,1.9514839052777173e-07
synthetic,gaussian_sparse-separated-n10000-d2-seed42,synthetic,gaussian_sparse,separated_clusters,10000,2,6.0,42,False,32,50,HDBSCAN,exact_single_linkage_pairwise_smallest_common_cluster_size_agreement,ScoreSG Random,score_sg_random,ok,,3.1520558030169923,0.6445765249955002,3.796632328012493,0.6445765249955002,6,1.0,1.0,0.8518291267680009,0.9640542133176192,9816,9999,9999,1.478333964573243e-07,1.951881477636997e-07
synthetic,gaussian_sparse-separated-n10000-d2-seed42,synthetic,gaussian_sparse,separated_clusters,10000,2,6.0,42,False,31,50,HDBSCAN,exact_single_linkage_pairwise_smallest_common_cluster_size_agreement,HDBSCAN,hdbscan_generic,ok,,5.973349592008162,0.0,5.973349592008162,5.973349592008162,6,1.0,1.0,1.0,1.0,9999,9999,9999,0.0,0.0
synthetic,gaussian_sparse-separated-n10000-d2-seed42,synthetic,gaussian_sparse,separated_clusters,10000,2,6.0,42,False,31,50,HDBSCAN,exact_single_linkage_pairwise_smallest_common_cluster_size_agreement,Optimized HDBSCAN,optimized_hdbscan,ok,,0.9412358840054368,0.0,0.9412358840054368,0.9412358840054368,6,1.0,1.0,0.999999757324,0.0944614711033274,1726,9999,9999,2.5511177115695242e-14,3.441669641648988e-14
synthetic,gaussian_sparse-separated-n10000-d2-seed42,synthetic,gaussian_sparse,separated_clusters,10000,2,6.0,42,False,31,50,HDBSCAN,exact_single_linkage_pairwise_smallest_common_cluster_size_agreement,ScoreSG,score_sg,ok,,3.177965328010032,0.6432201589923352,3.821185487002367,0.6432201589923352,6,1.0,1.0,0.962984755664,0.9628975265017669,9810,9999,9999,1.481075735101789e-07,1.9645355131275858e-07
synthetic,gaussian_sparse-separated-n10000-d2-seed42,synthetic,gaussian_sparse,separated_clusters,10000,2,6.0,42,False,31,50,HDBSCAN,exact_single_linkage_pairwise_smallest_common_cluster_size_agreement,ScoreSG Random,score_sg_random,ok,,3.1520558030169923,0.6451260469912086,3.797181850008201,0.6451260469912086,6,1.0,1.0,0.8518292090000013,0.96212715855573,9806,9999,9999,1.4816798859167553e-07,1.9649361525756442e-07
synthetic,gaussian_sparse-separated-n10000-d2-seed42,synthetic,gaussian_sparse,separated_clusters,10000,2,6.0,42,False,30,50,HDBSCAN,exact_single_linkage_pairwise_smallest_common_cluster_size_agreement,HDBSCAN,hdbscan_generic,ok,,5.937986236996949,0.0,5.937986236996949,5.937986236996949,6,1.0,1.0,1.0,1.0,9999,9999,9999,0.0,0.0
synthetic,gaussian_sparse-separated-n10000-d2-seed42,synthetic,gaussian_sparse,separated_clusters,10000,2,6.0,42,False,30,50,HDBSCAN,exact_single_linkage_pairwise_smallest_common_cluster_size_agreement,Optimized HDBSCAN,optimized_hdbscan,ok,,0.941990004008403,0.0,0.941990004008403,0.941990004008403,6,1.0,1.0,0.999999718976,0.0959009206488382,1750,9999,9999,2.5524963095538822e-14,3.4212285537206456e-14
synthetic,gaussian_sparse-separated-n10000-d2-seed42,synthetic,gaussian_sparse,separated_clusters,10000,2,6.0,42,False,30,50,HDBSCAN,exact_single_linkage_pairwise_smallest_common_cluster_size_agreement,ScoreSG,score_sg,ok,,3.177965328010032,0.6499579949886538,3.8279233229986858,0.6499579949886538,6,1.0,1.0,0.9629846160680008,0.9692762186115216,9843,9999,9999,1.5003364462391548e-07,1.97227818884119e-07
synthetic,gaussian_sparse-separated-n10000-d2-seed42,synthetic,gaussian_sparse,separated_clusters,10000,2,6.0,42,False,30,50,HDBSCAN,exact_single_linkage_pairwise_smallest_common_cluster_size_agreement,ScoreSG Random,score_sg_random,ok,,3.1520558030169923,0.6446795959782321,3.796735398995224,0.6446795959782321,6,1.0,1.0,0.8518290694040012,0.9685008366965252,9839,9999,9999,1.5009464010857968e-07,1.9726790583959075e-07
synthetic,gaussian_sparse-separated-n10000-d2-seed42,synthetic,gaussian_sparse,separated_clusters,10000,2,6.0,42,False,29,50,HDBSCAN,exact_single_linkage_pairwise_smallest_common_cluster_size_agreement,HDBSCAN,hdbscan_generic,ok,,5.9824382009974215,0.0,5.9824382009974215,5.9824382009974215,6,1.0,1.0,1.0,1.0,9999,9999,9999,0.0,0.0
synthetic,gaussian_sparse-separated-n10000-d2-seed42,synthetic,gaussian_sparse,separated_clusters,10000,2,6.0,42,False,29,50,HDBSCAN,exact_single_linkage_pairwise_smallest_common_cluster_size_agreement,Optimized HDBSCAN,optimized_hdbscan,ok,,0.931175052013714,0.0,0.931175052013714,0.931175052013714,6,1.0,1.0,0.999999726904,0.1030336458907887,1868,9999,9999,2.58412432541908e-14,3.435115449968878e-14
synthetic,gaussian_sparse-separated-n10000-d2-seed42,synthetic,gaussian_sparse,separated_clusters,10000,2,6.0,42,False,29,50,HDBSCAN,exact_single_linkage_pairwise_smallest_common_cluster_size_agreement,ScoreSG,score_sg,ok,,3.177965328010032,0.6469080919923726,3.8248734200024046,0.6469080919923726,6,1.0,1.0,0.9629845561040004,0.9642471270012768,9817,9999,9999,1.4783588474647616e-07,1.942806534077316e-07
synthetic,gaussian_sparse-separated-n10000-d2-seed42,synthetic,gaussian_sparse,separated_clusters,10000,2,6.0,42,False,29,50,HDBSCAN,exact_single_linkage_pairwise_smallest_common_cluster_size_agreement,ScoreSG Random,score_sg_random,ok,,3.1520558030169923,0.6386129889870062,3.7906687920039994,0.6386129889870062,6,1.0,1.0,0.8518290094400013,0.9634756995581738,9813,9999,9999,1.478961459850475e-07,1.943202459602942e-07
synthetic,gaussian_sparse-separated-n10000-d2-seed42,synthetic,gaussian_sparse,separated_clusters,10000,2,6.0,42,False,28,50,HDBSCAN,exact_single_linkage_pairwise_smallest_common_cluster_size_agreement,HDBSCAN,hdbscan_generic,ok,,5.9570070300251245,0.0,5.9570070300251245,5.9570070300251245,6,1.0,1.0,1.0,1.0,9999,9999,9999,0.0,0.0
synthetic,gaussian_sparse-separated-n10000-d2-seed42,synthetic,gaussian_sparse,separated_clusters,10000,2,6.0,42,False,28,50,HDBSCAN,exact_single_linkage_pairwise_smallest_common_cluster_size_agreement,Optimized HDBSCAN,optimized_hdbscan,ok,,0.9269778529996984,0.0,0.9269778529996984,0.9269778529996984,6,1.0,1.0,0.999999621928,0.1100133214920071,1982,9999,9999,2.5566386097546153e-14,3.4311552424193215e-14
synthetic,gaussian_sparse-separated-n10000-d2-seed42,synthetic,gaussian_sparse,separated_clusters,10000,2,6.0,42,False,28,50,HDBSCAN,exact_single_linkage_pairwise_smallest_common_cluster_size_agreement,ScoreSG,score_sg,ok,,3.177965328010032,0.6420091500040144,3.8199744780140463,0.6420091500040144,6,1.0,1.0,0.9629844849840004,0.9659850570192686,9826,9999,9999,1.4916974796668748e-07,1.9658885806621093e-07
synthetic,gaussian_sparse-separated-n10000-d2-seed42,synthetic,gaussian_sparse,separated_clusters,10000,2,6.0,42,False,28,50,HDBSCAN,exact_single_linkage_pairwise_smallest_common_cluster_size_agreement,ScoreSG Random,score_sg_random,ok,,3.1520558030169923,0.6561868739954662,3.8082426770124576,0.6561868739954662,6,1.0,1.0,0.8518289383200015,0.9652122641509434,9822,9999,9999,1.492304972017701e-07,1.96628884302616e-07
synthetic,gaussian_sparse-separated-n10000-d2-seed42,synthetic,gaussian_sparse,separated_clusters,10000,2,6.0,42,False,27,50,HDBSCAN,exact_single_linkage_pairwise_smallest_common_cluster_size_agreement,HDBSCAN,hdbscan_generic,ok,,5.988332547014579,0.0,5.988332547014579,5.988332547014579,6,1.0,1.0,1.0,1.0,9999,9999,9999,0.0,0.0
synthetic,gaussian_sparse-separated-n10000-d2-seed42,synthetic,gaussian_sparse,separated_clusters,10000,2,6.0,42,False,27,50,HDBSCAN,exact_single_linkage_pairwise_smallest_common_cluster_size_agreement,Optimized HDBSCAN,optimized_hdbscan,ok,,0.9230690740223508,0.0,0.9230690740223508,0.9230690740223508,6,1.0,1.0,0.999999770116,0.1052893384181727,1905,9999,9999,2.5703498821924115e-14,3.4650485464687185e-14
synthetic,gaussian_sparse-separated-n10000-d2-seed42,synthetic,gaussian_sparse,separated_clusters,10000,2,6.0,42,False,27,50,HDBSCAN,exact_single_linkage_pairwise_smallest_common_cluster_size_agreement,ScoreSG,score_sg,ok,,3.177965328010032,0.6508953699958511,3.828860698005883,0.6508953699958511,6,1.0,1.0,0.9629845041560002,0.9580926270439636,9785,9999,9999,1.4784424099277853e-07,1.9428244453839245e-07
synthetic,gaussian_sparse-separated-n10000-d2-seed42,synthetic,gaussian_sparse,separated_clusters,10000,2,6.0,42,False,27,50,HDBSCAN,exact_single_linkage_pairwise_smallest_common_cluster_size_agreement,ScoreSG Random,score_sg_random,ok,,3.1520558030169923,0.6522306960250717,3.804286499042064,0.6522306960250717,6,1.0,1.0,0.8518289574920012,0.9573260252520308,9781,9999,9999,1.4790470280231604e-07,1.943221669768649e-07
synthetic,gaussian_sparse-separated-n10000-d2-seed42,synthetic,gaussian_sparse,separated_clusters,10000,2,6.0,42,False,26,50,HDBSCAN,exact_single_linkage_pairwise_smallest_common_cluster_size_agreement,HDBSCAN,hdbscan_generic,ok,,5.975459269015119,0.0,5.975459269015119,5.975459269015119,6,1.0,1.0,1.0,1.0,9999,9999,9999,0.0,0.0
synthetic,gaussian_sparse-separated-n10000-d2-seed42,synthetic,gaussian_sparse,separated_clusters,10000,2,6.0,42,False,26,50,HDBSCAN,exact_single_linkage_pairwise_smallest_common_cluster_size_agreement,Optimized HDBSCAN,optimized_hdbscan,ok,,0.9302123179950286,0.0,0.9302123179950286,0.9302123179950286,6,1.0,1.0,0.999999678812,0.1057782692839369,1913,9999,9999,2.6637655605711495e-14,3.61913663632288e-14
synthetic,gaussian_sparse-separated-n10000-d2-seed42,synthetic,gaussian_sparse,separated_clusters,10000,2,6.0,42,False,26,50,HDBSCAN,exact_single_linkage_pairwise_smallest_common_cluster_size_agreement,ScoreSG,score_sg,ok,,3.177965328010032,0.6452379020047374,3.82320323001477,0.6452379020047374,6,1.0,1.0,0.9629844233000006,0.9617422012948792,9804,9999,9999,1.471823557769633e-07,1.9461076535937254e-07
synthetic,gaussian_sparse-separated-n10000-d2-seed42,synthetic,gaussian_sparse,separated_clusters,10000,2,6.0,42,False,26,50,HDBSCAN,exact_single_linkage_pairwise_smallest_common_cluster_size_agreement,ScoreSG Random,score_sg_random,ok,,3.1520558030169923,0.647089429985499,3.7991452330024913,0.647089429985499,6,1.0,1.0,0.8518288766360012,0.9609727397528928,9800,9999,9999,1.472424302073942e-07,1.946504777902235e-07
synthetic,gaussian_sparse-separated-n10000-d2-seed42,synthetic,gaussian_sparse,separated_clusters,10000,2,6.0,42,False,25,50,HDBSCAN,exact_single_linkage_pairwise_smallest_common_cluster_size_agreement,HDBSCAN,hdbscan_generic,ok,,5.973014779010555,0.0,5.973014779010555,5.973014779010555,6,1.0,1.0,1.0,1.0,9999,9999,9999,0.0,0.0
synthetic,gaussian_sparse-separated-n10000-d2-seed42,synthetic,gaussian_sparse,separated_clusters,10000,2,6.0,42,False,25,50,HDBSCAN,exact_single_linkage_pairwise_smallest_common_cluster_size_agreement,Optimized HDBSCAN,optimized_hdbscan,ok,,0.9221029650070705,0.0,0.9221029650070705,0.9221029650070705,6,1.0,1.0,0.99999958936,0.1082908446020838,1954,9999,9999,2.5916086915520544e-14,3.507462610095809e-14
synthetic,gaussian_sparse-separated-n10000-d2-seed42,synthetic,gaussian_sparse,separated_clusters,10000,2,6.0,42,False,25,50,HDBSCAN,exact_single_linkage_pairwise_smallest_common_cluster_size_agreement,ScoreSG,score_sg,ok,,3.177965328010032,0.637618917011423,3.815584245021455,0.637618917011423,6,1.0,1.0,0.9629843875680004,0.9623196938475124,9807,9999,9999,1.4953402267382077e-07,1.972572367379e-07
synthetic,gaussian_sparse-separated-n10000-d2-seed42,synthetic,gaussian_sparse,separated_clusters,10000,2,6.0,42,False,25,50,HDBSCAN,exact_single_linkage_pairwise_smallest_common_cluster_size_agreement,ScoreSG Random,score_sg_random,ok,,3.1520558030169923,0.6566017720033415,3.8086575750203338,0.6566017720033415,6,1.0,1.0,0.8518288409040002,0.9615497793035802,9803,9999,9999,1.4959503829004133e-07,1.972974768926919e-07
synthetic,gaussian_sparse-separated-n10000-d2-seed42,synthetic,gaussian_sparse,separated_clusters,10000,2,6.0,42,False,24,50,HDBSCAN,exact_single_linkage_pairwise_smallest_common_cluster_size_agreement,HDBSCAN,hdbscan_generic,ok,,5.956082723016152,0.0,5.956082723016152,5.956082723016152,6,1.0,1.0,1.0,1.0,9999,9999,9999,0.0,0.0
synthetic,gaussian_sparse-separated-n10000-d2-seed42,synthetic,gaussian_sparse,separated_clusters,10000,2,6.0,42,False,24,50,HDBSCAN,exact_single_linkage_pairwise_smallest_common_cluster_size_agreement,Optimized HDBSCAN,optimized_hdbscan,ok,,0.9189692299987656,0.0,0.9189692299987656,0.9189692299987656,6,1.0,1.0,0.999999574248,0.1168947221446523,2093,9999,9999,2.8086255516991227e-14,3.724353045276885e-14
synthetic,gaussian_sparse-separated-n10000-d2-seed42,synthetic,gaussian_sparse,separated_clusters,10000,2,6.0,42,False,24,50,HDBSCAN,exact_single_linkage_pairwise_smallest_common_cluster_size_agreement,ScoreSG,score_sg,ok,,3.177965328010032,0.6392808810051065,3.8172462090151376,0.6392808810051065,6,1.0,1.0,0.962984304864,0.9569429494079656,9779,9999,9999,1.476960300978332e-07,1.942614707010724e-07
synthetic,gaussian_sparse-separated-n10000-d2-seed42,synthetic,gaussian_sparse,separated_clusters,10000,2,6.0,42,False,24,50,HDBSCAN,exact_single_linkage_pairwise_smallest_common_cluster_size_agreement,ScoreSG Random,score_sg_random,ok,,3.1520558030169923,0.6409138750168495,3.7929696780338418,0.6409138750168495,6,1.0,1.0,0.8518287582000007,0.9561772473833512,9775,9999,9999,1.4775646837051928e-07,1.9430121322822738e-07
synthetic,gaussian_sparse-separated-n10000-d2-seed42,synthetic,gaussian_sparse,separated_clusters,10000,2,6.0,42,False,23,50,HDBSCAN,exact_single_linkage_pairwise_smallest_common_cluster_size_agreement,HDBSCAN,hdbscan_generic,ok,,5.972457890020451,0.0,5.972457890020451,5.972457890020451,6,1.0,1.0,1.0,1.0,9999,9999,9999,0.0,0.0
synthetic,gaussian_sparse-separated-n10000-d2-seed42,synthetic,gaussian_sparse,separated_clusters,10000,2,6.0,42,False,23,50,HDBSCAN,exact_single_linkage_pairwise_smallest_common_cluster_size_agreement,Optimized HDBSCAN,optimized_hdbscan,ok,,0.9286116540024524,0.0,0.9286116540024524,0.9286116540024524,6,1.0,1.0,0.999999538732,0.1202733740406699,2147,9999,9999,2.7919277923044243e-14,3.787865368214801e-14
synthetic,gaussian_sparse-separated-n10000-d2-seed42,synthetic,gaussian_sparse,separated_clusters,10000,2,6.0,42,False,23,50,HDBSCAN,exact_single_linkage_pairwise_smallest_common_cluster_size_agreement,ScoreSG,score_sg,ok,,3.177965328010032,0.6505404080089647,3.8285057360189967,0.6505404080089647,6,1.0,1.0,0.962984059108,0.9557946210268948,9773,9999,9999,1.503126192301088e-07,1.97593287952481e-07
synthetic,gaussian_sparse-separated-n10000-d2-seed42,synthetic,gaussian_sparse,separated_clusters,10000,2,6.0,42,False,23,50,HDBSCAN,exact_single_linkage_pairwise_smallest_common_cluster_size_agreement,ScoreSG Random,score_sg_random,ok,,3.1520558030169923,0.6595222249743529,3.811578027991345,0.6595222249743529,6,1.0,1.0,0.8518285124440006,0.9550298171864308,9769,9999,9999,1.5037416600787885e-07,1.9763373693713245e-07
synthetic,gaussian_sparse-separated-n10000-d2-seed42,synthetic,gaussian_sparse,separated_clusters,10000,2,6.0,42,False,22,50,HDBSCAN,exact_single_linkage_pairwise_smallest_common_cluster_size_agreement,HDBSCAN,hdbscan_generic,ok,,5.9665153230016585,0.0,5.9665153230016585,5.9665153230016585,6,1.0,1.0,1.0,1.0,9999,9999,9999,0.0,0.0
synthetic,gaussian_sparse-separated-n10000-d2-seed42,synthetic,gaussian_sparse,separated_clusters,10000,2,6.0,42,False,22,50,HDBSCAN,exact_single_linkage_pairwise_smallest_common_cluster_size_agreement,Optimized HDBSCAN,optimized_hdbscan,ok,,0.9297245380003004,0.0,0.9297245380003004,0.9297245380003004,6,1.0,1.0,0.999999510104,0.1232307346663671,2194,9999,9999,2.7735998699828923e-14,3.803149783524376e-14
synthetic,gaussian_sparse-separated-n10000-d2-seed42,synthetic,gaussian_sparse,separated_clusters,10000,2,6.0,42,False,22,50,HDBSCAN,exact_single_linkage_pairwise_smallest_common_cluster_size_agreement,ScoreSG,score_sg,ok,,3.177965328010032,0.6407864759967197,3.818751804006752,0.6407864759967197,6,1.0,1.0,0.962983672576,0.954647639526928,9767,9999,9999,1.4748294907154842e-07,1.9478998784372975e-07
synthetic,gaussian_sparse-separated-n10000-d2-seed42,synthetic,gaussian_sparse,separated_clusters,10000,2,6.0,42,False,22,50,HDBSCAN,exact_single_linkage_pairwise_smallest_common_cluster_size_agreement,ScoreSG Random,score_sg_random,ok,,3.1520558030169923,0.6493162320111878,3.80137203502818,0.6493162320111878,6,1.0,1.0,0.8518281259120013,0.9538837322911576,9763,9999,9999,1.4754337432929718e-07,1.9482988747295685e-07
synthetic,gaussian_sparse-separated-n10000-d2-seed42,synthetic,gaussian_sparse,separated_clusters,10000,2,6.0,42,False,21,50,HDBSCAN,exact_single_linkage_pairwise_smallest_common_cluster_size_agreement,HDBSCAN,hdbscan_generic,ok,,5.999210554989986,0.0,5.999210554989986,5.999210554989986,6,1.0,1.0,1.0,1.0,9999,9999,9999,0.0,0.0
synthetic,gaussian_sparse-separated-n10000-d2-seed42,synthetic,gaussian_sparse,separated_clusters,10000,2,6.0,42,False,21,50,HDBSCAN,exact_single_linkage_pairwise_smallest_common_cluster_size_agreement,Optimized HDBSCAN,optimized_hdbscan,ok,,0.9256033659912646,0.0,0.9256033659912646,0.9256033659912646,6,1.0,1.0,0.999999682512,0.1174564148413053,2102,9999,9999,2.8902612410385554e-14,3.931097084758807e-14
synthetic,gaussian_sparse-separated-n10000-d2-seed42,synthetic,gaussian_sparse,separated_clusters,10000,2,6.0,42,False,21,50,HDBSCAN,exact_single_linkage_pairwise_smallest_common_cluster_size_agreement,ScoreSG,score_sg,ok,,3.177965328010032,0.6496467720135115,3.827612100023544,0.6496467720135115,6,1.0,1.0,0.9629841034680005,0.9540746531170607,9764,9999,9999,1.4792130579393329e-07,1.9669400534748758e-07
synthetic,gaussian_sparse-separated-n10000-d2-seed42,synthetic,gaussian_sparse,separated_clusters,10000,2,6.0,42,False,21,50,HDBSCAN,exact_single_linkage_pairwise_smallest_common_cluster_size_agreement,ScoreSG Random,score_sg_random,ok,,3.1520558030169923,0.660932942002546,3.8129887450195374,0.660932942002546,6,1.0,1.0,0.851828556804001,0.9533111935924984,9760,9999,9999,1.479819292794139e-07,1.96734307367242e-07
synthetic,gaussian_sparse-separated-n10000-d2-seed42,synthetic,gaussian_sparse,separated_clusters,10000,2,6.0,42,False,20,50,HDBSCAN,exact_single_linkage_pairwise_smallest_common_cluster_size_agreement,HDBSCAN,hdbscan_generic,ok,,6.058628828002838,0.0,6.058628828002838,6.058628828002838,6,1.0,1.0,1.0,1.0,9999,9999,9999,0.0,0.0
synthetic,gaussian_sparse-separated-n10000-d2-seed42,synthetic,gaussian_sparse,separated_clusters,10000,2,6.0,42,False,20,50,HDBSCAN,exact_single_linkage_pairwise_smallest_common_cluster_size_agreement,Optimized HDBSCAN,optimized_hdbscan,ok,,1.1407139050133992,0.0,1.1407139050133992,1.1407139050133992,6,1.0,1.0,0.999999644768,0.1276007893994925,2263,9999,9999,2.9644346829004e-14,3.9942103851737706e-14
synthetic,gaussian_sparse-separated-n10000-d2-seed42,synthetic,gaussian_sparse,separated_clusters,10000,2,6.0,42,False,20,50,HDBSCAN,exact_single_linkage_pairwise_smallest_common_cluster_size_agreement,ScoreSG,score_sg,ok,,3.177965328010032,0.663012668985175,3.840977996995207,0.663012668985175,6,1.0,1.0,0.9629841693960002,0.9529296875,9758,9999,9999,1.4678451910993744e-07,1.9460670719044349e-07
synthetic,gaussian_sparse-separated-n10000-d2-seed42,synthetic,gaussian_sparse,separated_clusters,10000,2,6.0,42,False,20,50,HDBSCAN,exact_single_linkage_pairwise_smallest_common_cluster_size_agreement,ScoreSG Random,score_sg_random,ok,,3.1520558030169923,0.9109796780103352,4.063035481027328,0.9109796780103352,6,1.0,1.0,0.8518286227320011,0.9521671222178836,9754,9999,9999,1.4684471370410956e-07,1.946466060544589e-07
synthetic,gaussian_sparse-separated-n10000-d2-seed42,synthetic,gaussian_sparse,separated_clusters,10000,2,6.0,42,False,19,50,HDBSCAN,exact_single_linkage_pairwise_smallest_common_cluster_size_agreement,HDBSCAN,hdbscan_generic,ok,,6.004050191986607,0.0,6.004050191986607,6.004050191986607,6,1.0,1.0,1.0,1.0,9999,9999,9999,0.0,0.0
synthetic,gaussian_sparse-separated-n10000-d2-seed42,synthetic,gaussian_sparse,separated_clusters,10000,2,6.0,42,False,19,50,HDBSCAN,exact_single_linkage_pairwise_smallest_common_cluster_size_agreement,Optimized HDBSCAN,optimized_hdbscan,ok,,0.9206191730045248,0.0,0.9206191730045248,0.9206191730045248,6,1.0,1.0,0.999999546408,0.1342521694742215,2367,9999,9999,3.0968491630639944e-14,4.155170353278669e-14
synthetic,gaussian_sparse-separated-n10000-d2-seed42,synthetic,gaussian_sparse,separated_clusters,10000,2,6.0,42,False,19,50,HDBSCAN,exact_single_linkage_pairwise_smallest_common_cluster_size_agreement,ScoreSG,score_sg,ok,,3.177965328010032,0.6592388300050516,3.837204158015084,0.6592388300050516,6,1.0,1.0,0.9629840676040003,0.9455199922171418,9719,9999,9999,1.4945504280850396e-07,1.9737768150439453e-07
synthetic,gaussian_sparse-separated-n10000-d2-seed42,synthetic,gaussian_sparse,separated_clusters,10000,2,6.0,42,False,19,50,HDBSCAN,exact_single_linkage_pairwise_smallest_common_cluster_size_agreement,ScoreSG Random,score_sg_random,ok,,3.1520558030169923,0.6629216820001602,3.814977485017153,0.6629216820001602,6,1.0,1.0,0.8518285209400012,0.9447632014003696,9715,9999,9999,1.4951657859505558e-07,1.974183109164149e-07
synthetic,gaussian_sparse-separated-n10000-d2-seed42,synthetic,gaussian_sparse,separated_clusters,10000,2,6.0,42,False,18,50,HDBSCAN,exact_single_linkage_pairwise_smallest_common_cluster_size_agreement,HDBSCAN,hdbscan_generic,ok,,5.945069888985017,0.0,5.945069888985017,5.945069888985017,6,1.0,1.0,1.0,1.0,9999,9999,9999,0.0,0.0
synthetic,gaussian_sparse-separated-n10000-d2-seed42,synthetic,gaussian_sparse,separated_clusters,10000,2,6.0,42,False,18,50,HDBSCAN,exact_single_linkage_pairwise_smallest_common_cluster_size_agreement,Optimized HDBSCAN,optimized_hdbscan,ok,,0.9320255070051644,0.0,0.9320255070051644,0.9320255070051644,6,1.0,1.0,0.999999610644,0.1470031545741325,2563,9999,9999,3.27517037637498e-14,4.3799026168449166e-14
synthetic,gaussian_sparse-separated-n10000-d2-seed42,synthetic,gaussian_sparse,separated_clusters,10000,2,6.0,42,False,18,50,HDBSCAN,exact_single_linkage_pairwise_smallest_common_cluster_size_agreement,ScoreSG,score_sg,ok,,3.177965328010032,0.669329572992865,3.847294901002897,0.669329572992865,6,1.0,1.0,0.9629835876640004,0.9453307392996108,9718,9999,9999,1.470896377264467e-07,1.9328483847059122e-07
synthetic,gaussian_sparse-separated-n10000-d2-seed42,synthetic,gaussian_sparse,separated_clusters,10000,2,6.0,42,False,18,50,HDBSCAN,exact_single_linkage_pairwise_smallest_common_cluster_size_agreement,ScoreSG Random,score_sg_random,ok,,3.1520558030169923,0.6569496349839028,3.809005438000895,0.6569496349839028,6,1.0,1.0,0.8518280410000004,0.9445740956826136,9714,9999,9999,1.4715020582877538e-07,1.9332462948253526e-07
synthetic,gaussian_sparse-separated-n10000-d2-seed42,synthetic,gaussian_sparse,separated_clusters,10000,2,6.0,42,False,17,50,HDBSCAN,exact_single_linkage_pairwise_smallest_common_cluster_size_agreement,HDBSCAN,hdbscan_generic,ok,,5.980200810008682,0.0,5.980200810008682,5.980200810008682,6,1.0,1.0,1.0,1.0,9999,9999,9999,0.0,0.0
synthetic,gaussian_sparse-separated-n10000-d2-seed42,synthetic,gaussian_sparse,separated_clusters,10000,2,6.0,42,False,17,50,HDBSCAN,exact_single_linkage_pairwise_smallest_common_cluster_size_agreement,Optimized HDBSCAN,optimized_hdbscan,ok,,0.920718562003458,0.0,0.920718562003458,0.920718562003458,6,1.0,1.0,0.999999477284,0.1528218135700697,2651,9999,9999,3.2870804657344795e-14,4.4577793491874317e-14
synthetic,gaussian_sparse-separated-n10000-d2-seed42,synthetic,gaussian_sparse,separated_clusters,10000,2,6.0,42,False,17,50,HDBSCAN,exact_single_linkage_pairwise_smallest_common_cluster_size_agreement,ScoreSG,score_sg,ok,,3.177965328010032,0.6600779730069917,3.838043301017024,0.6600779730069917,6,1.0,1.0,0.9629836958320002,0.9383541727246292,9681,9999,9999,1.4889369723281685e-07,1.9600074032070443e-07
synthetic,gaussian_sparse-separated-n10000-d2-seed42,synthetic,gaussian_sparse,separated_clusters,10000,2,6.0,42,False,17,50,HDBSCAN,exact_single_linkage_pairwise_smallest_common_cluster_size_agreement,ScoreSG Random,score_sg_random,ok,,3.1520558030169923,0.6492224739922676,3.80127827700926,0.6492224739922676,6,1.0,1.0,0.8518281491680001,0.9376029454510222,9677,9999,9999,1.4895524262746872e-07,1.960412447105397e-07
synthetic,gaussian_sparse-separated-n10000-d2-seed42,synthetic,gaussian_sparse,separated_clusters,10000,2,6.0,42,False,16,50,HDBSCAN,exact_single_linkage_pairwise_smallest_common_cluster_size_agreement,HDBSCAN,hdbscan_generic,ok,,6.001746231020661,0.0,6.001746231020661,6.001746231020661,6,1.0,1.0,1.0,1.0,9999,9999,9999,0.0,0.0
synthetic,gaussian_sparse-separated-n10000-d2-seed42,synthetic,gaussian_sparse,separated_clusters,10000,2,6.0,42,False,16,50,HDBSCAN,exact_single_linkage_pairwise_smallest_common_cluster_size_agreement,Optimized HDBSCAN,optimized_hdbscan,ok,,0.9489907939860132,0.0,0.9489907939860132,0.9489907939860132,6,1.0,1.0,0.999999528944,0.1618638159423658,2786,9999,9999,3.4898198034809583e-14,4.7093197702128555e-14
synthetic,gaussian_sparse-separated-n10000-d2-seed42,synthetic,gaussian_sparse,separated_clusters,10000,2,6.0,42,False,16,50,HDBSCAN,exact_single_linkage_pairwise_smallest_common_cluster_size_agreement,ScoreSG,score_sg,ok,,3.177965328010032,0.6849147470202297,3.8628800750302617,0.6849147470202297,6,1.0,1.0,0.962983531804,0.9409880617295934,9695,9999,9999,1.481711599045289e-07,1.9478914125064572e-07
synthetic,gaussian_sparse-separated-n10000-d2-seed42,synthetic,gaussian_sparse,separated_clusters,10000,2,6.0,42,False,16,50,HDBSCAN,exact_single_linkage_pairwise_smallest_common_cluster_size_agreement,ScoreSG Random,score_sg_random,ok,,3.1520558030169923,0.6836817679868545,3.835737571003847,0.6836817679868545,6,1.0,1.0,0.8518279851400012,0.9402347918890076,9691,9999,9999,1.4823231815803558e-07,1.9482933711183522e-07
synthetic,gaussian_sparse-separated-n10000-d2-seed42,synthetic,gaussian_sparse,separated_clusters,10000,2,6.0,42,False,15,50,HDBSCAN,exact_single_linkage_pairwise_smallest_common_cluster_size_agreement,HDBSCAN,hdbscan_generic,ok,,6.006170896987896,0.0,6.006170896987896,6.006170896987896,6,1.0,1.0,1.0,1.0,9999,9999,9999,0.0,0.0
synthetic,gaussian_sparse-separated-n10000-d2-seed42,synthetic,gaussian_sparse,separated_clusters,10000,2,6.0,42,False,15,50,HDBSCAN,exact_single_linkage_pairwise_smallest_common_cluster_size_agreement,Optimized HDBSCAN,optimized_hdbscan,ok,,0.937053882982582,0.0,0.937053882982582,0.937053882982582,6,1.0,1.0,0.999999464916,0.1572246976448122,2717,9999,9999,3.4450854838088336e-14,4.6514690709161894e-14
synthetic,gaussian_sparse-separated-n10000-d2-seed42,synthetic,gaussian_sparse,separated_clusters,10000,2,6.0,42,False,15,50,HDBSCAN,exact_single_linkage_pairwise_smallest_common_cluster_size_agreement,ScoreSG,score_sg,ok,,3.177965328010032,0.6660788499866612,3.844044177996693,0.6660788499866612,6,1.0,1.0,0.9629833981440002,0.9291915878834652,9632,9999,9999,1.495372555714561e-07,1.9763595554640373e-07
synthetic,gaussian_sparse-separated-n10000-d2-seed42,synthetic,gaussian_sparse,separated_clusters,10000,2,6.0,42,False,15,50,HDBSCAN,exact_single_linkage_pairwise_smallest_common_cluster_size_agreement,ScoreSG Random,score_sg_random,ok,,3.1520558030169923,0.6555120909761172,3.8075678939931095,0.6555120909761172,6,1.0,1.0,0.851827851480001,0.9284474445515912,9628,9999,9999,1.4959938155996884e-07,1.976770056985852e-07
synthetic,gaussian_sparse-separated-n10000-d2-seed42,synthetic,gaussian_sparse,separated_clusters,10000,2,6.0,42,False,14,50,HDBSCAN,exact_single_linkage_pairwise_smallest_common_cluster_size_agreement,HDBSCAN,hdbscan_generic,ok,,6.002268740005093,0.0,6.002268740005093,6.002268740005093,6,1.0,1.0,1.0,1.0,9999,9999,9999,0.0,0.0
synthetic,gaussian_sparse-separated-n10000-d2-seed42,synthetic,gaussian_sparse,separated_clusters,10000,2,6.0,42,False,14,50,HDBSCAN,exact_single_linkage_pairwise_smallest_common_cluster_size_agreement,Optimized HDBSCAN,optimized_hdbscan,ok,,0.947764685988659,0.0,0.947764685988659,0.947764685988659,6,1.0,1.0,0.999999273916,0.1780854197349042,3023,9999,9999,3.6236737964294596e-14,4.881202251165473e-14
synthetic,gaussian_sparse-separated-n10000-d2-seed42,synthetic,gaussian_sparse,separated_clusters,10000,2,6.0,42,False,14,50,HDBSCAN,exact_single_linkage_pairwise_smallest_common_cluster_size_agreement,ScoreSG,score_sg,ok,,3.177965328010032,0.6755181289918255,3.8534834570018575,0.6755181289918255,6,1.0,1.0,0.9629828851920006,0.9286334265599384,9629,9999,9999,1.4697726546272006e-07,1.9461308598144245e-07
synthetic,gaussian_sparse-separated-n10000-d2-seed42,synthetic,gaussian_sparse,separated_clusters,10000,2,6.0,42,False,14,50,HDBSCAN,exact_single_linkage_pairwise_smallest_common_cluster_size_agreement,ScoreSG Random,score_sg_random,ok,,3.1520558030169923,0.6862976220145356,3.838353425031528,0.6862976220145356,6,1.0,1.0,0.8518273385280003,0.9278897136797456,9625,9999,9999,1.4703834692318402e-07,1.9465352086365345e-07
synthetic,gaussian_sparse-separated-n10000-d2-seed42,synthetic,gaussian_sparse,separated_clusters,10000,2,6.0,42,False,13,50,HDBSCAN,exact_single_linkage_pairwise_smallest_common_cluster_size_agreement,HDBSCAN,hdbscan_generic,ok,,6.022614398010774,0.0,6.022614398010774,6.022614398010774,6,1.0,1.0,1.0,1.0,9999,9999,9999,0.0,0.0
synthetic,gaussian_sparse-separated-n10000-d2-seed42,synthetic,gaussian_sparse,separated_clusters,10000,2,6.0,42,False,13,50,HDBSCAN,exact_single_linkage_pairwise_smallest_common_cluster_size_agreement,Optimized HDBSCAN,optimized_hdbscan,ok,,0.9375558489991818,0.0,0.9375558489991818,0.9375558489991818,6,1.0,1.0,0.99999917794,0.1914918970448045,3214,9999,9999,3.754774960149127e-14,5.0197979308689995e-14
synthetic,gaussian_sparse-separated-n10000-d2-seed42,synthetic,gaussian_sparse,separated_clusters,10000,2,6.0,42,False,13,50,HDBSCAN,exact_single_linkage_pairwise_smallest_common_cluster_size_agreement,ScoreSG,score_sg,ok,,3.177965328010032,0.6706236350000836,3.848588963010116,0.6706236350000836,6,1.0,1.0,0.962982839128,0.9179054378056968,9571,9999,9999,1.4816031430098725e-07,1.962570048334274e-07
synthetic,gaussian_sparse-separated-n10000-d2-seed42,synthetic,gaussian_sparse,separated_clusters,10000,2,6.0,42,False,13,50,HDBSCAN,exact_single_linkage_pairwise_smallest_common_cluster_size_agreement,ScoreSG Random,score_sg_random,ok,,3.1520558030169923,0.664915283996379,3.8169710870133713,0.664915283996379,6,1.0,1.0,0.851827292464001,0.917169974115617,9567,9999,9999,1.482222607055361e-07,1.9629802845528717e-07
synthetic,gaussian_sparse-separated-n10000-d2-seed42,synthetic,gaussian_sparse,separated_clusters,10000,2,6.0,42,False,12,50,HDBSCAN,exact_single_linkage_pairwise_smallest_common_cluster_size_agreement,HDBSCAN,hdbscan_generic,ok,,5.990839127014624,0.0,5.990839127014624,5.990839127014624,6,1.0,1.0,1.0,1.0,9999,9999,9999,0.0,0.0
synthetic,gaussian_sparse-separated-n10000-d2-seed42,synthetic,gaussian_sparse,separated_clusters,10000,2,6.0,42,False,12,50,HDBSCAN,exact_single_linkage_pairwise_smallest_common_cluster_size_agreement,Optimized HDBSCAN,optimized_hdbscan,ok,,0.9551310490060132,0.0,0.9551310490060132,0.9551310490060132,6,1.0,1.0,0.999998900016,0.2049891540130151,3402,9999,9999,3.8611585269464855e-14,5.2860529049697045e-14
synthetic,gaussian_sparse-separated-n10000-d2-seed42,synthetic,gaussian_sparse,separated_clusters,10000,2,6.0,42,False,12,50,HDBSCAN,exact_single_linkage_pairwise_smallest_common_cluster_size_agreement,ScoreSG,score_sg,ok,,3.177965328010032,0.6765257319784723,3.854491059988504,0.6765257319784723,6,1.0,1.0,0.962982121396,0.91350110037317,9547,9999,9999,1.4599869102920077e-07,1.935890074713717e-07
synthetic,gaussian_sparse-separated-n10000-d2-seed42,synthetic,gaussian_sparse,separated_clusters,10000,2,6.0,42,False,12,50,HDBSCAN,exact_single_linkage_pairwise_smallest_common_cluster_size_agreement,ScoreSG Random,score_sg_random,ok,,3.1520558030169923,0.6829848460038193,3.835040649020812,0.6829848460038193,6,1.0,1.0,0.8518265747320005,0.9127690100430416,9543,9999,9999,1.4605988716869906e-07,1.936295751598873e-07
synthetic,gaussian_sparse-separated-n10000-d2-seed42,synthetic,gaussian_sparse,separated_clusters,10000,2,6.0,42,False,11,50,HDBSCAN,exact_single_linkage_pairwise_smallest_common_cluster_size_agreement,HDBSCAN,hdbscan_generic,ok,,5.979569446993992,0.0,5.979569446993992,5.979569446993992,6,1.0,1.0,1.0,1.0,9999,9999,9999,0.0,0.0
synthetic,gaussian_sparse-separated-n10000-d2-seed42,synthetic,gaussian_sparse,separated_clusters,10000,2,6.0,42,False,11,50,HDBSCAN,exact_single_linkage_pairwise_smallest_common_cluster_size_agreement,Optimized HDBSCAN,optimized_hdbscan,ok,,0.937074360990664,0.0,0.937074360990664,0.937074360990664,6,1.0,1.0,0.999998944636,0.2211027660743726,3621,9999,9999,4.154915004827046e-14,5.6601165956073585e-14
synthetic,gaussian_sparse-separated-n10000-d2-seed42,synthetic,gaussian_sparse,separated_clusters,10000,2,6.0,42,False,11,50,HDBSCAN,exact_single_linkage_pairwise_smallest_common_cluster_size_agreement,ScoreSG,score_sg,ok,,3.177965328010032,0.666785906010773,3.844751234020805,0.666785906010773,6,1.0,1.0,0.962982062468,0.9114891990059262,9536,9999,9999,1.460917600309791e-07,1.9335461865468226e-07
synthetic,gaussian_sparse-separated-n10000-d2-seed42,synthetic,gaussian_sparse,separated_clusters,10000,2,6.0,42,False,11,50,HDBSCAN,exact_single_linkage_pairwise_smallest_common_cluster_size_agreement,ScoreSG Random,score_sg_random,ok,,3.1520558030169923,0.6701002089830581,3.8221560120000495,0.6701002089830581,6,1.0,1.0,0.8518265158040009,0.9107586470475828,9532,9999,9999,1.461530658466777e-07,1.9339518397950802e-07
synthetic,gaussian_sparse-separated-n10000-d2-seed42,synthetic,gaussian_sparse,separated_clusters,10000,2,6.0,42,False,10,50,HDBSCAN,exact_single_linkage_pairwise_smallest_common_cluster_size_agreement,HDBSCAN,hdbscan_generic,ok,,6.012277239991818,0.0,6.012277239991818,6.012277239991818,6,1.0,1.0,1.0,1.0,9999,9999,9999,0.0,0.0
synthetic,gaussian_sparse-separated-n10000-d2-seed42,synthetic,gaussian_sparse,separated_clusters,10000,2,6.0,42,False,10,50,HDBSCAN,exact_single_linkage_pairwise_smallest_common_cluster_size_agreement,Optimized HDBSCAN,optimized_hdbscan,ok,,0.9504987979889848,0.0,0.9504987979889848,0.9504987979889848,6,1.0,1.0,0.999998908972,0.241032642422738,3884,9999,9999,4.339820427157055e-14,6.07205188981814e-14
synthetic,gaussian_sparse-separated-n10000-d2-seed42,synthetic,gaussian_sparse,separated_clusters,10000,2,6.0,42,False,10,50,HDBSCAN,exact_single_linkage_pairwise_smallest_common_cluster_size_agreement,ScoreSG,score_sg,ok,,3.177965328010032,0.6757395710155834,3.8537048990256153,0.6757395710155834,6,1.0,1.0,0.962981511536,0.896443812233286,9453,9999,9999,1.4851452094905728e-07,1.9659616031118486e-07
synthetic,gaussian_sparse-separated-n10000-d2-seed42,synthetic,gaussian_sparse,separated_clusters,10000,2,6.0,42,False,10,50,HDBSCAN,exact_single_linkage_pairwise_smallest_common_cluster_size_agreement,ScoreSG Random,score_sg_random,ok,,3.1520558030169923,0.6805551830038894,3.8326109860208817,0.6805551830038894,6,1.0,1.0,0.8518259648720019,0.8957247132429614,9449,9999,9999,1.4857739089073482e-07,1.9663776796462666e-07
synthetic,gaussian_sparse-separated-n10000-d2-seed42,synthetic,gaussian_sparse,separated_clusters,10000,2,6.0,42,False,9,50,HDBSCAN,exact_single_linkage_pairwise_smallest_common_cluster_size_agreement,HDBSCAN,hdbscan_generic,ok,,6.018641898001079,0.0,6.018641898001079,6.018641898001079,6,1.0,1.0,1.0,1.0,9999,9999,9999,0.0,0.0
synthetic,gaussian_sparse-separated-n10000-d2-seed42,synthetic,gaussian_sparse,separated_clusters,10000,2,6.0,42,False,9,50,HDBSCAN,exact_single_linkage_pairwise_smallest_common_cluster_size_agreement,Optimized HDBSCAN,optimized_hdbscan,ok,,0.9423665410140528,0.0,0.9423665410140528,0.9423665410140528,6,1.0,1.0,0.999999050908,0.2576567511477265,4097,9999,9999,4.559520593914679e-14,6.272589169922629e-14
synthetic,gaussian_sparse-separated-n10000-d2-seed42,synthetic,gaussian_sparse,separated_clusters,10000,2,6.0,42,False,9,50,HDBSCAN,exact_single_linkage_pairwise_smallest_common_cluster_size_agreement,ScoreSG,score_sg,ok,,3.177965328010032,0.674007644993253,3.851972973003285,0.674007644993253,6,1.0,1.0,0.9629814460720004,0.8905275099262621,9420,9999,9999,1.4648914276908717e-07,1.9386707024566215e-07
synthetic,gaussian_sparse-separated-n10000-d2-seed42,synthetic,gaussian_sparse,separated_clusters,10000,2,6.0,42,False,9,50,HDBSCAN,exact_single_linkage_pairwise_smallest_common_cluster_size_agreement,ScoreSG Random,score_sg_random,ok,,3.1520558030169923,0.6807932329829782,3.8328490359999705,0.6807932329829782,6,1.0,1.0,0.8518258994080008,0.8898128898128899,9416,9999,9999,1.4655137265079826e-07,1.9390824409559985e-07
synthetic,gaussian_sparse-separated-n10000-d2-seed42,synthetic,gaussian_sparse,separated_clusters,10000,2,6.0,42,False,8,50,HDBSCAN,exact_single_linkage_pairwise_smallest_common_cluster_size_agreement,HDBSCAN,hdbscan_generic,ok,,6.017858122999314,0.0,6.017858122999314,6.017858122999314,6,1.0,1.0,1.0,1.0,9999,9999,9999,0.0,0.0
synthetic,gaussian_sparse-separated-n10000-d2-seed42,synthetic,gaussian_sparse,separated_clusters,10000,2,6.0,42,False,8,50,HDBSCAN,exact_single_linkage_pairwise_smallest_common_cluster_size_agreement,Optimized HDBSCAN,optimized_hdbscan,ok,,0.9451388570014388,0.0,0.9451388570014388,0.9451388570014388,6,1.0,1.0,0.999998483276,0.2929462727096398,4531,9999,9999,4.8369141920858416e-14,6.623208373631417e-14
synthetic,gaussian_sparse-separated-n10000-d2-seed42,synthetic,gaussian_sparse,separated_clusters,10000,2,6.0,42,False,8,50,HDBSCAN,exact_single_linkage_pairwise_smallest_common_cluster_size_agreement,ScoreSG,score_sg,ok,,3.177965328010032,0.6792703200189862,3.857235648029018,0.6792703200189862,6,1.0,1.0,0.9629798899400002,0.8740511667135227,9327,9999,9999,1.468821361201151e-07,1.9564931405053137e-07
synthetic,gaussian_sparse-separated-n10000-d2-seed42,synthetic,gaussian_sparse,separated_clusters,10000,2,6.0,42,False,8,50,HDBSCAN,exact_single_linkage_pairwise_smallest_common_cluster_size_agreement,ScoreSG Random,score_sg_random,ok,,3.1520558030169923,0.6901909470034298,3.842246750020422,0.6901909470034298,6,1.0,1.0,0.8518243432760004,0.8733489461358314,9323,9999,9999,1.4694515537782138e-07,1.9569128087084475e-07
synthetic,gaussian_sparse-separated-n10000-d2-seed42,synthetic,gaussian_sparse,separated_clusters,10000,2,6.0,42,False,7,50,HDBSCAN,exact_single_linkage_pairwise_smallest_common_cluster_size_agreement,HDBSCAN,hdbscan_generic,ok,,6.019791933009401,0.0,6.019791933009401,6.019791933009401,6,1.0,1.0,1.0,1.0,9999,9999,9999,0.0,0.0
synthetic,gaussian_sparse-separated-n10000-d2-seed42,synthetic,gaussian_sparse,separated_clusters,10000,2,6.0,42,False,7,50,HDBSCAN,exact_single_linkage_pairwise_smallest_common_cluster_size_agreement,Optimized HDBSCAN,optimized_hdbscan,ok,,0.945938908989774,0.0,0.945938908989774,0.945938908989774,6,1.0,1.0,0.99999786552,0.3351582320737081,5020,9999,9999,5.2537599519845805e-14,7.17378731801724e-14
synthetic,gaussian_sparse-separated-n10000-d2-seed42,synthetic,gaussian_sparse,separated_clusters,10000,2,6.0,42,False,7,50,HDBSCAN,exact_single_linkage_pairwise_smallest_common_cluster_size_agreement,ScoreSG,score_sg,ok,,3.177965328010032,0.6857360650028568,3.8637013930128887,0.6857360650028568,6,1.0,1.0,0.9629782397160002,0.8675756443780351,9290,9999,9999,1.4703408493041016e-07,1.95834565987821e-07
synthetic,gaussian_sparse-separated-n10000-d2-seed42,synthetic,gaussian_sparse,separated_clusters,10000,2,6.0,42,False,7,50,HDBSCAN,exact_single_linkage_pairwise_smallest_common_cluster_size_agreement,ScoreSG Random,score_sg_random,ok,,3.1520558030169923,0.6977742770104669,3.849830080027459,0.6977742770104669,6,1.0,1.0,0.8518226930520013,0.8668782673637042,9286,9999,9999,1.4709742074075225e-07,1.9587673990151933e-07
synthetic,gaussian_sparse-separated-n10000-d2-seed42,synthetic,gaussian_sparse,separated_clusters,10000,2,6.0,42,False,6,50,HDBSCAN,exact_single_linkage_pairwise_smallest_common_cluster_size_agreement,HDBSCAN,hdbscan_generic,ok,,6.023520968010416,0.0,6.023520968010416,6.023520968010416,6,1.0,1.0,1.0,1.0,9999,9999,9999,0.0,0.0
synthetic,gaussian_sparse-separated-n10000-d2-seed42,synthetic,gaussian_sparse,separated_clusters,10000,2,6.0,42,False,6,50,HDBSCAN,exact_single_linkage_pairwise_smallest_common_cluster_size_agreement,Optimized HDBSCAN,optimized_hdbscan,ok,,0.9640659269934986,0.0,0.9640659269934986,0.9640659269934986,6,1.0,1.0,0.999998716712,0.3901981230448383,5613,9999,9999,5.79506440558025e-14,8.058748547305616e-14
synthetic,gaussian_sparse-separated-n10000-d2-seed42,synthetic,gaussian_sparse,separated_clusters,10000,2,6.0,42,False,6,50,HDBSCAN,exact_single_linkage_pairwise_smallest_common_cluster_size_agreement,ScoreSG,score_sg,ok,,3.177965328010032,0.6895469769951887,3.8675123050052207,0.6895469769951887,6,1.0,1.0,0.962978013136,0.8489275147928994,9182,9999,9999,1.4129023031231262e-07,1.8943978141814206e-07
synthetic,gaussian_sparse-separated-n10000-d2-seed42,synthetic,gaussian_sparse,separated_clusters,10000,2,6.0,42,False,6,50,HDBSCAN,exact_single_linkage_pairwise_smallest_common_cluster_size_agreement,ScoreSG Random,score_sg_random,ok,,3.1520558030169923,0.6843264659983106,3.836382269015303,0.6843264659983106,6,1.0,1.0,0.8518224664720006,0.8482439926062847,9178,9999,9999,1.413518080979265e-07,1.894810581985465e-07
synthetic,gaussian_sparse-separated-n10000-d2-seed42,synthetic,gaussian_sparse,separated_clusters,10000,2,6.0,42,False,5,50,HDBSCAN,exact_single_linkage_pairwise_smallest_common_cluster_size_agreement,HDBSCAN,hdbscan_generic,ok,,6.0219687539793085,0.0,6.0219687539793085,6.0219687539793085,6,1.0,1.0,1.0,1.0,9999,9999,9999,0.0,0.0
synthetic,gaussian_sparse-separated-n10000-d2-seed42,synthetic,gaussian_sparse,separated_clusters,10000,2,6.0,42,False,5,50,HDBSCAN,exact_single_linkage_pairwise_smallest_common_cluster_size_agreement,Optimized HDBSCAN,optimized_hdbscan,ok,,0.9655481739901006,0.0,0.9655481739901006,0.9655481739901006,6,1.0,1.0,0.999998599192,0.4722815283810646,6415,9999,9999,6.309443041209466e-14,8.798325958149816e-14
synthetic,gaussian_sparse-separated-n10000-d2-seed42,synthetic,gaussian_sparse,separated_clusters,10000,2,6.0,42,False,5,50,HDBSCAN,exact_single_linkage_pairwise_smallest_common_cluster_size_agreement,ScoreSG,score_sg,ok,,3.177965328010032,0.6875996890012175,3.8655650170112494,0.6875996890012175,6,1.0,1.0,0.962975364064,0.8304805491990846,9073,9999,9999,1.4163724991117077e-07,1.929262230740673e-07
synthetic,gaussian_sparse-separated-n10000-d2-seed42,synthetic,gaussian_sparse,separated_clusters,10000,2,6.0,42,False,5,50,HDBSCAN,exact_single_linkage_pairwise_smallest_common_cluster_size_agreement,ScoreSG Random,score_sg_random,ok,,3.1520558030169923,0.7018497709941585,3.853905574011151,0.7018497709941585,6,1.0,1.0,0.851819817400001,0.8298105956629152,9069,9999,9999,1.416997208555703e-07,1.929687646893747e-07
synthetic,gaussian_sparse-separated-n10000-d2-seed42,synthetic,gaussian_sparse,separated_clusters,10000,2,6.0,42,False,4,50,HDBSCAN,exact_single_linkage_pairwise_smallest_common_cluster_size_agreement,HDBSCAN,hdbscan_generic,ok,,6.029353199992329,0.0,6.029353199992329,6.029353199992329,6,1.0,1.0,1.0,1.0,9999,9999,9999,0.0,0.0
synthetic,gaussian_sparse-separated-n10000-d2-seed42,synthetic,gaussian_sparse,separated_clusters,10000,2,6.0,42,False,4,50,HDBSCAN,exact_single_linkage_pairwise_smallest_common_cluster_size_agreement,Optimized HDBSCAN,optimized_hdbscan,ok,,0.9876414499885868,0.0,0.9876414499885868,0.9876414499885868,6,1.0,1.0,0.999998963924,0.5735305688881894,7289,9999,9999,7.337640716864778e-14,1.0588349754217729e-13
synthetic,gaussian_sparse-separated-n10000-d2-seed42,synthetic,gaussian_sparse,separated_clusters,10000,2,6.0,42,False,4,50,HDBSCAN,exact_single_linkage_pairwise_smallest_common_cluster_size_agreement,ScoreSG,score_sg,ok,,3.177965328010032,0.688381506013684,3.866346834023716,0.688381506013684,6,1.0,1.0,0.9629742275560002,0.8156891229344471,8984,9999,9999,1.3419957523896405e-07,1.86442746452585e-07
synthetic,gaussian_sparse-separated-n10000-d2-seed42,synthetic,gaussian_sparse,separated_clusters,10000,2,6.0,42,False,4,50,HDBSCAN,exact_single_linkage_pairwise_smallest_common_cluster_size_agreement,ScoreSG Random,score_sg_random,ok,,3.1520558030169923,0.6850798079976812,3.8371356110146735,0.6850798079976812,6,1.0,1.0,0.8518186808920012,0.8150299509892902,8980,9999,9999,1.342593523320677e-07,1.8648426582654425e-07
synthetic,gaussian_sparse-separated-n10000-d2-seed42,synthetic,gaussian_sparse,separated_clusters,10000,2,6.0,42,False,3,50,HDBSCAN,exact_single_linkage_pairwise_smallest_common_cluster_size_agreement,HDBSCAN,hdbscan_generic,ok,,6.032037747994764,0.0,6.032037747994764,6.032037747994764,438,1.0,0.6187811179071234,1.0,1.0,9999,9999,9999,0.0,0.0
synthetic,gaussian_sparse-separated-n10000-d2-seed42,synthetic,gaussian_sparse,separated_clusters,10000,2,6.0,42,False,3,50,HDBSCAN,exact_single_linkage_pairwise_smallest_common_cluster_size_agreement,Optimized HDBSCAN,optimized_hdbscan,ok,,1.0201457039802335,0.0,1.0201457039802335,1.0201457039802335,438,1.0,0.6187811179071234,0.999999911852,0.7275397373876987,8422,9999,9999,8.72587314393209e-14,1.3138309240132756e-13
synthetic,gaussian_sparse-separated-n10000-d2-seed42,synthetic,gaussian_sparse,separated_clusters,10000,2,6.0,42,False,3,50,HDBSCAN,exact_single_linkage_pairwise_smallest_common_cluster_size_agreement,ScoreSG,score_sg,ok,,3.177965328010032,0.711079875996802,3.889045204006834,0.711079875996802,6,0.6187811179071234,1.0,0.9629805294000005,0.8143712574850299,8976,9999,9999,1.1870166083770547e-07,1.765129468000143e-07
synthetic,gaussian_sparse-separated-n10000-d2-seed42,synthetic,gaussian_sparse,separated_clusters,10000,2,6.0,42,False,3,50,HDBSCAN,exact_single_linkage_pairwise_smallest_common_cluster_size_agreement,ScoreSG Random,score_sg_random,ok,,3.1520558030169923,0.706521811982384,3.858577614999376,0.706521811982384,6,0.6187811179071234,1.0,0.8518249827360014,0.8137130419009614,8972,9999,9999,1.1875458177378057e-07,1.7655228992917785e-07
synthetic,gaussian_sparse-separated-n10000-d2-seed42,synthetic,gaussian_sparse,separated_clusters,10000,2,6.0,42,False,2,50,HDBSCAN,exact_single_linkage_pairwise_smallest_common_cluster_size_agreement,HDBSCAN,hdbscan_generic,ok,,6.15603666799143,0.0,6.15603666799143,6.15603666799143,1707,1.0,0.0038050616476528,1.0,1.0,9999,9999,9999,0.0,0.0
synthetic,gaussian_sparse-separated-n10000-d2-seed42,synthetic,gaussian_sparse,separated_clusters,10000,2,6.0,42,False,2,50,HDBSCAN,exact_single_linkage_pairwise_smallest_common_cluster_size_agreement,Optimized HDBSCAN,optimized_hdbscan,ok,,1.077535110001918,0.0,1.077535110001918,1.077535110001918,1707,1.0,0.0038050616476528,1.0,0.9998,9998,9999,9999,1.4187856726727378e-13,3.598689080447563e-13
synthetic,gaussian_sparse-separated-n10000-d2-seed42,synthetic,gaussian_sparse,separated_clusters,10000,2,6.0,42,False,2,50,HDBSCAN,exact_single_linkage_pairwise_smallest_common_cluster_size_agreement,ScoreSG,score_sg,ok,,3.177965328010032,0.6926409580046311,3.870606286014663,0.6926409580046311,6,0.0038050616476528,1.0,0.962985185184,0.9996000399960004,9997,9999,9999,5.176100129557513e-08,1.1644661824748513e-07
synthetic,gaussian_sparse-separated-n10000-d2-seed42,synthetic,gaussian_sparse,separated_clusters,10000,2,6.0,42,False,2,50,HDBSCAN,exact_single_linkage_pairwise_smallest_common_cluster_size_agreement,ScoreSG Random,score_sg_random,ok,,3.1520558030169923,0.705207545979647,3.8572633489966393,0.705207545979647,6,0.0038050616476528,1.0,0.8518296385200004,0.99880059970015,9993,9999,9999,5.178172019883714e-08,1.164699215533513e-07
synthetic,gaussian_sparse-separated-n10000-d32-seed42,synthetic,gaussian_sparse,separated_clusters,10000,32,6.0,42,False,50,50,HDBSCAN,exact_single_linkage_pairwise_smallest_common_cluster_size_agreement,HDBSCAN,hdbscan_generic,ok,,6.201549328980036,0.0,6.201549328980036,6.201549328980036,6,1.0,1.0,1.0,1.0,9999,9999,9999,0.0,0.0
synthetic,gaussian_sparse-separated-n10000-d32-seed42,synthetic,gaussian_sparse,separated_clusters,10000,32,6.0,42,False,50,50,HDBSCAN,exact_single_linkage_pairwise_smallest_common_cluster_size_agreement,Optimized HDBSCAN,optimized_hdbscan,ok,,2.5390886400127783,0.0,2.5390886400127783,2.5390886400127783,6,1.0,1.0,0.999999969068,0.0958408679927667,1749,9999,9999,6.852278734261658e-15,8.768252563799434e-15
synthetic,gaussian_sparse-separated-n10000-d32-seed42,synthetic,gaussian_sparse,separated_clusters,10000,32,6.0,42,False,50,50,HDBSCAN,exact_single_linkage_pairwise_smallest_common_cluster_size_agreement,ScoreSG,score_sg,ok,,3.53900523998891,1.1060998076573014e-05,3.5390163009869866,3.5390163009869866,6,1.0,1.0,0.9814690891160004,0.9776503164556962,9886,9999,9999,3.0927610306981904e-05,0.0005685000388843
synthetic,gaussian_sparse-separated-n10000-d32-seed42,synthetic,gaussian_sparse,separated_clusters,10000,32,6.0,42,False,50,50,HDBSCAN,exact_single_linkage_pairwise_smallest_common_cluster_size_agreement,ScoreSG Random,score_sg_random,ok,,3.385226076003164,1.0558025678619742e-05,3.3852366340288427,3.3852366340288427,6,1.0,1.0,0.8888876231920004,0.9776503164556962,9886,9999,9999,3.0927610306981904e-05,0.0005685000388843
synthetic,gaussian_sparse-separated-n10000-d32-seed42,synthetic,gaussian_sparse,separated_clusters,10000,32,6.0,42,False,49,50,HDBSCAN,exact_single_linkage_pairwise_smallest_common_cluster_size_agreement,HDBSCAN,hdbscan_generic,ok,,6.125497802015161,0.0,6.125497802015161,6.125497802015161,6,1.0,1.0,1.0,1.0,9999,9999,9999,0.0,0.0
synthetic,gaussian_sparse-separated-n10000-d32-seed42,synthetic,gaussian_sparse,separated_clusters,10000,32,6.0,42,False,49,50,HDBSCAN,exact_single_linkage_pairwise_smallest_common_cluster_size_agreement,Optimized HDBSCAN,optimized_hdbscan,ok,,2.5928058529971167,0.0,2.5928058529971167,2.5928058529971167,6,1.0,1.0,0.9999999741,0.0888598497223129,1632,9999,9999,6.816442835014748e-15,8.613173691297809e-15
synthetic,gaussian_sparse-separated-n10000-d32-seed42,synthetic,gaussian_sparse,separated_clusters,10000,32,6.0,42,False,49,50,HDBSCAN,exact_single_linkage_pairwise_smallest_common_cluster_size_agreement,ScoreSG,score_sg,ok,,3.53900523998891,0.7065408590133302,4.24554609900224,0.7065408590133302,6,1.0,1.0,0.9814687594240004,0.9778459103946198,9887,9999,9999,2.4285135944621512e-05,0.0004753324326364
synthetic,gaussian_sparse-separated-n10000-d32-seed42,synthetic,gaussian_sparse,separated_clusters,10000,32,6.0,42,False,49,50,HDBSCAN,exact_single_linkage_pairwise_smallest_common_cluster_size_agreement,ScoreSG Random,score_sg_random,ok,,3.385226076003164,0.6896736400085501,4.074899716011714,0.6896736400085501,6,1.0,1.0,0.8888872934999997,0.9778459103946198,9887,9999,9999,2.4285135944621512e-05,0.0004753324326364
synthetic,gaussian_sparse-separated-n10000-d32-seed42,synthetic,gaussian_sparse,separated_clusters,10000,32,6.0,42,False,48,50,HDBSCAN,exact_single_linkage_pairwise_smallest_common_cluster_size_agreement,HDBSCAN,hdbscan_generic,ok,,6.1644276839797385,0.0,6.1644276839797385,6.1644276839797385,6,1.0,1.0,1.0,1.0,9999,9999,9999,0.0,0.0
synthetic,gaussian_sparse-separated-n10000-d32-seed42,synthetic,gaussian_sparse,separated_clusters,10000,32,6.0,42,False,48,50,HDBSCAN,exact_single_linkage_pairwise_smallest_common_cluster_size_agreement,Optimized HDBSCAN,optimized_hdbscan,ok,,2.5583745980111416,0.0,2.5583745980111416,2.5583745980111416,6,1.0,1.0,0.99999995802,0.0883857624904756,1624,9999,9999,6.7947836738635185e-15,8.608712799103875e-15
synthetic,gaussian_sparse-separated-n10000-d32-seed42,synthetic,gaussian_sparse,separated_clusters,10000,32,6.0,42,False,48,50,HDBSCAN,exact_single_linkage_pairwise_smallest_common_cluster_size_agreement,ScoreSG,score_sg,ok,,3.53900523998891,0.6951572679972742,4.234162507986184,0.6951572679972742,6,1.0,1.0,0.9814688644480004,0.9796079984161552,9896,9999,9999,2.574277445105747e-05,0.0004955380601254
synthetic,gaussian_sparse-separated-n10000-d32-seed42,synthetic,gaussian_sparse,separated_clusters,10000,32,6.0,42,False,48,50,HDBSCAN,exact_single_linkage_pairwise_smallest_common_cluster_size_agreement,ScoreSG Random,score_sg_random,ok,,3.385226076003164,0.7032635690120514,4.088489645015216,0.7032635690120514,6,1.0,1.0,0.8888873985240003,0.9796079984161552,9896,9999,9999,2.574277445105747e-05,0.0004955380601254
synthetic,gaussian_sparse-separated-n10000-d32-seed42,synthetic,gaussian_sparse,separated_clusters,10000,32,6.0,42,False,47,50,HDBSCAN,exact_single_linkage_pairwise_smallest_common_cluster_size_agreement,HDBSCAN,hdbscan_generic,ok,,6.139587521000067,0.0,6.139587521000067,6.139587521000067,6,1.0,1.0,1.0,1.0,9999,9999,9999,0.0,0.0
synthetic,gaussian_sparse-separated-n10000-d32-seed42,synthetic,gaussian_sparse,separated_clusters,10000,32,6.0,42,False,47,50,HDBSCAN,exact_single_linkage_pairwise_smallest_common_cluster_size_agreement,Optimized HDBSCAN,optimized_hdbscan,ok,,2.565350001008482,0.0,2.565350001008482,2.565350001008482,6,1.0,1.0,0.999999978904,0.097103357472021,1770,9999,9999,6.907970742825861e-15,8.761918050135992e-15
synthetic,gaussian_sparse-separated-n10000-d32-seed42,synthetic,gaussian_sparse,separated_clusters,10000,32,6.0,42,False,47,50,HDBSCAN,exact_single_linkage_pairwise_smallest_common_cluster_size_agreement,ScoreSG,score_sg,ok,,3.53900523998891,0.7002473809989169,4.239252620987827,0.7002473809989169,6,1.0,1.0,0.9814694515800004,0.9749160576733162,9872,9999,9999,1.680874284849663e-05,0.0003379657356469
synthetic,gaussian_sparse-separated-n10000-d32-seed42,synthetic,gaussian_sparse,separated_clusters,10000,32,6.0,42,False,47,50,HDBSCAN,exact_single_linkage_pairwise_smallest_common_cluster_size_agreement,ScoreSG Random,score_sg_random,ok,,3.385226076003164,0.6971092979947571,4.082335373997921,0.6971092979947571,6,1.0,1.0,0.8888879856560004,0.9749160576733162,9872,9999,9999,1.680874284849663e-05,0.0003379657356469
synthetic,gaussian_sparse-separated-n10000-d32-seed42,synthetic,gaussian_sparse,separated_clusters,10000,32,6.0,42,False,46,50,HDBSCAN,exact_single_linkage_pairwise_smallest_common_cluster_size_agreement,HDBSCAN,hdbscan_generic,ok,,6.149245249020169,0.0,6.149245249020169,6.149245249020169,6,1.0,1.0,1.0,1.0,9999,9999,9999,0.0,0.0
synthetic,gaussian_sparse-separated-n10000-d32-seed42,synthetic,gaussian_sparse,separated_clusters,10000,32,6.0,42,False,46,50,HDBSCAN,exact_single_linkage_pairwise_smallest_common_cluster_size_agreement,Optimized HDBSCAN,optimized_hdbscan,ok,,2.55669686399051,0.0,2.55669686399051,2.55669686399051,6,1.0,1.0,0.999999979736,0.0873205741626794,1606,9999,9999,7.054547896447571e-15,9.035837918879136e-15
synthetic,gaussian_sparse-separated-n10000-d32-seed42,synthetic,gaussian_sparse,separated_clusters,10000,32,6.0,42,False,46,50,HDBSCAN,exact_single_linkage_pairwise_smallest_common_cluster_size_agreement,ScoreSG,score_sg,ok,,3.53900523998891,0.7026168150187004,4.2416220550076105,0.7026168150187004,6,1.0,1.0,0.9814695260240004,0.9776503164556962,9886,9999,9999,1.7865862211229065e-05,0.0004031927856462
synthetic,gaussian_sparse-separated-n10000-d32-seed42,synthetic,gaussian_sparse,separated_clusters,10000,32,6.0,42,False,46,50,HDBSCAN,exact_single_linkage_pairwise_smallest_common_cluster_size_agreement,ScoreSG Random,score_sg_random,ok,,3.385226076003164,0.7021888739836868,4.087414949986851,0.7021888739836868,6,1.0,1.0,0.8888880601000005,0.9776503164556962,9886,9999,9999,1.7865862211229065e-05,0.0004031927856462
synthetic,gaussian_sparse-separated-n10000-d32-seed42,synthetic,gaussian_sparse,separated_clusters,10000,32,6.0,42,False,45,50,HDBSCAN,exact_single_linkage_pairwise_smallest_common_cluster_size_agreement,HDBSCAN,hdbscan_generic,ok,,6.14997462098836,0.0,6.14997462098836,6.14997462098836,6,1.0,1.0,1.0,1.0,9999,9999,9999,0.0,0.0
synthetic,gaussian_sparse-separated-n10000-d32-seed42,synthetic,gaussian_sparse,separated_clusters,10000,32,6.0,42,False,45,50,HDBSCAN,exact_single_linkage_pairwise_smallest_common_cluster_size_agreement,Optimized HDBSCAN,optimized_hdbscan,ok,,2.5669603829737757,0.0,2.5669603829737757,2.5669603829737757,6,1.0,1.0,0.99999997144,0.0872023485919321,1604,9999,9999,6.844621849073097e-15,8.751224755755895e-15
synthetic,gaussian_sparse-separated-n10000-d32-seed42,synthetic,gaussian_sparse,separated_clusters,10000,32,6.0,42,False,45,50,HDBSCAN,exact_single_linkage_pairwise_smallest_common_cluster_size_agreement,ScoreSG,score_sg,ok,,3.53900523998891,0.7053903409978375,4.244395580986748,0.7053903409978375,6,1.0,1.0,0.981469518468,0.9782372143634384,9889,9999,9999,1.6873322807298073e-05,0.0004088865299151
synthetic,gaussian_sparse-separated-n10000-d32-seed42,synthetic,gaussian_sparse,separated_clusters,10000,32,6.0,42,False,45,50,HDBSCAN,exact_single_linkage_pairwise_smallest_common_cluster_size_agreement,ScoreSG Random,score_sg_random,ok,,3.385226076003164,0.7123041349987034,4.097530211001867,0.7123041349987034,6,1.0,1.0,0.8888880525440007,0.9782372143634384,9889,9999,9999,1.6873322807298073e-05,0.0004088865299151
synthetic,gaussian_sparse-separated-n10000-d32-seed42,synthetic,gaussian_sparse,separated_clusters,10000,32,6.0,42,False,44,50,HDBSCAN,exact_single_linkage_pairwise_smallest_common_cluster_size_agreement,HDBSCAN,hdbscan_generic,ok,,6.113505587010877,0.0,6.113505587010877,6.113505587010877,6,1.0,1.0,1.0,1.0,9999,9999,9999,0.0,0.0
synthetic,gaussian_sparse-separated-n10000-d32-seed42,synthetic,gaussian_sparse,separated_clusters,10000,32,6.0,42,False,44,50,HDBSCAN,exact_single_linkage_pairwise_smallest_common_cluster_size_agreement,Optimized HDBSCAN,optimized_hdbscan,ok,,2.580032122990815,0.0,2.580032122990815,2.580032122990815,6,1.0,1.0,0.999999962368,0.0890377389315471,1635,9999,9999,6.851739698885431e-15,8.73642185689335e-15
synthetic,gaussian_sparse-separated-n10000-d32-seed42,synthetic,gaussian_sparse,separated_clusters,10000,32,6.0,42,False,44,50,HDBSCAN,exact_single_linkage_pairwise_smallest_common_cluster_size_agreement,ScoreSG,score_sg,ok,,3.53900523998891,0.7078088840062264,4.2468141239951365,0.7078088840062264,6,1.0,1.0,0.9814692407600004,0.9776503164556962,9886,9999,9999,2.0984125907433145e-05,0.0004418017964756
synthetic,gaussian_sparse-separated-n10000-d32-seed42,synthetic,gaussian_sparse,separated_clusters,10000,32,6.0,42,False,44,50,HDBSCAN,exact_single_linkage_pairwise_smallest_common_cluster_size_agreement,ScoreSG Random,score_sg_random,ok,,3.385226076003164,0.7061360499938019,4.091362125996966,0.7061360499938019,6,1.0,1.0,0.8888877748360009,0.9776503164556962,9886,9999,9999,2.0984125907433145e-05,0.0004418017964756
synthetic,gaussian_sparse-separated-n10000-d32-seed42,synthetic,gaussian_sparse,separated_clusters,10000,32,6.0,42,False,43,50,HDBSCAN,exact_single_linkage_pairwise_smallest_common_cluster_size_agreement,HDBSCAN,hdbscan_generic,ok,,6.127755453984719,0.0,6.127755453984719,6.127755453984719,6,1.0,1.0,1.0,1.0,9999,9999,9999,0.0,0.0
synthetic,gaussian_sparse-separated-n10000-d32-seed42,synthetic,gaussian_sparse,separated_clusters,10000,32,6.0,42,False,43,50,HDBSCAN,exact_single_linkage_pairwise_smallest_common_cluster_size_agreement,Optimized HDBSCAN,optimized_hdbscan,ok,,2.544434233015636,0.0,2.544434233015636,2.544434233015636,6,1.0,1.0,0.9999999616,0.0890970482518244,1636,9999,9999,7.051680619489564e-15,8.968885569774989e-15
synthetic,gaussian_sparse-separated-n10000-d32-seed42,synthetic,gaussian_sparse,separated_clusters,10000,32,6.0,42,False,43,50,HDBSCAN,exact_single_linkage_pairwise_smallest_common_cluster_size_agreement,ScoreSG,score_sg,ok,,3.53900523998891,0.7131539969996084,4.252159236988518,0.7131539969996084,6,1.0,1.0,0.9814689471160002,0.9764775647361138,9880,9999,9999,2.25132443579069e-05,0.0005511206990996
synthetic,gaussian_sparse-separated-n10000-d32-seed42,synthetic,gaussian_sparse,separated_clusters,10000,32,6.0,42,False,43,50,HDBSCAN,exact_single_linkage_pairwise_smallest_common_cluster_size_agreement,ScoreSG Random,score_sg_random,ok,,3.385226076003164,0.690790577995358,4.076016653998522,0.690790577995358,6,1.0,1.0,0.8888874811920008,0.9764775647361138,9880,9999,9999,2.25132443579069e-05,0.0005511206990996
synthetic,gaussian_sparse-separated-n10000-d32-seed42,synthetic,gaussian_sparse,separated_clusters,10000,32,6.0,42,False,42,50,HDBSCAN,exact_single_linkage_pairwise_smallest_common_cluster_size_agreement,HDBSCAN,hdbscan_generic,ok,,6.118549739010632,0.0,6.118549739010632,6.118549739010632,6,1.0,1.0,1.0,1.0,9999,9999,9999,0.0,0.0
synthetic,gaussian_sparse-separated-n10000-d32-seed42,synthetic,gaussian_sparse,separated_clusters,10000,32,6.0,42,False,42,50,HDBSCAN,exact_single_linkage_pairwise_smallest_common_cluster_size_agreement,Optimized HDBSCAN,optimized_hdbscan,ok,,2.5324842359987088,0.0,2.5324842359987088,2.5324842359987088,6,1.0,1.0,0.999999984496,0.0887412891986062,1630,9999,9999,6.845512568523113e-15,8.697579496660595e-15
synthetic,gaussian_sparse-separated-n10000-d32-seed42,synthetic,gaussian_sparse,separated_clusters,10000,32,6.0,42,False,42,50,HDBSCAN,exact_single_linkage_pairwise_smallest_common_cluster_size_agreement,ScoreSG,score_sg,ok,,3.53900523998891,0.7122475639916956,4.251252803980606,0.7122475639916956,6,1.0,1.0,0.9814696307039998,0.9780415430267062,9888,9999,9999,1.393172727011178e-05,0.000336141039656
synthetic,gaussian_sparse-separated-n10000-d32-seed42,synthetic,gaussian_sparse,separated_clusters,10000,32,6.0,42,False,42,50,HDBSCAN,exact_single_linkage_pairwise_smallest_common_cluster_size_agreement,ScoreSG Random,score_sg_random,ok,,3.385226076003164,0.7199983859900385,4.105224461993203,0.7199983859900385,6,1.0,1.0,0.8888881647800001,0.9780415430267062,9888,9999,9999,1.393172727011178e-05,0.000336141039656
synthetic,gaussian_sparse-separated-n10000-d32-seed42,synthetic,gaussian_sparse,separated_clusters,10000,32,6.0,42,False,41,50,HDBSCAN,exact_single_linkage_pairwise_smallest_common_cluster_size_agreement,HDBSCAN,hdbscan_generic,ok,,6.262991402996704,0.0,6.262991402996704,6.262991402996704,6,1.0,1.0,1.0,1.0,9999,9999,9999,0.0,0.0
synthetic,gaussian_sparse-separated-n10000-d32-seed42,synthetic,gaussian_sparse,separated_clusters,10000,32,6.0,42,False,41,50,HDBSCAN,exact_single_linkage_pairwise_smallest_common_cluster_size_agreement,Optimized HDBSCAN,optimized_hdbscan,ok,,2.540594988997327,0.0,2.540594988997327,2.540594988997327,6,1.0,1.0,0.999999973232,0.0883265306122449,1623,9999,9999,6.962322824790415e-15,8.783080540454388e-15
synthetic,gaussian_sparse-separated-n10000-d32-seed42,synthetic,gaussian_sparse,separated_clusters,10000,32,6.0,42,False,41,50,HDBSCAN,exact_single_linkage_pairwise_smallest_common_cluster_size_agreement,ScoreSG,score_sg,ok,,3.53900523998891,0.7075160869862884,4.246521326975199,0.7075160869862884,6,1.0,1.0,0.9814696026440004,0.9760869565217392,9878,9999,9999,1.4201914241418146e-05,0.0003180224718149
synthetic,gaussian_sparse-separated-n10000-d32-seed42,synthetic,gaussian_sparse,separated_clusters,10000,32,6.0,42,False,41,50,HDBSCAN,exact_single_linkage_pairwise_smallest_common_cluster_size_agreement,ScoreSG Random,score_sg_random,ok,,3.385226076003164,0.7107291700085625,4.095955246011727,0.7107291700085625,6,1.0,1.0,0.8888881367200001,0.9760869565217392,9878,9999,9999,1.4201914241418146e-05,0.0003180224718149
synthetic,gaussian_sparse-separated-n10000-d32-seed42,synthetic,gaussian_sparse,separated_clusters,10000,32,6.0,42,False,40,50,HDBSCAN,exact_single_linkage_pairwise_smallest_common_cluster_size_agreement,HDBSCAN,hdbscan_generic,ok,,6.160699472005945,0.0,6.160699472005945,6.160699472005945,6,1.0,1.0,1.0,1.0,9999,9999,9999,0.0,0.0
synthetic,gaussian_sparse-separated-n10000-d32-seed42,synthetic,gaussian_sparse,separated_clusters,10000,32,6.0,42,False,40,50,HDBSCAN,exact_single_linkage_pairwise_smallest_common_cluster_size_agreement,Optimized HDBSCAN,optimized_hdbscan,ok,,2.529478329990525,0.0,2.529478329990525,2.529478329990525,6,1.0,1.0,0.99999998046,0.0880304678998911,1618,9999,9999,7.097742253845871e-15,9.083210312536743e-15
synthetic,gaussian_sparse-separated-n10000-d32-seed42,synthetic,gaussian_sparse,separated_clusters,10000,32,6.0,42,False,40,50,HDBSCAN,exact_single_linkage_pairwise_smallest_common_cluster_size_agreement,ScoreSG,score_sg,ok,,3.53900523998891,0.7075273290101904,4.2465325689991005,0.7075273290101904,6,1.0,1.0,0.9814695508000004,0.9753062030817858,9874,9999,9999,1.892773380117436e-05,0.0004890556972096
synthetic,gaussian_sparse-separated-n10000-d32-seed42,synthetic,gaussian_sparse,separated_clusters,10000,32,6.0,42,False,40,50,HDBSCAN,exact_single_linkage_pairwise_smallest_common_cluster_size_agreement,ScoreSG Random,score_sg_random,ok,,3.385226076003164,0.7022174019948579,4.087443477998022,0.7022174019948579,6,1.0,1.0,0.8888880848760008,0.9753062030817858,9874,9999,9999,1.892773380117436e-05,0.0004890556972096
synthetic,gaussian_sparse-separated-n10000-d32-seed42,synthetic,gaussian_sparse,separated_clusters,10000,32,6.0,42,False,39,50,HDBSCAN,exact_single_linkage_pairwise_smallest_common_cluster_size_agreement,HDBSCAN,hdbscan_generic,ok,,6.168525709974347,0.0,6.168525709974347,6.168525709974347,6,1.0,1.0,1.0,1.0,9999,9999,9999,0.0,0.0
synthetic,gaussian_sparse-separated-n10000-d32-seed42,synthetic,gaussian_sparse,separated_clusters,10000,32,6.0,42,False,39,50,HDBSCAN,exact_single_linkage_pairwise_smallest_common_cluster_size_agreement,Optimized HDBSCAN,optimized_hdbscan,ok,,2.485960430989508,0.0,2.485960430989508,2.485960430989508,6,1.0,1.0,0.99999997724,0.0839611903084178,1549,9999,9999,7.187421879238911e-15,9.100994634013336e-15
synthetic,gaussian_sparse-separated-n10000-d32-seed42,synthetic,gaussian_sparse,separated_clusters,10000,32,6.0,42,False,39,50,HDBSCAN,exact_single_linkage_pairwise_smallest_common_cluster_size_agreement,ScoreSG,score_sg,ok,,3.53900523998891,0.7177874500048347,4.256792689993745,0.7177874500048347,6,1.0,1.0,0.9814694728679998,0.9723838642864188,9859,9999,9999,1.488488101166904e-05,0.0003928135265449
synthetic,gaussian_sparse-separated-n10000-d32-seed42,synthetic,gaussian_sparse,separated_clusters,10000,32,6.0,42,False,39,50,HDBSCAN,exact_single_linkage_pairwise_smallest_common_cluster_size_agreement,ScoreSG Random,score_sg_random,ok,,3.385226076003164,0.7164406160009094,4.101666692004073,0.7164406160009094,6,1.0,1.0,0.8888880069440005,0.9723838642864188,9859,9999,9999,1.488488101166904e-05,0.0003928135265449
synthetic,gaussian_sparse-separated-n10000-d32-seed42,synthetic,gaussian_sparse,separated_clusters,10000,32,6.0,42,False,38,50,HDBSCAN,exact_single_linkage_pairwise_smallest_common_cluster_size_agreement,HDBSCAN,hdbscan_generic,ok,,6.187509732000763,0.0,6.187509732000763,6.187509732000763,6,1.0,1.0,1.0,1.0,9999,9999,9999,0.0,0.0
synthetic,gaussian_sparse-separated-n10000-d32-seed42,synthetic,gaussian_sparse,separated_clusters,10000,32,6.0,42,False,38,50,HDBSCAN,exact_single_linkage_pairwise_smallest_common_cluster_size_agreement,Optimized HDBSCAN,optimized_hdbscan,ok,,2.5289063039817847,0.0,2.5289063039817847,2.5289063039817847,6,1.0,1.0,0.999999970068,0.0849609375,1566,9999,9999,7.109397503793787e-15,9.117848393055338e-15
synthetic,gaussian_sparse-separated-n10000-d32-seed42,synthetic,gaussian_sparse,separated_clusters,10000,32,6.0,42,False,38,50,HDBSCAN,exact_single_linkage_pairwise_smallest_common_cluster_size_agreement,ScoreSG,score_sg,ok,,3.53900523998891,0.7227281290106475,4.261733368999558,0.7227281290106475,6,1.0,1.0,0.9814694486640004,0.9733570159857904,9864,9999,9999,1.2961606438476517e-05,0.0003648190951172
synthetic,gaussian_sparse-separated-n10000-d32-seed42,synthetic,gaussian_sparse,separated_clusters,10000,32,6.0,42,False,38,50,HDBSCAN,exact_single_linkage_pairwise_smallest_common_cluster_size_agreement,ScoreSG Random,score_sg_random,ok,,3.385226076003164,0.7213850559783168,4.106611131981481,0.7213850559783168,6,1.0,1.0,0.8888879827400006,0.9733570159857904,9864,9999,9999,1.2961606438476517e-05,0.0003648190951172
synthetic,gaussian_sparse-separated-n10000-d32-seed42,synthetic,gaussian_sparse,separated_clusters,10000,32,6.0,42,False,37,50,HDBSCAN,exact_single_linkage_pairwise_smallest_common_cluster_size_agreement,HDBSCAN,hdbscan_generic,ok,,6.164105076983105,0.0,6.164105076983105,6.164105076983105,6,1.0,1.0,1.0,1.0,9999,9999,9999,0.0,0.0
synthetic,gaussian_sparse-separated-n10000-d32-seed42,synthetic,gaussian_sparse,separated_clusters,10000,32,6.0,42,False,37,50,HDBSCAN,exact_single_linkage_pairwise_smallest_common_cluster_size_agreement,Optimized HDBSCAN,optimized_hdbscan,ok,,2.513714676024392,0.0,2.513714676024392,2.513714676024392,6,1.0,1.0,0.999999982756,0.0850198035917747,1567,9999,9999,6.824577065985551e-15,8.709310951389011e-15
synthetic,gaussian_sparse-separated-n10000-d32-seed42,synthetic,gaussian_sparse,separated_clusters,10000,32,6.0,42,False,37,50,HDBSCAN,exact_single_linkage_pairwise_smallest_common_cluster_size_agreement,ScoreSG,score_sg,ok,,3.53900523998891,0.72900682000909,4.268012059998,0.72900682000909,6,1.0,1.0,0.9814698372839998,0.9706346078044936,9850,9999,9999,1.0084731030537848e-05,0.0003168881703017
synthetic,gaussian_sparse-separated-n10000-d32-seed42,synthetic,gaussian_sparse,separated_clusters,10000,32,6.0,42,False,37,50,HDBSCAN,exact_single_linkage_pairwise_smallest_common_cluster_size_agreement,ScoreSG Random,score_sg_random,ok,,3.385226076003164,0.728606578981271,4.113832654984435,0.728606578981271,6,1.0,1.0,0.8888883713600002,0.9706346078044936,9850,9999,9999,1.0084731030537848e-05,0.0003168881703017
synthetic,gaussian_sparse-separated-n10000-d32-seed42,synthetic,gaussian_sparse,separated_clusters,10000,32,6.0,42,False,36,50,HDBSCAN,exact_single_linkage_pairwise_smallest_common_cluster_size_agreement,HDBSCAN,hdbscan_generic,ok,,6.105453184020007,0.0,6.105453184020007,6.105453184020007,6,1.0,1.0,1.0,1.0,9999,9999,9999,0.0,0.0
synthetic,gaussian_sparse-separated-n10000-d32-seed42,synthetic,gaussian_sparse,separated_clusters,10000,32,6.0,42,False,36,50,HDBSCAN,exact_single_linkage_pairwise_smallest_common_cluster_size_agreement,Optimized HDBSCAN,optimized_hdbscan,ok,,2.4325152590172365,0.0,2.4325152590172365,2.4325152590172365,6,1.0,1.0,0.999999973596,0.0846667028258393,1561,9999,9999,7.057633003177677e-15,8.902541949839428e-15
synthetic,gaussian_sparse-separated-n10000-d32-seed42,synthetic,gaussian_sparse,separated_clusters,10000,32,6.0,42,False,36,50,HDBSCAN,exact_single_linkage_pairwise_smallest_common_cluster_size_agreement,ScoreSG,score_sg,ok,,3.53900523998891,0.7194544530066196,4.25845969299553,0.7194544530066196,6,1.0,1.0,0.9814695839480002,0.9708288163989356,9851,9999,9999,1.1760323272502538e-05,0.000320637519717
synthetic,gaussian_sparse-separated-n10000-d32-seed42,synthetic,gaussian_sparse,separated_clusters,10000,32,6.0,42,False,36,50,HDBSCAN,exact_single_linkage_pairwise_smallest_common_cluster_size_agreement,ScoreSG Random,score_sg_random,ok,,3.385226076003164,0.7302276910049841,4.115453767008148,0.7302276910049841,6,1.0,1.0,0.8888881180240007,0.9708288163989356,9851,9999,9999,1.1760323272502538e-05,0.000320637519717
synthetic,gaussian_sparse-separated-n10000-d32-seed42,synthetic,gaussian_sparse,separated_clusters,10000,32,6.0,42,False,35,50,HDBSCAN,exact_single_linkage_pairwise_smallest_common_cluster_size_agreement,HDBSCAN,hdbscan_generic,ok,,6.150175257003866,0.0,6.150175257003866,6.150175257003866,6,1.0,1.0,1.0,1.0,9999,9999,9999,0.0,0.0
synthetic,gaussian_sparse-separated-n10000-d32-seed42,synthetic,gaussian_sparse,separated_clusters,10000,32,6.0,42,False,35,50,HDBSCAN,exact_single_linkage_pairwise_smallest_common_cluster_size_agreement,Optimized HDBSCAN,optimized_hdbscan,ok,,2.519394150993321,0.0,2.519394150993321,2.519394150993321,6,1.0,1.0,0.999999955212,0.0713022981732469,1331,9999,9999,7.00199561075388e-15,9.059935389465392e-15
synthetic,gaussian_sparse-separated-n10000-d32-seed42,synthetic,gaussian_sparse,separated_clusters,10000,32,6.0,42,False,35,50,HDBSCAN,exact_single_linkage_pairwise_smallest_common_cluster_size_agreement,ScoreSG,score_sg,ok,,3.53900523998891,0.7172119029855821,4.256217142974492,0.7172119029855821,6,1.0,1.0,0.9814693329679998,0.972967640094712,9862,9999,9999,1.4695719811091971e-05,0.0005945146025328
synthetic,gaussian_sparse-separated-n10000-d32-seed42,synthetic,gaussian_sparse,separated_clusters,10000,32,6.0,42,False,35,50,HDBSCAN,exact_single_linkage_pairwise_smallest_common_cluster_size_agreement,ScoreSG Random,score_sg_random,ok,,3.385226076003164,0.7151924679928925,4.1004185439960565,0.7151924679928925,6,1.0,1.0,0.8888878670440001,0.972967640094712,9862,9999,9999,1.4695719811091971e-05,0.0005945146025328
synthetic,gaussian_sparse-separated-n10000-d32-seed42,synthetic,gaussian_sparse,separated_clusters,10000,32,6.0,42,False,34,50,HDBSCAN,exact_single_linkage_pairwise_smallest_common_cluster_size_agreement,HDBSCAN,hdbscan_generic,ok,,6.146223713003565,0.0,6.146223713003565,6.146223713003565,6,1.0,1.0,1.0,1.0,9999,9999,9999,0.0,0.0
synthetic,gaussian_sparse-separated-n10000-d32-seed42,synthetic,gaussian_sparse,separated_clusters,10000,32,6.0,42,False,34,50,HDBSCAN,exact_single_linkage_pairwise_smallest_common_cluster_size_agreement,Optimized HDBSCAN,optimized_hdbscan,ok,,2.544735634000972,0.0,2.544735634000972,2.544735634000972,6,1.0,1.0,0.999999951132,0.0713022981732469,1331,9999,9999,6.902567673462131e-15,8.909267865156258e-15
synthetic,gaussian_sparse-separated-n10000-d32-seed42,synthetic,gaussian_sparse,separated_clusters,10000,32,6.0,42,False,34,50,HDBSCAN,exact_single_linkage_pairwise_smallest_common_cluster_size_agreement,ScoreSG,score_sg,ok,,3.53900523998891,0.7271135830087587,4.266118822997669,0.7271135830087587,6,1.0,1.0,0.98146984854,0.9723838642864188,9859,9999,9999,9.510902241265173e-06,0.0003275448897072
synthetic,gaussian_sparse-separated-n10000-d32-seed42,synthetic,gaussian_sparse,separated_clusters,10000,32,6.0,42,False,34,50,HDBSCAN,exact_single_linkage_pairwise_smallest_common_cluster_size_agreement,ScoreSG Random,score_sg_random,ok,,3.385226076003164,0.6994773409969639,4.084703417000128,0.6994773409969639,6,1.0,1.0,0.8888883826160006,0.9723838642864188,9859,9999,9999,9.510902241265173e-06,0.0003275448897072
synthetic,gaussian_sparse-separated-n10000-d32-seed42,synthetic,gaussian_sparse,separated_clusters,10000,32,6.0,42,False,33,50,HDBSCAN,exact_single_linkage_pairwise_smallest_common_cluster_size_agreement,HDBSCAN,hdbscan_generic,ok,,6.17799309300608,0.0,6.17799309300608,6.17799309300608,6,1.0,1.0,1.0,1.0,9999,9999,9999,0.0,0.0
synthetic,gaussian_sparse-separated-n10000-d32-seed42,synthetic,gaussian_sparse,separated_clusters,10000,32,6.0,42,False,33,50,HDBSCAN,exact_single_linkage_pairwise_smallest_common_cluster_size_agreement,Optimized HDBSCAN,optimized_hdbscan,ok,,2.514846200007014,0.0,2.514846200007014,2.514846200007014,6,1.0,1.0,0.999999959484,0.0636102542282735,1196,9999,9999,7.115081470858611e-15,9.150575608594433e-15
synthetic,gaussian_sparse-separated-n10000-d32-seed42,synthetic,gaussian_sparse,separated_clusters,10000,32,6.0,42,False,33,50,HDBSCAN,exact_single_linkage_pairwise_smallest_common_cluster_size_agreement,ScoreSG,score_sg,ok,,3.53900523998891,0.7269547739997506,4.265960013988661,0.7269547739997506,6,1.0,1.0,0.981469825272,0.9654054054054054,9823,9999,9999,8.712442139861858e-06,0.0004254652400392
synthetic,gaussian_sparse-separated-n10000-d32-seed42,synthetic,gaussian_sparse,separated_clusters,10000,32,6.0,42,False,33,50,HDBSCAN,exact_single_linkage_pairwise_smallest_common_cluster_size_agreement,ScoreSG Random,score_sg_random,ok,,3.385226076003164,0.7161260659922846,4.101352141995449,0.7161260659922846,6,1.0,1.0,0.8888883593480004,0.9654054054054054,9823,9999,9999,8.712442139861858e-06,0.0004254652400392
synthetic,gaussian_sparse-separated-n10000-d32-seed42,synthetic,gaussian_sparse,separated_clusters,10000,32,6.0,42,False,32,50,HDBSCAN,exact_single_linkage_pairwise_smallest_common_cluster_size_agreement,HDBSCAN,hdbscan_generic,ok,,6.104665232996922,0.0,6.104665232996922,6.104665232996922,6,1.0,1.0,1.0,1.0,9999,9999,9999,0.0,0.0
synthetic,gaussian_sparse-separated-n10000-d32-seed42,synthetic,gaussian_sparse,separated_clusters,10000,32,6.0,42,False,32,50,HDBSCAN,exact_single_linkage_pairwise_smallest_common_cluster_size_agreement,Optimized HDBSCAN,optimized_hdbscan,ok,,2.515308597998228,0.0,2.515308597998228,2.515308597998228,6,1.0,1.0,0.999999973344,0.0679269464915091,1272,9999,9999,7.18782126760463e-15,9.151034376831382e-15
synthetic,gaussian_sparse-separated-n10000-d32-seed42,synthetic,gaussian_sparse,separated_clusters,10000,32,6.0,42,False,32,50,HDBSCAN,exact_single_linkage_pairwise_smallest_common_cluster_size_agreement,ScoreSG,score_sg,ok,,3.53900523998891,0.7312681269831955,4.270273366972106,0.7312681269831955,6,1.0,1.0,0.9814699443879996,0.9683070866141732,9838,9999,9999,5.511847201173777e-06,0.0002013605582594
synthetic,gaussian_sparse-separated-n10000-d32-seed42,synthetic,gaussian_sparse,separated_clusters,10000,32,6.0,42,False,32,50,HDBSCAN,exact_single_linkage_pairwise_smallest_common_cluster_size_agreement,ScoreSG Random,score_sg_random,ok,,3.385226076003164,0.7216161930118687,4.106842269015033,0.7216161930118687,6,1.0,1.0,0.8888884784640003,0.9683070866141732,9838,9999,9999,5.511847201173777e-06,0.0002013605582594
synthetic,gaussian_sparse-separated-n10000-d32-seed42,synthetic,gaussian_sparse,separated_clusters,10000,32,6.0,42,False,31,50,HDBSCAN,exact_single_linkage_pairwise_smallest_common_cluster_size_agreement,HDBSCAN,hdbscan_generic,ok,,6.118261066993,0.0,6.118261066993,6.118261066993,6,1.0,1.0,1.0,1.0,9999,9999,9999,0.0,0.0
synthetic,gaussian_sparse-separated-n10000-d32-seed42,synthetic,gaussian_sparse,separated_clusters,10000,32,6.0,42,False,31,50,HDBSCAN,exact_single_linkage_pairwise_smallest_common_cluster_size_agreement,Optimized HDBSCAN,optimized_hdbscan,ok,,2.445352521986933,0.0,2.445352521986933,2.445352521986933,6,1.0,1.0,0.999999959364,0.0690687479952956,1292,9999,9999,6.9256605954093736e-15,8.860921530200389e-15
synthetic,gaussian_sparse-separated-n10000-d32-seed42,synthetic,gaussian_sparse,separated_clusters,10000,32,6.0,42,False,31,50,HDBSCAN,exact_single_linkage_pairwise_smallest_common_cluster_size_agreement,ScoreSG,score_sg,ok,,3.53900523998891,0.7226024509873241,4.261607690976234,0.7226024509873241,6,1.0,1.0,0.9814700478960006,0.9677260651382464,9835,9999,9999,7.965513665309371e-06,0.0002876692759359
synthetic,gaussian_sparse-separated-n10000-d32-seed42,synthetic,gaussian_sparse,separated_clusters,10000,32,6.0,42,False,31,50,HDBSCAN,exact_single_linkage_pairwise_smallest_common_cluster_size_agreement,ScoreSG Random,score_sg_random,ok,,3.385226076003164,0.7333087789884303,4.118534854991594,0.7333087789884303,6,1.0,1.0,0.8888885819720008,0.9677260651382464,9835,9999,9999,7.965513665309371e-06,0.0002876692759359
synthetic,gaussian_sparse-separated-n10000-d32-seed42,synthetic,gaussian_sparse,separated_clusters,10000,32,6.0,42,False,30,50,HDBSCAN,exact_single_linkage_pairwise_smallest_common_cluster_size_agreement,HDBSCAN,hdbscan_generic,ok,,6.139566894999007,0.0,6.139566894999007,6.139566894999007,6,1.0,1.0,1.0,1.0,9999,9999,9999,0.0,0.0
synthetic,gaussian_sparse-separated-n10000-d32-seed42,synthetic,gaussian_sparse,separated_clusters,10000,32,6.0,42,False,30,50,HDBSCAN,exact_single_linkage_pairwise_smallest_common_cluster_size_agreement,Optimized HDBSCAN,optimized_hdbscan,ok,,2.55622356699314,0.0,2.55622356699314,2.55622356699314,6,1.0,1.0,0.99999996324,0.0637234042553191,1198,9999,9999,7.0646512198017465e-15,8.962763429814414e-15
synthetic,gaussian_sparse-separated-n10000-d32-seed42,synthetic,gaussian_sparse,separated_clusters,10000,32,6.0,42,False,30,50,HDBSCAN,exact_single_linkage_pairwise_smallest_common_cluster_size_agreement,ScoreSG,score_sg,ok,,3.53900523998891,0.7584656350081787,4.297470874997089,0.7584656350081787,6,1.0,1.0,0.9814700774680004,0.9671453865827268,9832,9999,9999,4.937463406538749e-06,0.0002033419556679
synthetic,gaussian_sparse-separated-n10000-d32-seed42,synthetic,gaussian_sparse,separated_clusters,10000,32,6.0,42,False,30,50,HDBSCAN,exact_single_linkage_pairwise_smallest_common_cluster_size_agreement,ScoreSG Random,score_sg_random,ok,,3.385226076003164,0.7241487430001143,4.109374819003278,0.7241487430001143,6,1.0,1.0,0.8888886115440007,0.9671453865827268,9832,9999,9999,4.937463406538749e-06,0.0002033419556679
synthetic,gaussian_sparse-separated-n10000-d32-seed42,synthetic,gaussian_sparse,separated_clusters,10000,32,6.0,42,False,29,50,HDBSCAN,exact_single_linkage_pairwise_smallest_common_cluster_size_agreement,HDBSCAN,hdbscan_generic,ok,,6.167935149016557,0.0,6.167935149016557,6.167935149016557,6,1.0,1.0,1.0,1.0,9999,9999,9999,0.0,0.0
synthetic,gaussian_sparse-separated-n10000-d32-seed42,synthetic,gaussian_sparse,separated_clusters,10000,32,6.0,42,False,29,50,HDBSCAN,exact_single_linkage_pairwise_smallest_common_cluster_size_agreement,Optimized HDBSCAN,optimized_hdbscan,ok,,2.4518216070136987,0.0,2.4518216070136987,2.4518216070136987,6,1.0,1.0,0.999999923872,0.0659346516710196,1237,9999,9999,7.0971702421389546e-15,9.083559668215543e-15
synthetic,gaussian_sparse-separated-n10000-d32-seed42,synthetic,gaussian_sparse,separated_clusters,10000,32,6.0,42,False,29,50,HDBSCAN,exact_single_linkage_pairwise_smallest_common_cluster_size_agreement,ScoreSG,score_sg,ok,,3.53900523998891,0.733326985995518,4.272332225984428,0.733326985995518,6,1.0,1.0,0.9814699138319994,0.9615497793035802,9803,9999,9999,8.73301272720758e-06,0.0003790745248683
synthetic,gaussian_sparse-separated-n10000-d32-seed42,synthetic,gaussian_sparse,separated_clusters,10000,32,6.0,42,False,29,50,HDBSCAN,exact_single_linkage_pairwise_smallest_common_cluster_size_agreement,ScoreSG Random,score_sg_random,ok,,3.385226076003164,0.7232269149972126,4.108452991000377,0.7232269149972126,6,1.0,1.0,0.8888884479080017,0.9615497793035802,9803,9999,9999,8.73301272720758e-06,0.0003790745248683
synthetic,gaussian_sparse-separated-n10000-d32-seed42,synthetic,gaussian_sparse,separated_clusters,10000,32,6.0,42,False,28,50,HDBSCAN,exact_single_linkage_pairwise_smallest_common_cluster_size_agreement,HDBSCAN,hdbscan_generic,ok,,6.164228668989381,0.0,6.164228668989381,6.164228668989381,6,1.0,1.0,1.0,1.0,9999,9999,9999,0.0,0.0
synthetic,gaussian_sparse-separated-n10000-d32-seed42,synthetic,gaussian_sparse,separated_clusters,10000,32,6.0,42,False,28,50,HDBSCAN,exact_single_linkage_pairwise_smallest_common_cluster_size_agreement,Optimized HDBSCAN,optimized_hdbscan,ok,,2.4800141220039222,0.0,2.4800141220039222,2.4800141220039222,6,1.0,1.0,0.99999996232,0.0680980612081397,1275,9999,9999,7.018002736681499e-15,8.928430395670065e-15
synthetic,gaussian_sparse-separated-n10000-d32-seed42,synthetic,gaussian_sparse,separated_clusters,10000,32,6.0,42,False,28,50,HDBSCAN,exact_single_linkage_pairwise_smallest_common_cluster_size_agreement,ScoreSG,score_sg,ok,,3.53900523998891,0.7550726899935398,4.29407792998245,0.7550726899935398,6,1.0,1.0,0.981470169036001,0.9611650485436892,9801,9999,9999,5.8450548588387054e-06,0.0002529382989302
synthetic,gaussian_sparse-separated-n10000-d32-seed42,synthetic,gaussian_sparse,separated_clusters,10000,32,6.0,42,False,28,50,HDBSCAN,exact_single_linkage_pairwise_smallest_common_cluster_size_agreement,ScoreSG Random,score_sg_random,ok,,3.385226076003164,0.727181144990027,4.112407220993191,0.727181144990027,6,1.0,1.0,0.8888887031120022,0.9611650485436892,9801,9999,9999,5.8450548588387054e-06,0.0002529382989302
synthetic,gaussian_sparse-separated-n10000-d32-seed42,synthetic,gaussian_sparse,separated_clusters,10000,32,6.0,42,False,27,50,HDBSCAN,exact_single_linkage_pairwise_smallest_common_cluster_size_agreement,HDBSCAN,hdbscan_generic,ok,,6.115918859984959,0.0,6.115918859984959,6.115918859984959,6,1.0,1.0,1.0,1.0,9999,9999,9999,0.0,0.0
synthetic,gaussian_sparse-separated-n10000-d32-seed42,synthetic,gaussian_sparse,separated_clusters,10000,32,6.0,42,False,27,50,HDBSCAN,exact_single_linkage_pairwise_smallest_common_cluster_size_agreement,Optimized HDBSCAN,optimized_hdbscan,ok,,2.5302033229963854,0.0,2.5302033229963854,2.5302033229963854,6,1.0,1.0,0.999999960728,0.0698694628718168,1306,9999,9999,7.629085384529865e-15,9.71175094805025e-15
synthetic,gaussian_sparse-separated-n10000-d32-seed42,synthetic,gaussian_sparse,separated_clusters,10000,32,6.0,42,False,27,50,HDBSCAN,exact_single_linkage_pairwise_smallest_common_cluster_size_agreement,ScoreSG,score_sg,ok,,3.53900523998891,0.7429705910035409,4.281975830992451,0.7429705910035409,6,1.0,1.0,0.981470156204,0.9634756995581738,9813,9999,9999,5.556259432289631e-06,0.0002202269357672
synthetic,gaussian_sparse-separated-n10000-d32-seed42,synthetic,gaussian_sparse,separated_clusters,10000,32,6.0,42,False,27,50,HDBSCAN,exact_single_linkage_pairwise_smallest_common_cluster_size_agreement,ScoreSG Random,score_sg_random,ok,,3.385226076003164,0.7347946740046609,4.120020750007825,0.7347946740046609,6,1.0,1.0,0.8888886902800006,0.9634756995581738,9813,9999,9999,5.556259432289631e-06,0.0002202269357672
synthetic,gaussian_sparse-separated-n10000-d32-seed42,synthetic,gaussian_sparse,separated_clusters,10000,32,6.0,42,False,26,50,HDBSCAN,exact_single_linkage_pairwise_smallest_common_cluster_size_agreement,HDBSCAN,hdbscan_generic,ok,,6.094023254991043,0.0,6.094023254991043,6.094023254991043,6,1.0,1.0,1.0,1.0,9999,9999,9999,0.0,0.0
synthetic,gaussian_sparse-separated-n10000-d32-seed42,synthetic,gaussian_sparse,separated_clusters,10000,32,6.0,42,False,26,50,HDBSCAN,exact_single_linkage_pairwise_smallest_common_cluster_size_agreement,Optimized HDBSCAN,optimized_hdbscan,ok,,2.496025358006591,0.0,2.496025358006591,2.496025358006591,6,1.0,1.0,0.999999932076,0.0700412007062978,1309,9999,9999,7.280823936281278e-15,9.230898256693672e-15
synthetic,gaussian_sparse-separated-n10000-d32-seed42,synthetic,gaussian_sparse,separated_clusters,10000,32,6.0,42,False,26,50,HDBSCAN,exact_single_linkage_pairwise_smallest_common_cluster_size_agreement,ScoreSG,score_sg,ok,,3.53900523998891,0.7445014500117395,4.2835066900006495,0.7445014500117395,6,1.0,1.0,0.9814700823680002,0.9627048778094024,9809,9999,9999,8.407795804879645e-06,0.0003826192975533
synthetic,gaussian_sparse-separated-n10000-d32-seed42,synthetic,gaussian_sparse,separated_clusters,10000,32,6.0,42,False,26,50,HDBSCAN,exact_single_linkage_pairwise_smallest_common_cluster_size_agreement,ScoreSG Random,score_sg_random,ok,,3.385226076003164,0.7494596450123936,4.134685721015558,0.7494596450123936,6,1.0,1.0,0.8888886164440019,0.9627048778094024,9809,9999,9999,8.407795804879645e-06,0.0003826192975533
synthetic,gaussian_sparse-separated-n10000-d32-seed42,synthetic,gaussian_sparse,separated_clusters,10000,32,6.0,42,False,25,50,HDBSCAN,exact_single_linkage_pairwise_smallest_common_cluster_size_agreement,HDBSCAN,hdbscan_generic,ok,,6.079679899994517,0.0,6.079679899994517,6.079679899994517,6,1.0,1.0,1.0,1.0,9999,9999,9999,0.0,0.0
synthetic,gaussian_sparse-separated-n10000-d32-seed42,synthetic,gaussian_sparse,separated_clusters,10000,32,6.0,42,False,25,50,HDBSCAN,exact_single_linkage_pairwise_smallest_common_cluster_size_agreement,Optimized HDBSCAN,optimized_hdbscan,ok,,2.525030307006091,0.0,2.525030307006091,2.525030307006091,6,1.0,1.0,0.999999945584,0.0762606964103116,1417,9999,9999,7.227653745633129e-15,9.319431537729683e-15
synthetic,gaussian_sparse-separated-n10000-d32-seed42,synthetic,gaussian_sparse,separated_clusters,10000,32,6.0,42,False,25,50,HDBSCAN,exact_single_linkage_pairwise_smallest_common_cluster_size_agreement,ScoreSG,score_sg,ok,,3.53900523998891,0.7339363080100156,4.272941547998926,0.7339363080100156,6,1.0,1.0,0.9814698974399996,0.959051724137931,9790,9999,9999,1.0179794898248056e-05,0.0004318609942365
synthetic,gaussian_sparse-separated-n10000-d32-seed42,synthetic,gaussian_sparse,separated_clusters,10000,32,6.0,42,False,25,50,HDBSCAN,exact_single_linkage_pairwise_smallest_common_cluster_size_agreement,ScoreSG Random,score_sg_random,ok,,3.385226076003164,0.7306753129814751,4.115901388984639,0.7306753129814751,6,1.0,1.0,0.8888884315160016,0.959051724137931,9790,9999,9999,1.0179794898248056e-05,0.0004318609942365
synthetic,gaussian_sparse-separated-n10000-d32-seed42,synthetic,gaussian_sparse,separated_clusters,10000,32,6.0,42,False,24,50,HDBSCAN,exact_single_linkage_pairwise_smallest_common_cluster_size_agreement,HDBSCAN,hdbscan_generic,ok,,6.140528977004578,0.0,6.140528977004578,6.140528977004578,6,1.0,1.0,1.0,1.0,9999,9999,9999,0.0,0.0
synthetic,gaussian_sparse-separated-n10000-d32-seed42,synthetic,gaussian_sparse,separated_clusters,10000,32,6.0,42,False,24,50,HDBSCAN,exact_single_linkage_pairwise_smallest_common_cluster_size_agreement,Optimized HDBSCAN,optimized_hdbscan,ok,,2.4769955159863457,0.0,2.4769955159863457,2.4769955159863457,6,1.0,1.0,0.999999953684,0.0766663077420049,1424,9999,9999,7.383294974157467e-15,9.264165927631321e-15
synthetic,gaussian_sparse-separated-n10000-d32-seed42,synthetic,gaussian_sparse,separated_clusters,10000,32,6.0,42,False,24,50,HDBSCAN,exact_single_linkage_pairwise_smallest_common_cluster_size_agreement,ScoreSG,score_sg,ok,,3.53900523998891,0.7389890689810272,4.277994308969937,0.7389890689810272,6,1.0,1.0,0.9814700386880002,0.9517860628537966,9752,9999,9999,5.646644605052295e-06,0.0002361549848564
synthetic,gaussian_sparse-separated-n10000-d32-seed42,synthetic,gaussian_sparse,separated_clusters,10000,32,6.0,42,False,24,50,HDBSCAN,exact_single_linkage_pairwise_smallest_common_cluster_size_agreement,ScoreSG Random,score_sg_random,ok,,3.385226076003164,0.7236477650003508,4.108873841003515,0.7236477650003508,6,1.0,1.0,0.8888885727640006,0.9517860628537966,9752,9999,9999,5.646644605052295e-06,0.0002361549848564
synthetic,gaussian_sparse-separated-n10000-d32-seed42,synthetic,gaussian_sparse,separated_clusters,10000,32,6.0,42,False,23,50,HDBSCAN,exact_single_linkage_pairwise_smallest_common_cluster_size_agreement,HDBSCAN,hdbscan_generic,ok,,6.1785608930222224,0.0,6.1785608930222224,6.1785608930222224,6,1.0,1.0,1.0,1.0,9999,9999,9999,0.0,0.0
synthetic,gaussian_sparse-separated-n10000-d32-seed42,synthetic,gaussian_sparse,separated_clusters,10000,32,6.0,42,False,23,50,HDBSCAN,exact_single_linkage_pairwise_smallest_common_cluster_size_agreement,Optimized HDBSCAN,optimized_hdbscan,ok,,2.458828792994609,0.0,2.458828792994609,2.458828792994609,6,1.0,1.0,0.999999941552,0.0750456940113966,1396,9999,9999,7.456944962818996e-15,9.584910502270204e-15
synthetic,gaussian_sparse-separated-n10000-d32-seed42,synthetic,gaussian_sparse,separated_clusters,10000,32,6.0,42,False,23,50,HDBSCAN,exact_single_linkage_pairwise_smallest_common_cluster_size_agreement,ScoreSG,score_sg,ok,,3.53900523998891,0.7509775859944057,4.289982825983316,0.7509775859944057,6,1.0,1.0,0.9814700765640004,0.9569429494079656,9779,9999,9999,5.939231163400177e-06,0.0003626710057481
synthetic,gaussian_sparse-separated-n10000-d32-seed42,synthetic,gaussian_sparse,separated_clusters,10000,32,6.0,42,False,23,50,HDBSCAN,exact_single_linkage_pairwise_smallest_common_cluster_size_agreement,ScoreSG Random,score_sg_random,ok,,3.385226076003164,0.7435679909831379,4.128794066986302,0.7435679909831379,6,1.0,1.0,0.8888886106400012,0.9569429494079656,9779,9999,9999,5.939231163400177e-06,0.0003626710057481
synthetic,gaussian_sparse-separated-n10000-d32-seed42,synthetic,gaussian_sparse,separated_clusters,10000,32,6.0,42,False,22,50,HDBSCAN,exact_single_linkage_pairwise_smallest_common_cluster_size_agreement,HDBSCAN,hdbscan_generic,ok,,6.252595935977297,0.0,6.252595935977297,6.252595935977297,6,1.0,1.0,1.0,1.0,9999,9999,9999,0.0,0.0
synthetic,gaussian_sparse-separated-n10000-d32-seed42,synthetic,gaussian_sparse,separated_clusters,10000,32,6.0,42,False,22,50,HDBSCAN,exact_single_linkage_pairwise_smallest_common_cluster_size_agreement,Optimized HDBSCAN,optimized_hdbscan,ok,,2.8617017479846254,0.0,2.8617017479846254,2.8617017479846254,6,1.0,1.0,0.999999967384,0.0724513326540462,1351,9999,9999,7.320404665700144e-15,9.33576863390846e-15
synthetic,gaussian_sparse-separated-n10000-d32-seed42,synthetic,gaussian_sparse,separated_clusters,10000,32,6.0,42,False,22,50,HDBSCAN,exact_single_linkage_pairwise_smallest_common_cluster_size_agreement,ScoreSG,score_sg,ok,,3.53900523998891,0.964593224984128,4.503598464973038,0.964593224984128,6,1.0,1.0,0.9814702510800006,0.9523577077028216,9755,9999,9999,2.6896753269258844e-06,0.0001658729003045
synthetic,gaussian_sparse-separated-n10000-d32-seed42,synthetic,gaussian_sparse,separated_clusters,10000,32,6.0,42,False,22,50,HDBSCAN,exact_single_linkage_pairwise_smallest_common_cluster_size_agreement,ScoreSG Random,score_sg_random,ok,,3.385226076003164,0.7497779449913651,4.135004020994529,0.7497779449913651,6,1.0,1.0,0.8888887851560017,0.9523577077028216,9755,9999,9999,2.6896753269258844e-06,0.0001658729003045
synthetic,gaussian_sparse-separated-n10000-d32-seed42,synthetic,gaussian_sparse,separated_clusters,10000,32,6.0,42,False,21,50,HDBSCAN,exact_single_linkage_pairwise_smallest_common_cluster_size_agreement,HDBSCAN,hdbscan_generic,ok,,6.251984381000511,0.0,6.251984381000511,6.251984381000511,6,1.0,1.0,1.0,1.0,9999,9999,9999,0.0,0.0
synthetic,gaussian_sparse-separated-n10000-d32-seed42,synthetic,gaussian_sparse,separated_clusters,10000,32,6.0,42,False,21,50,HDBSCAN,exact_single_linkage_pairwise_smallest_common_cluster_size_agreement,Optimized HDBSCAN,optimized_hdbscan,ok,,2.454414670006372,0.0,2.454414670006372,2.454414670006372,6,1.0,1.0,0.999999958232,0.0791064105331318,1466,9999,9999,7.377757643859671e-15,9.394679450149529e-15
synthetic,gaussian_sparse-separated-n10000-d32-seed42,synthetic,gaussian_sparse,separated_clusters,10000,32,6.0,42,False,21,50,HDBSCAN,exact_single_linkage_pairwise_smallest_common_cluster_size_agreement,ScoreSG,score_sg,ok,,3.53900523998891,0.7495219070115127,4.288527147000423,0.7495219070115127,6,1.0,1.0,0.9814702042200008,0.9567514677103718,9778,9999,9999,2.5774613952715542e-06,0.0001364010141373
synthetic,gaussian_sparse-separated-n10000-d32-seed42,synthetic,gaussian_sparse,separated_clusters,10000,32,6.0,42,False,21,50,HDBSCAN,exact_single_linkage_pairwise_smallest_common_cluster_size_agreement,ScoreSG Random,score_sg_random,ok,,3.385226076003164,0.7444122869928833,4.129638362996047,0.7444122869928833,6,1.0,1.0,0.8888887382960018,0.9567514677103718,9778,9999,9999,2.5774613952715542e-06,0.0001364010141373
synthetic,gaussian_sparse-separated-n10000-d32-seed42,synthetic,gaussian_sparse,separated_clusters,10000,32,6.0,42,False,20,50,HDBSCAN,exact_single_linkage_pairwise_smallest_common_cluster_size_agreement,HDBSCAN,hdbscan_generic,ok,,6.174283269006992,0.0,6.174283269006992,6.174283269006992,6,1.0,1.0,1.0,1.0,9999,9999,9999,0.0,0.0
synthetic,gaussian_sparse-separated-n10000-d32-seed42,synthetic,gaussian_sparse,separated_clusters,10000,32,6.0,42,False,20,50,HDBSCAN,exact_single_linkage_pairwise_smallest_common_cluster_size_agreement,Optimized HDBSCAN,optimized_hdbscan,ok,,2.482817573007196,0.0,2.482817573007196,2.482817573007196,6,1.0,1.0,0.999999952488,0.0775945683802133,1440,9999,9999,7.409505108234448e-15,9.479784921435858e-15
synthetic,gaussian_sparse-separated-n10000-d32-seed42,synthetic,gaussian_sparse,separated_clusters,10000,32,6.0,42,False,20,50,HDBSCAN,exact_single_linkage_pairwise_smallest_common_cluster_size_agreement,ScoreSG,score_sg,ok,,3.53900523998891,0.7518633640138432,4.290868604002753,0.7518633640138432,6,1.0,1.0,0.9814702705920004,0.9514051522248244,9750,9999,9999,1.4590038770267418e-06,7.557867196644709e-05
synthetic,gaussian_sparse-separated-n10000-d32-seed42,synthetic,gaussian_sparse,separated_clusters,10000,32,6.0,42,False,20,50,HDBSCAN,exact_single_linkage_pairwise_smallest_common_cluster_size_agreement,ScoreSG Random,score_sg_random,ok,,3.385226076003164,0.7685075769841205,4.153733652987285,0.7685075769841205,6,1.0,1.0,0.8888888046680014,0.9514051522248244,9750,9999,9999,1.4590038770267418e-06,7.557867196644709e-05
synthetic,gaussian_sparse-separated-n10000-d32-seed42,synthetic,gaussian_sparse,separated_clusters,10000,32,6.0,42,False,19,50,HDBSCAN,exact_single_linkage_pairwise_smallest_common_cluster_size_agreement,HDBSCAN,hdbscan_generic,ok,,6.143424812005833,0.0,6.143424812005833,6.143424812005833,6,1.0,1.0,1.0,1.0,9999,9999,9999,0.0,0.0
synthetic,gaussian_sparse-separated-n10000-d32-seed42,synthetic,gaussian_sparse,separated_clusters,10000,32,6.0,42,False,19,50,HDBSCAN,exact_single_linkage_pairwise_smallest_common_cluster_size_agreement,Optimized HDBSCAN,optimized_hdbscan,ok,,2.5015861919964664,0.0,2.5015861919964664,2.5015861919964664,6,1.0,1.0,0.999999940396,0.0812067474048442,1502,9999,9999,7.387196343611062e-15,9.3438705029087e-15
synthetic,gaussian_sparse-separated-n10000-d32-seed42,synthetic,gaussian_sparse,separated_clusters,10000,32,6.0,42,False,19,50,HDBSCAN,exact_single_linkage_pairwise_smallest_common_cluster_size_agreement,ScoreSG,score_sg,ok,,3.53900523998891,0.7372034250001889,4.276208664989099,0.7372034250001889,6,1.0,1.0,0.9814700974640004,0.9419304719362984,9700,9999,9999,4.34512307934464e-06,0.0002600779945046
synthetic,gaussian_sparse-separated-n10000-d32-seed42,synthetic,gaussian_sparse,separated_clusters,10000,32,6.0,42,False,19,50,HDBSCAN,exact_single_linkage_pairwise_smallest_common_cluster_size_agreement,ScoreSG Random,score_sg_random,ok,,3.385226076003164,0.7496171639941167,4.134843239997281,0.7496171639941167,6,1.0,1.0,0.8888886315400014,0.9419304719362984,9700,9999,9999,4.34512307934464e-06,0.0002600779945046
synthetic,gaussian_sparse-separated-n10000-d32-seed42,synthetic,gaussian_sparse,separated_clusters,10000,32,6.0,42,False,18,50,HDBSCAN,exact_single_linkage_pairwise_smallest_common_cluster_size_agreement,HDBSCAN,hdbscan_generic,ok,,6.091556978004519,0.0,6.091556978004519,6.091556978004519,6,1.0,1.0,1.0,1.0,9999,9999,9999,0.0,0.0
synthetic,gaussian_sparse-separated-n10000-d32-seed42,synthetic,gaussian_sparse,separated_clusters,10000,32,6.0,42,False,18,50,HDBSCAN,exact_single_linkage_pairwise_smallest_common_cluster_size_agreement,Optimized HDBSCAN,optimized_hdbscan,ok,,2.3598313640104607,0.0,2.3598313640104607,2.3598313640104607,6,1.0,1.0,0.999999953836,0.0829046407104564,1531,9999,9999,7.425948962358885e-15,9.636150426381368e-15
synthetic,gaussian_sparse-separated-n10000-d32-seed42,synthetic,gaussian_sparse,separated_clusters,10000,32,6.0,42,False,18,50,HDBSCAN,exact_single_linkage_pairwise_smallest_common_cluster_size_agreement,ScoreSG,score_sg,ok,,3.53900523998891,0.7473663949931506,4.286371634982061,0.7473663949931506,6,1.0,1.0,0.9814701222760006,0.9464668094218416,9724,9999,9999,4.234919750985011e-06,0.0002306343314647
synthetic,gaussian_sparse-separated-n10000-d32-seed42,synthetic,gaussian_sparse,separated_clusters,10000,32,6.0,42,False,18,50,HDBSCAN,exact_single_linkage_pairwise_smallest_common_cluster_size_agreement,ScoreSG Random,score_sg_random,ok,,3.385226076003164,0.7507858559838496,4.136011931987014,0.7507858559838496,6,1.0,1.0,0.888888656352001,0.9464668094218416,9724,9999,9999,4.234919750985011e-06,0.0002306343314647
synthetic,gaussian_sparse-separated-n10000-d32-seed42,synthetic,gaussian_sparse,separated_clusters,10000,32,6.0,42,False,17,50,HDBSCAN,exact_single_linkage_pairwise_smallest_common_cluster_size_agreement,HDBSCAN,hdbscan_generic,ok,,6.159443225013092,0.0,6.159443225013092,6.159443225013092,6,1.0,1.0,1.0,1.0,9999,9999,9999,0.0,0.0
synthetic,gaussian_sparse-separated-n10000-d32-seed42,synthetic,gaussian_sparse,separated_clusters,10000,32,6.0,42,False,17,50,HDBSCAN,exact_single_linkage_pairwise_smallest_common_cluster_size_agreement,Optimized HDBSCAN,optimized_hdbscan,ok,,2.519914553005947,0.0,2.519914553005947,2.519914553005947,6,1.0,1.0,0.999999955356,0.0773623531946988,1436,9999,9999,7.532816833933025e-15,9.52916453603256e-15
synthetic,gaussian_sparse-separated-n10000-d32-seed42,synthetic,gaussian_sparse,separated_clusters,10000,32,6.0,42,False,17,50,HDBSCAN,exact_single_linkage_pairwise_smallest_common_cluster_size_agreement,ScoreSG,score_sg,ok,,3.53900523998891,0.7711414519872051,4.310146691976115,0.7711414519872051,6,1.0,1.0,0.9814699962240004,0.9409880617295934,9695,9999,9999,5.939036322090989e-06,0.000334135957401
synthetic,gaussian_sparse-separated-n10000-d32-seed42,synthetic,gaussian_sparse,separated_clusters,10000,32,6.0,42,False,17,50,HDBSCAN,exact_single_linkage_pairwise_smallest_common_cluster_size_agreement,ScoreSG Random,score_sg_random,ok,,3.385226076003164,0.7429444360022899,4.128170512005454,0.7429444360022899,6,1.0,1.0,0.8888885303000004,0.9409880617295934,9695,9999,9999,5.939036322090989e-06,0.000334135957401
synthetic,gaussian_sparse-separated-n10000-d32-seed42,synthetic,gaussian_sparse,separated_clusters,10000,32,6.0,42,False,16,50,HDBSCAN,exact_single_linkage_pairwise_smallest_common_cluster_size_agreement,HDBSCAN,hdbscan_generic,ok,,6.098547491012141,0.0,6.098547491012141,6.098547491012141,6,1.0,1.0,1.0,1.0,9999,9999,9999,0.0,0.0
synthetic,gaussian_sparse-separated-n10000-d32-seed42,synthetic,gaussian_sparse,separated_clusters,10000,32,6.0,42,False,16,50,HDBSCAN,exact_single_linkage_pairwise_smallest_common_cluster_size_agreement,Optimized HDBSCAN,optimized_hdbscan,ok,,2.474823419994209,0.0,2.474823419994209,2.474823419994209,6,1.0,1.0,0.999999940944,0.0836087781089135,1543,9999,9999,7.279263963401027e-15,9.27630018346145e-15
synthetic,gaussian_sparse-separated-n10000-d32-seed42,synthetic,gaussian_sparse,separated_clusters,10000,32,6.0,42,False,16,50,HDBSCAN,exact_single_linkage_pairwise_smallest_common_cluster_size_agreement,ScoreSG,score_sg,ok,,3.53900523998891,0.7530500880093314,4.292055327998241,0.7530500880093314,6,1.0,1.0,0.98147018514,0.9361022364217252,9669,9999,9999,2.281276859778748e-06,0.0001892451577679
synthetic,gaussian_sparse-separated-n10000-d32-seed42,synthetic,gaussian_sparse,separated_clusters,10000,32,6.0,42,False,16,50,HDBSCAN,exact_single_linkage_pairwise_smallest_common_cluster_size_agreement,ScoreSG Random,score_sg_random,ok,,3.385226076003164,0.748484746000031,4.133710822003195,0.748484746000031,6,1.0,1.0,0.8888887192160014,0.9361022364217252,9669,9999,9999,2.281276859778748e-06,0.0001892451577679
synthetic,gaussian_sparse-separated-n10000-d32-seed42,synthetic,gaussian_sparse,separated_clusters,10000,32,6.0,42,False,15,50,HDBSCAN,exact_single_linkage_pairwise_smallest_common_cluster_size_agreement,HDBSCAN,hdbscan_generic,ok,,6.117316086980281,0.0,6.117316086980281,6.117316086980281,6,1.0,1.0,1.0,1.0,9999,9999,9999,0.0,0.0
synthetic,gaussian_sparse-separated-n10000-d32-seed42,synthetic,gaussian_sparse,separated_clusters,10000,32,6.0,42,False,15,50,HDBSCAN,exact_single_linkage_pairwise_smallest_common_cluster_size_agreement,Optimized HDBSCAN,optimized_hdbscan,ok,,2.488507896981901,0.0,2.488507896981901,2.488507896981901,6,1.0,1.0,0.999999932068,0.0827873734365693,1529,9999,9999,7.698224007243891e-15,9.87891202325735e-15
synthetic,gaussian_sparse-separated-n10000-d32-seed42,synthetic,gaussian_sparse,separated_clusters,10000,32,6.0,42,False,15,50,HDBSCAN,exact_single_linkage_pairwise_smallest_common_cluster_size_agreement,ScoreSG,score_sg,ok,,3.53900523998891,0.741086844005622,4.280092083994532,0.741086844005622,6,1.0,1.0,0.9814701220040006,0.9304952215464812,9639,9999,9999,3.716356612207616e-06,0.0002099759482117
synthetic,gaussian_sparse-separated-n10000-d32-seed42,synthetic,gaussian_sparse,separated_clusters,10000,32,6.0,42,False,15,50,HDBSCAN,exact_single_linkage_pairwise_smallest_common_cluster_size_agreement,ScoreSG Random,score_sg_random,ok,,3.385226076003164,0.761748773016734,4.146974849019898,0.761748773016734,6,1.0,1.0,0.8888886560800008,0.9304952215464812,9639,9999,9999,3.716356612207616e-06,0.0002099759482117
synthetic,gaussian_sparse-separated-n10000-d32-seed42,synthetic,gaussian_sparse,separated_clusters,10000,32,6.0,42,False,14,50,HDBSCAN,exact_single_linkage_pairwise_smallest_common_cluster_size_agreement,HDBSCAN,hdbscan_generic,ok,,6.134358395996969,0.0,6.134358395996969,6.134358395996969,6,1.0,1.0,1.0,1.0,9999,9999,9999,0.0,0.0
synthetic,gaussian_sparse-separated-n10000-d32-seed42,synthetic,gaussian_sparse,separated_clusters,10000,32,6.0,42,False,14,50,HDBSCAN,exact_single_linkage_pairwise_smallest_common_cluster_size_agreement,Optimized HDBSCAN,optimized_hdbscan,ok,,2.5190358310064767,0.0,2.5190358310064767,2.5190358310064767,6,1.0,1.0,0.999999947184,0.0856677524429967,1578,9999,9999,7.454676222888662e-15,9.734727305415214e-15
synthetic,gaussian_sparse-separated-n10000-d32-seed42,synthetic,gaussian_sparse,separated_clusters,10000,32,6.0,42,False,14,50,HDBSCAN,exact_single_linkage_pairwise_smallest_common_cluster_size_agreement,ScoreSG,score_sg,ok,,3.53900523998891,0.7468734080030117,4.285878647991922,0.7468734080030117,6,1.0,1.0,0.98147015864,0.9275180722891566,9623,9999,9999,4.654331918827062e-06,0.000366095044003
synthetic,gaussian_sparse-separated-n10000-d32-seed42,synthetic,gaussian_sparse,separated_clusters,10000,32,6.0,42,False,14,50,HDBSCAN,exact_single_linkage_pairwise_smallest_common_cluster_size_agreement,ScoreSG Random,score_sg_random,ok,,3.385226076003164,0.7440037310007028,4.129229807003867,0.7440037310007028,6,1.0,1.0,0.8888886927160012,0.9275180722891566,9623,9999,9999,4.654331918827062e-06,0.000366095044003
synthetic,gaussian_sparse-separated-n10000-d32-seed42,synthetic,gaussian_sparse,separated_clusters,10000,32,6.0,42,False,13,50,HDBSCAN,exact_single_linkage_pairwise_smallest_common_cluster_size_agreement,HDBSCAN,hdbscan_generic,ok,,6.138083820987959,0.0,6.138083820987959,6.138083820987959,6,1.0,1.0,1.0,1.0,9999,9999,9999,0.0,0.0
synthetic,gaussian_sparse-separated-n10000-d32-seed42,synthetic,gaussian_sparse,separated_clusters,10000,32,6.0,42,False,13,50,HDBSCAN,exact_single_linkage_pairwise_smallest_common_cluster_size_agreement,Optimized HDBSCAN,optimized_hdbscan,ok,,2.498792843980482,0.0,2.498792843980482,2.498792843980482,6,1.0,1.0,0.999999949516,0.0874388254486133,1608,9999,9999,7.441808363569519e-15,9.600260611085072e-15
synthetic,gaussian_sparse-separated-n10000-d32-seed42,synthetic,gaussian_sparse,separated_clusters,10000,32,6.0,42,False,13,50,HDBSCAN,exact_single_linkage_pairwise_smallest_common_cluster_size_agreement,ScoreSG,score_sg,ok,,3.53900523998891,0.7586205039988272,4.297625743987737,0.7586205039988272,6,1.0,1.0,0.9814702331480004,0.9197465681098204,9581,9999,9999,1.1422576371462703e-06,0.0001005140205959
synthetic,gaussian_sparse-separated-n10000-d32-seed42,synthetic,gaussian_sparse,separated_clusters,10000,32,6.0,42,False,13,50,HDBSCAN,exact_single_linkage_pairwise_smallest_common_cluster_size_agreement,ScoreSG Random,score_sg_random,ok,,3.385226076003164,0.7678896180004813,4.153115694003645,0.7678896180004813,6,1.0,1.0,0.8888887672240012,0.9197465681098204,9581,9999,9999,1.1422576371462703e-06,0.0001005140205959
synthetic,gaussian_sparse-separated-n10000-d32-seed42,synthetic,gaussian_sparse,separated_clusters,10000,32,6.0,42,False,12,50,HDBSCAN,exact_single_linkage_pairwise_smallest_common_cluster_size_agreement,HDBSCAN,hdbscan_generic,ok,,6.133502879005391,0.0,6.133502879005391,6.133502879005391,6,1.0,1.0,1.0,1.0,9999,9999,9999,0.0,0.0
synthetic,gaussian_sparse-separated-n10000-d32-seed42,synthetic,gaussian_sparse,separated_clusters,10000,32,6.0,42,False,12,50,HDBSCAN,exact_single_linkage_pairwise_smallest_common_cluster_size_agreement,Optimized HDBSCAN,optimized_hdbscan,ok,,2.4910224929917604,0.0,2.4910224929917604,2.4910224929917604,6,1.0,1.0,0.999999934252,0.0973441615452151,1774,9999,9999,7.923262446992295e-15,1.0103112738549782e-14
synthetic,gaussian_sparse-separated-n10000-d32-seed42,synthetic,gaussian_sparse,separated_clusters,10000,32,6.0,42,False,12,50,HDBSCAN,exact_single_linkage_pairwise_smallest_common_cluster_size_agreement,ScoreSG,score_sg,ok,,3.53900523998891,0.7570096729905345,4.2960149129794445,0.7570096729905345,6,1.0,1.0,0.981470235984,0.9131349851717212,9545,9999,9999,1.6580612859077543e-06,0.0001506716140245
synthetic,gaussian_sparse-separated-n10000-d32-seed42,synthetic,gaussian_sparse,separated_clusters,10000,32,6.0,42,False,12,50,HDBSCAN,exact_single_linkage_pairwise_smallest_common_cluster_size_agreement,ScoreSG Random,score_sg_random,ok,,3.385226076003164,0.7648257340188138,4.150051810021978,0.7648257340188138,6,1.0,1.0,0.888888770060001,0.9131349851717212,9545,9999,9999,1.6580612859077543e-06,0.0001506716140245
synthetic,gaussian_sparse-separated-n10000-d32-seed42,synthetic,gaussian_sparse,separated_clusters,10000,32,6.0,42,False,11,50,HDBSCAN,exact_single_linkage_pairwise_smallest_common_cluster_size_agreement,HDBSCAN,hdbscan_generic,ok,,6.1253063210169785,0.0,6.1253063210169785,6.1253063210169785,6,1.0,1.0,1.0,1.0,9999,9999,9999,0.0,0.0
synthetic,gaussian_sparse-separated-n10000-d32-seed42,synthetic,gaussian_sparse,separated_clusters,10000,32,6.0,42,False,11,50,HDBSCAN,exact_single_linkage_pairwise_smallest_common_cluster_size_agreement,Optimized HDBSCAN,optimized_hdbscan,ok,,2.5330792909953743,0.0,2.5330792909953743,2.5330792909953743,6,1.0,1.0,0.999999907328,0.1,1818,9999,9999,7.642340494702453e-15,9.87846158114477e-15
synthetic,gaussian_sparse-separated-n10000-d32-seed42,synthetic,gaussian_sparse,separated_clusters,10000,32,6.0,42,False,11,50,HDBSCAN,exact_single_linkage_pairwise_smallest_common_cluster_size_agreement,ScoreSG,score_sg,ok,,3.53900523998891,0.7615449640143197,4.30055020400323,0.7615449640143197,6,1.0,1.0,0.9814702274600008,0.9004086287180462,9475,9999,9999,1.3922032943056712e-06,0.0001244838055343
synthetic,gaussian_sparse-separated-n10000-d32-seed42,synthetic,gaussian_sparse,separated_clusters,10000,32,6.0,42,False,11,50,HDBSCAN,exact_single_linkage_pairwise_smallest_common_cluster_size_agreement,ScoreSG Random,score_sg_random,ok,,3.385226076003164,0.7473257309757173,4.132551806978881,0.7473257309757173,6,1.0,1.0,0.888888761536001,0.9004086287180462,9475,9999,9999,1.3922032943056712e-06,0.0001244838055343
synthetic,gaussian_sparse-separated-n10000-d32-seed42,synthetic,gaussian_sparse,separated_clusters,10000,32,6.0,42,False,10,50,HDBSCAN,exact_single_linkage_pairwise_smallest_common_cluster_size_agreement,HDBSCAN,hdbscan_generic,ok,,6.165978018019814,0.0,6.165978018019814,6.165978018019814,6,1.0,1.0,1.0,1.0,9999,9999,9999,0.0,0.0
synthetic,gaussian_sparse-separated-n10000-d32-seed42,synthetic,gaussian_sparse,separated_clusters,10000,32,6.0,42,False,10,50,HDBSCAN,exact_single_linkage_pairwise_smallest_common_cluster_size_agreement,Optimized HDBSCAN,optimized_hdbscan,ok,,2.5182833920116536,0.0,2.5182833920116536,2.5182833920116536,6,1.0,1.0,0.999999931904,0.104251794588625,1888,9999,9999,8.125327153104112e-15,1.0220809515727188e-14
synthetic,gaussian_sparse-separated-n10000-d32-seed42,synthetic,gaussian_sparse,separated_clusters,10000,32,6.0,42,False,10,50,HDBSCAN,exact_single_linkage_pairwise_smallest_common_cluster_size_agreement,ScoreSG,score_sg,ok,,3.53900523998891,0.7648761869932059,4.303881426982116,0.7648761869932059,6,1.0,1.0,0.9814702874840008,0.8946470866887731,9443,9999,9999,1.142053720225029e-07,1.4365205872240652e-07
synthetic,gaussian_sparse-separated-n10000-d32-seed42,synthetic,gaussian_sparse,separated_clusters,10000,32,6.0,42,False,10,50,HDBSCAN,exact_single_linkage_pairwise_smallest_common_cluster_size_agreement,ScoreSG Random,score_sg_random,ok,,3.385226076003164,0.7596313889953308,4.144857464998495,0.7596313889953308,6,1.0,1.0,0.8888888215600017,0.8946470866887731,9443,9999,9999,1.142053720225029e-07,1.4365205872240652e-07
synthetic,gaussian_sparse-separated-n10000-d32-seed42,synthetic,gaussian_sparse,separated_clusters,10000,32,6.0,42,False,9,50,HDBSCAN,exact_single_linkage_pairwise_smallest_common_cluster_size_agreement,HDBSCAN,hdbscan_generic,ok,,6.135508311999729,0.0,6.135508311999729,6.135508311999729,6,1.0,1.0,1.0,1.0,9999,9999,9999,0.0,0.0
synthetic,gaussian_sparse-separated-n10000-d32-seed42,synthetic,gaussian_sparse,separated_clusters,10000,32,6.0,42,False,9,50,HDBSCAN,exact_single_linkage_pairwise_smallest_common_cluster_size_agreement,Optimized HDBSCAN,optimized_hdbscan,ok,,2.532082146994071,0.0,2.532082146994071,2.532082146994071,6,1.0,1.0,0.999999909528,0.1147157190635451,2058,9999,9999,8.203566322094183e-15,1.0462144283065675e-14
synthetic,gaussian_sparse-separated-n10000-d32-seed42,synthetic,gaussian_sparse,separated_clusters,10000,32,6.0,42,False,9,50,HDBSCAN,exact_single_linkage_pairwise_smallest_common_cluster_size_agreement,ScoreSG,score_sg,ok,,3.53900523998891,0.769854296988342,4.308859536977252,0.769854296988342,6,1.0,1.0,0.9814702792520004,0.8880287009063444,9406,9999,9999,1.1351451940748695e-07,1.4432582807998858e-07
synthetic,gaussian_sparse-separated-n10000-d32-seed42,synthetic,gaussian_sparse,separated_clusters,10000,32,6.0,42,False,9,50,HDBSCAN,exact_single_linkage_pairwise_smallest_common_cluster_size_agreement,ScoreSG Random,score_sg_random,ok,,3.385226076003164,0.7478362509864382,4.133062326989602,0.7478362509864382,6,1.0,1.0,0.8888888133280017,0.8880287009063444,9406,9999,9999,1.1351451940748695e-07,1.4432582807998858e-07
synthetic,gaussian_sparse-separated-n10000-d32-seed42,synthetic,gaussian_sparse,separated_clusters,10000,32,6.0,42,False,8,50,HDBSCAN,exact_single_linkage_pairwise_smallest_common_cluster_size_agreement,HDBSCAN,hdbscan_generic,ok,,6.1187485349946655,0.0,6.1187485349946655,6.1187485349946655,6,1.0,1.0,1.0,1.0,9999,9999,9999,0.0,0.0
synthetic,gaussian_sparse-separated-n10000-d32-seed42,synthetic,gaussian_sparse,separated_clusters,10000,32,6.0,42,False,8,50,HDBSCAN,exact_single_linkage_pairwise_smallest_common_cluster_size_agreement,Optimized HDBSCAN,optimized_hdbscan,ok,,2.4986474059987813,0.0,2.4986474059987813,2.4986474059987813,6,1.0,1.0,0.999999852332,0.1254431875738646,2229,9999,9999,8.153390230553595e-15,1.0367499270473558e-14
synthetic,gaussian_sparse-separated-n10000-d32-seed42,synthetic,gaussian_sparse,separated_clusters,10000,32,6.0,42,False,8,50,HDBSCAN,exact_single_linkage_pairwise_smallest_common_cluster_size_agreement,ScoreSG,score_sg,ok,,3.53900523998891,0.7695977960247546,4.308603036013665,0.7695977960247546,6,1.0,1.0,0.9814702145040004,0.8700205722835235,9304,9999,9999,1.129039897642866e-07,1.427537057697774e-07
synthetic,gaussian_sparse-separated-n10000-d32-seed42,synthetic,gaussian_sparse,separated_clusters,10000,32,6.0,42,False,8,50,HDBSCAN,exact_single_linkage_pairwise_smallest_common_cluster_size_agreement,ScoreSG Random,score_sg_random,ok,,3.385226076003164,0.766229229979217,4.151455305982381,0.766229229979217,6,1.0,1.0,0.8888887485800008,0.8700205722835235,9304,9999,9999,1.129039897642866e-07,1.427537057697774e-07
synthetic,gaussian_sparse-separated-n10000-d32-seed42,synthetic,gaussian_sparse,separated_clusters,10000,32,6.0,42,False,7,50,HDBSCAN,exact_single_linkage_pairwise_smallest_common_cluster_size_agreement,HDBSCAN,hdbscan_generic,ok,,6.1837561480060685,0.0,6.1837561480060685,6.1837561480060685,6,1.0,1.0,1.0,1.0,9999,9999,9999,0.0,0.0
synthetic,gaussian_sparse-separated-n10000-d32-seed42,synthetic,gaussian_sparse,separated_clusters,10000,32,6.0,42,False,7,50,HDBSCAN,exact_single_linkage_pairwise_smallest_common_cluster_size_agreement,Optimized HDBSCAN,optimized_hdbscan,ok,,2.5042392809991725,0.0,2.5042392809991725,2.5042392809991725,6,1.0,1.0,0.999999881548,0.1477272727272727,2574,9999,9999,8.115411131673367e-15,1.0282913743156599e-14
synthetic,gaussian_sparse-separated-n10000-d32-seed42,synthetic,gaussian_sparse,separated_clusters,10000,32,6.0,42,False,7,50,HDBSCAN,exact_single_linkage_pairwise_smallest_common_cluster_size_agreement,ScoreSG,score_sg,ok,,3.53900523998891,0.7904992450203281,4.329504485009238,0.7904992450203281,6,1.0,1.0,0.9814702309520004,0.8545859222850783,9215,9999,9999,1.0943038993111247e-07,1.3805794495467748e-07
synthetic,gaussian_sparse-separated-n10000-d32-seed42,synthetic,gaussian_sparse,separated_clusters,10000,32,6.0,42,False,7,50,HDBSCAN,exact_single_linkage_pairwise_smallest_common_cluster_size_agreement,ScoreSG Random,score_sg_random,ok,,3.385226076003164,0.7700691089848988,4.155295184988063,0.7700691089848988,6,1.0,1.0,0.8888887650280012,0.8545859222850783,9215,9999,9999,1.0943038993111247e-07,1.3805794495467748e-07
synthetic,gaussian_sparse-separated-n10000-d32-seed42,synthetic,gaussian_sparse,separated_clusters,10000,32,6.0,42,False,6,50,HDBSCAN,exact_single_linkage_pairwise_smallest_common_cluster_size_agreement,HDBSCAN,hdbscan_generic,ok,,6.122587736026617,0.0,6.122587736026617,6.122587736026617,6,1.0,1.0,1.0,1.0,9999,9999,9999,0.0,0.0
synthetic,gaussian_sparse-separated-n10000-d32-seed42,synthetic,gaussian_sparse,separated_clusters,10000,32,6.0,42,False,6,50,HDBSCAN,exact_single_linkage_pairwise_smallest_common_cluster_size_agreement,Optimized HDBSCAN,optimized_hdbscan,ok,,2.446146035013953,0.0,2.446146035013953,2.446146035013953,6,1.0,1.0,0.999999885392,0.1757304956199659,2989,9999,9999,8.108156724371853e-15,1.039977392881173e-14
synthetic,gaussian_sparse-separated-n10000-d32-seed42,synthetic,gaussian_sparse,separated_clusters,10000,32,6.0,42,False,6,50,HDBSCAN,exact_single_linkage_pairwise_smallest_common_cluster_size_agreement,ScoreSG,score_sg,ok,,3.53900523998891,0.7794937189901248,4.318498958979035,0.7794937189901248,6,1.0,1.0,0.9814702132880004,0.8361950234138279,9107,9999,9999,1.0830489746847193e-07,1.3776811650289708e-07
synthetic,gaussian_sparse-separated-n10000-d32-seed42,synthetic,gaussian_sparse,separated_clusters,10000,32,6.0,42,False,6,50,HDBSCAN,exact_single_linkage_pairwise_smallest_common_cluster_size_agreement,ScoreSG Random,score_sg_random,ok,,3.385226076003164,0.7592956099833827,4.144521685986547,0.7592956099833827,6,1.0,1.0,0.8888887473640016,0.8361950234138279,9107,9999,9999,1.0830489746847193e-07,1.3776811650289708e-07
synthetic,gaussian_sparse-separated-n10000-d32-seed42,synthetic,gaussian_sparse,separated_clusters,10000,32,6.0,42,False,5,50,HDBSCAN,exact_single_linkage_pairwise_smallest_common_cluster_size_agreement,HDBSCAN,hdbscan_generic,ok,,6.303568517992972,0.0,6.303568517992972,6.303568517992972,6,1.0,1.0,1.0,1.0,9999,9999,9999,0.0,0.0
synthetic,gaussian_sparse-separated-n10000-d32-seed42,synthetic,gaussian_sparse,separated_clusters,10000,32,6.0,42,False,5,50,HDBSCAN,exact_single_linkage_pairwise_smallest_common_cluster_size_agreement,Optimized HDBSCAN,optimized_hdbscan,ok,,2.5052021449955646,0.0,2.5052021449955646,2.5052021449955646,6,1.0,1.0,0.999999802796,0.2171637248934875,3568,9999,9999,7.985017729240685e-15,1.0307376978634024e-14
synthetic,gaussian_sparse-separated-n10000-d32-seed42,synthetic,gaussian_sparse,separated_clusters,10000,32,6.0,42,False,5,50,HDBSCAN,exact_single_linkage_pairwise_smallest_common_cluster_size_agreement,ScoreSG,score_sg,ok,,3.53900523998891,0.7736139319895301,4.31261917197844,0.7736139319895301,6,1.0,1.0,0.9814701329880008,0.7861736334405145,8802,9999,9999,1.0664624210211468e-07,1.35550357491552e-07
synthetic,gaussian_sparse-separated-n10000-d32-seed42,synthetic,gaussian_sparse,separated_clusters,10000,32,6.0,42,False,5,50,HDBSCAN,exact_single_linkage_pairwise_smallest_common_cluster_size_agreement,ScoreSG Random,score_sg_random,ok,,3.385226076003164,0.7740167129959445,4.159242788999109,0.7740167129959445,6,1.0,1.0,0.8888886670640017,0.7861736334405145,8802,9999,9999,1.0664624210211468e-07,1.35550357491552e-07
synthetic,gaussian_sparse-separated-n10000-d32-seed42,synthetic,gaussian_sparse,separated_clusters,10000,32,6.0,42,False,4,50,HDBSCAN,exact_single_linkage_pairwise_smallest_common_cluster_size_agreement,HDBSCAN,hdbscan_generic,ok,,6.107011979998788,0.0,6.107011979998788,6.107011979998788,6,1.0,1.0,1.0,1.0,9999,9999,9999,0.0,0.0
synthetic,gaussian_sparse-separated-n10000-d32-seed42,synthetic,gaussian_sparse,separated_clusters,10000,32,6.0,42,False,4,50,HDBSCAN,exact_single_linkage_pairwise_smallest_common_cluster_size_agreement,Optimized HDBSCAN,optimized_hdbscan,ok,,2.445032515999628,0.0,2.445032515999628,2.445032515999628,6,1.0,1.0,0.999999797228,0.2892785764941009,4487,9999,9999,8.275875094549261e-15,1.0563420045595222e-14
synthetic,gaussian_sparse-separated-n10000-d32-seed42,synthetic,gaussian_sparse,separated_clusters,10000,32,6.0,42,False,4,50,HDBSCAN,exact_single_linkage_pairwise_smallest_common_cluster_size_agreement,ScoreSG,score_sg,ok,,3.53900523998891,0.7694923900126014,4.308497630001511,0.7694923900126014,6,1.0,1.0,0.9814700885680004,0.744417306350314,8534,9999,9999,1.0493227398641849e-07,1.3344572194544437e-07
synthetic,gaussian_sparse-separated-n10000-d32-seed42,synthetic,gaussian_sparse,separated_clusters,10000,32,6.0,42,False,4,50,HDBSCAN,exact_single_linkage_pairwise_smallest_common_cluster_size_agreement,ScoreSG Random,score_sg_random,ok,,3.385226076003164,0.7918507120048162,4.17707678800798,0.7918507120048162,6,1.0,1.0,0.8888886226440011,0.744417306350314,8534,9999,9999,1.0493227398641849e-07,1.3344572194544437e-07
synthetic,gaussian_sparse-separated-n10000-d32-seed42,synthetic,gaussian_sparse,separated_clusters,10000,32,6.0,42,False,3,50,HDBSCAN,exact_single_linkage_pairwise_smallest_common_cluster_size_agreement,HDBSCAN,hdbscan_generic,ok,,6.0717866769991815,0.0,6.0717866769991815,6.0717866769991815,6,1.0,1.0,1.0,1.0,9999,9999,9999,0.0,0.0
synthetic,gaussian_sparse-separated-n10000-d32-seed42,synthetic,gaussian_sparse,separated_clusters,10000,32,6.0,42,False,3,50,HDBSCAN,exact_single_linkage_pairwise_smallest_common_cluster_size_agreement,Optimized HDBSCAN,optimized_hdbscan,ok,,2.48922833398683,0.0,2.48922833398683,2.48922833398683,6,1.0,1.0,0.999999706824,0.4644112478031634,6342,9999,9999,8.502466749861898e-15,1.082763756101989e-14
synthetic,gaussian_sparse-separated-n10000-d32-seed42,synthetic,gaussian_sparse,separated_clusters,10000,32,6.0,42,False,3,50,HDBSCAN,exact_single_linkage_pairwise_smallest_common_cluster_size_agreement,ScoreSG,score_sg,ok,,3.53900523998891,0.7757343739795033,4.314739613968413,0.7757343739795033,6,1.0,1.0,0.9814698491880004,0.6836167705000842,8120,9999,9999,9.716083598404672e-08,1.2708622577746634e-07
synthetic,gaussian_sparse-separated-n10000-d32-seed42,synthetic,gaussian_sparse,separated_clusters,10000,32,6.0,42,False,3,50,HDBSCAN,exact_single_linkage_pairwise_smallest_common_cluster_size_agreement,ScoreSG Random,score_sg_random,ok,,3.385226076003164,0.7758251299965195,4.161051205999684,0.7758251299965195,6,1.0,1.0,0.8888883832640009,0.6836167705000842,8120,9999,9999,9.716083598404672e-08,1.2708622577746634e-07
synthetic,gaussian_sparse-separated-n10000-d32-seed42,synthetic,gaussian_sparse,separated_clusters,10000,32,6.0,42,False,2,50,HDBSCAN,exact_single_linkage_pairwise_smallest_common_cluster_size_agreement,HDBSCAN,hdbscan_generic,ok,,6.207736856013071,0.0,6.207736856013071,6.207736856013071,6,1.0,1.0,1.0,1.0,9999,9999,9999,0.0,0.0
synthetic,gaussian_sparse-separated-n10000-d32-seed42,synthetic,gaussian_sparse,separated_clusters,10000,32,6.0,42,False,2,50,HDBSCAN,exact_single_linkage_pairwise_smallest_common_cluster_size_agreement,Optimized HDBSCAN,optimized_hdbscan,ok,,2.502630650007632,0.0,2.502630650007632,2.502630650007632,6,1.0,1.0,1.0,0.9996000399960004,9997,9999,9999,8.522319368942164e-15,1.091889355593742e-14
synthetic,gaussian_sparse-separated-n10000-d32-seed42,synthetic,gaussian_sparse,separated_clusters,10000,32,6.0,42,False,2,50,HDBSCAN,exact_single_linkage_pairwise_smallest_common_cluster_size_agreement,ScoreSG,score_sg,ok,,3.53900523998891,0.7865490070253145,4.3255542470142245,0.7865490070253145,6,1.0,1.0,0.981470368148,0.9986008394963022,9992,9999,9999,4.7127530601188364e-08,8.753790255974105e-08
synthetic,gaussian_sparse-separated-n10000-d32-seed42,synthetic,gaussian_sparse,separated_clusters,10000,32,6.0,42,False,2,50,HDBSCAN,exact_single_linkage_pairwise_smallest_common_cluster_size_agreement,ScoreSG Random,score_sg_random,ok,,3.385226076003164,0.778004920022795,4.163230996025959,0.778004920022795,6,1.0,1.0,0.8888889022240017,0.9986008394963022,9992,9999,9999,4.7127530601188364e-08,8.753790255974105e-08
synthetic,gaussian_sparse-separated-n5000-d2-seed42,synthetic,gaussian_sparse,separated_clusters,5000,2,6.0,42,False,50,50,HDBSCAN,exact_single_linkage_pairwise_smallest_common_cluster_size_agreement,HDBSCAN,hdbscan_generic,ok,,1.7124941959918942,0.0,1.7124941959918942,1.7124941959918942,6,1.0,1.0,1.0,1.0,4999,4999,4999,0.0,0.0
synthetic,gaussian_sparse-separated-n5000-d2-seed42,synthetic,gaussian_sparse,separated_clusters,5000,2,6.0,42,False,50,50,HDBSCAN,exact_single_linkage_pairwise_smallest_common_cluster_size_agreement,Optimized HDBSCAN,optimized_hdbscan,ok,,0.2947681069781538,0.0,0.2947681069781538,0.2947681069781538,6,1.0,1.0,0.99999985712,0.1046293227267705,947,4999,4999,1.157600942241486e-14,1.5727531725399683e-14
synthetic,gaussian_sparse-separated-n5000-d2-seed42,synthetic,gaussian_sparse,separated_clusters,5000,2,6.0,42,False,50,50,HDBSCAN,exact_single_linkage_pairwise_smallest_common_cluster_size_agreement,ScoreSG,score_sg,ok,,1.538509764999617,1.0724004823714496e-05,1.5385204890044406,1.5385204890044406,6,1.0,1.0,0.999999791328,0.9813713832738804,4952,4999,4999,1.4966782332294696e-07,1.9766081118990597e-07
synthetic,gaussian_sparse-separated-n5000-d2-seed42,synthetic,gaussian_sparse,separated_clusters,5000,2,6.0,42,False,50,50,HDBSCAN,exact_single_linkage_pairwise_smallest_common_cluster_size_agreement,ScoreSG Random,score_sg_random,ok,,1.601548198988894,1.0755000403150916e-05,1.6015589539892972,1.6015589539892972,6,1.0,1.0,0.8518517142719992,0.9794100178182538,4947,4999,4999,1.4981909462123238e-07,1.9776067519425105e-07
synthetic,gaussian_sparse-separated-n5000-d2-seed42,synthetic,gaussian_sparse,separated_clusters,5000,2,6.0,42,False,49,50,HDBSCAN,exact_single_linkage_pairwise_smallest_common_cluster_size_agreement,HDBSCAN,hdbscan_generic,ok,,1.663020067004254,0.0,1.663020067004254,1.663020067004254,6,1.0,1.0,1.0,1.0,4999,4999,4999,0.0,0.0
synthetic,gaussian_sparse-separated-n5000-d2-seed42,synthetic,gaussian_sparse,separated_clusters,5000,2,6.0,42,False,49,50,HDBSCAN,exact_single_linkage_pairwise_smallest_common_cluster_size_agreement,Optimized HDBSCAN,optimized_hdbscan,ok,,0.2972219810180831,0.0,0.2972219810180831,0.2972219810180831,6,1.0,1.0,0.99999983552,0.1049955791335101,950,4999,4999,1.2501228122860804e-14,1.6929519564725853e-14
synthetic,gaussian_sparse-separated-n5000-d2-seed42,synthetic,gaussian_sparse,separated_clusters,5000,2,6.0,42,False,49,50,HDBSCAN,exact_single_linkage_pairwise_smallest_common_cluster_size_agreement,ScoreSG,score_sg,ok,,1.538509764999617,0.2645745250047184,1.8030842900043356,0.2645745250047184,6,1.0,1.0,0.999999820576,0.9766706207987348,4940,4999,4999,1.506195892912243e-07,1.984140531136304e-07
synthetic,gaussian_sparse-separated-n5000-d2-seed42,synthetic,gaussian_sparse,separated_clusters,5000,2,6.0,42,False,49,50,HDBSCAN,exact_single_linkage_pairwise_smallest_common_cluster_size_agreement,ScoreSG Random,score_sg_random,ok,,1.601548198988894,0.2580974489974323,1.8596456479863264,0.2580974489974323,6,1.0,1.0,0.8518517435199995,0.9747185463164132,4935,4999,4999,1.5077219272434674e-07,1.985145413718394e-07
synthetic,gaussian_sparse-separated-n5000-d2-seed42,synthetic,gaussian_sparse,separated_clusters,5000,2,6.0,42,False,48,50,HDBSCAN,exact_single_linkage_pairwise_smallest_common_cluster_size_agreement,HDBSCAN,hdbscan_generic,ok,,1.66805660398677,0.0,1.66805660398677,1.66805660398677,6,1.0,1.0,1.0,1.0,4999,4999,4999,0.0,0.0
synthetic,gaussian_sparse-separated-n5000-d2-seed42,synthetic,gaussian_sparse,separated_clusters,5000,2,6.0,42,False,48,50,HDBSCAN,exact_single_linkage_pairwise_smallest_common_cluster_size_agreement,Optimized HDBSCAN,optimized_hdbscan,ok,,0.3042836189852096,0.0,0.3042836189852096,0.3042836189852096,6,1.0,1.0,0.999999797824,0.1108888888888888,998,4999,4999,1.215605216130909e-14,1.7049973729018238e-14
synthetic,gaussian_sparse-separated-n5000-d2-seed42,synthetic,gaussian_sparse,separated_clusters,5000,2,6.0,42,False,48,50,HDBSCAN,exact_single_linkage_pairwise_smallest_common_cluster_size_agreement,ScoreSG,score_sg,ok,,1.538509764999617,0.2683012189809233,1.80681098398054,0.2683012189809233,6,1.0,1.0,0.999999742944,0.9758893280632412,4938,4999,4999,1.497806296244179e-07,1.9552572935213658e-07
synthetic,gaussian_sparse-separated-n5000-d2-seed42,synthetic,gaussian_sparse,separated_clusters,5000,2,6.0,42,False,48,50,HDBSCAN,exact_single_linkage_pairwise_smallest_common_cluster_size_agreement,ScoreSG Random,score_sg_random,ok,,1.601548198988894,0.2546462960017379,1.856194494990632,0.2546462960017379,6,1.0,1.0,0.8518516658879993,0.973938795656466,4933,4999,4999,1.499324445735615e-07,1.956247949355065e-07
synthetic,gaussian_sparse-separated-n5000-d2-seed42,synthetic,gaussian_sparse,separated_clusters,5000,2,6.0,42,False,47,50,HDBSCAN,exact_single_linkage_pairwise_smallest_common_cluster_size_agreement,HDBSCAN,hdbscan_generic,ok,,1.6463426710106432,0.0,1.6463426710106432,1.6463426710106432,6,1.0,1.0,1.0,1.0,4999,4999,4999,0.0,0.0
synthetic,gaussian_sparse-separated-n5000-d2-seed42,synthetic,gaussian_sparse,separated_clusters,5000,2,6.0,42,False,47,50,HDBSCAN,exact_single_linkage_pairwise_smallest_common_cluster_size_agreement,Optimized HDBSCAN,optimized_hdbscan,ok,,0.2918898639909457,0.0,0.2918898639909457,0.2918898639909457,6,1.0,1.0,0.999999708032,0.1094096759875721,986,4999,4999,1.2756867908205587e-14,1.7705236668184454e-14
synthetic,gaussian_sparse-separated-n5000-d2-seed42,synthetic,gaussian_sparse,separated_clusters,5000,2,6.0,42,False,47,50,HDBSCAN,exact_single_linkage_pairwise_smallest_common_cluster_size_agreement,ScoreSG,score_sg,ok,,1.538509764999617,0.2728218529955484,1.8113316179951653,0.2728218529955484,6,1.0,1.0,0.999999595232,0.9790182106096595,4946,4999,4999,1.4700684070466637e-07,1.937878323591405e-07
synthetic,gaussian_sparse-separated-n5000-d2-seed42,synthetic,gaussian_sparse,separated_clusters,5000,2,6.0,42,False,47,50,HDBSCAN,exact_single_linkage_pairwise_smallest_common_cluster_size_agreement,ScoreSG Random,score_sg_random,ok,,1.601548198988894,0.2514779480115976,1.853026147000492,0.2514779480115976,6,1.0,1.0,0.8518515181759991,0.9770614989123988,4941,4999,4999,1.4715560293893606e-07,1.9388585848325017e-07
synthetic,gaussian_sparse-separated-n5000-d2-seed42,synthetic,gaussian_sparse,separated_clusters,5000,2,6.0,42,False,46,50,HDBSCAN,exact_single_linkage_pairwise_smallest_common_cluster_size_agreement,HDBSCAN,hdbscan_generic,ok,,1.6543167069903577,0.0,1.6543167069903577,1.6543167069903577,6,1.0,1.0,1.0,1.0,4999,4999,4999,0.0,0.0
synthetic,gaussian_sparse-separated-n5000-d2-seed42,synthetic,gaussian_sparse,separated_clusters,5000,2,6.0,42,False,46,50,HDBSCAN,exact_single_linkage_pairwise_smallest_common_cluster_size_agreement,Optimized HDBSCAN,optimized_hdbscan,ok,,0.2937814809847623,0.0,0.2937814809847623,0.2937814809847623,6,1.0,1.0,0.999999804992,0.1096559378468368,988,4999,4999,1.2237287206953864e-14,1.687781325669198e-14
synthetic,gaussian_sparse-separated-n5000-d2-seed42,synthetic,gaussian_sparse,separated_clusters,5000,2,6.0,42,False,46,50,HDBSCAN,exact_single_linkage_pairwise_smallest_common_cluster_size_agreement,ScoreSG,score_sg,ok,,1.538509764999617,0.2664722019981127,1.8049819669977296,0.2664722019981127,6,1.0,1.0,0.99999972304,0.9790182106096595,4946,4999,4999,1.5180448329666514e-07,1.9817975460926122e-07
synthetic,gaussian_sparse-separated-n5000-d2-seed42,synthetic,gaussian_sparse,separated_clusters,5000,2,6.0,42,False,46,50,HDBSCAN,exact_single_linkage_pairwise_smallest_common_cluster_size_agreement,ScoreSG Random,score_sg_random,ok,,1.601548198988894,0.2623201549868099,1.863868353975704,0.2623201549868099,6,1.0,1.0,0.8518516459839994,0.9770614989123988,4941,4999,4999,1.5195810046170997e-07,1.982800023543589e-07
synthetic,gaussian_sparse-separated-n5000-d2-seed42,synthetic,gaussian_sparse,separated_clusters,5000,2,6.0,42,False,45,50,HDBSCAN,exact_single_linkage_pairwise_smallest_common_cluster_size_agreement,HDBSCAN,hdbscan_generic,ok,,1.641905262018554,0.0,1.641905262018554,1.641905262018554,6,1.0,1.0,1.0,1.0,4999,4999,4999,0.0,0.0
synthetic,gaussian_sparse-separated-n5000-d2-seed42,synthetic,gaussian_sparse,separated_clusters,5000,2,6.0,42,False,45,50,HDBSCAN,exact_single_linkage_pairwise_smallest_common_cluster_size_agreement,Optimized HDBSCAN,optimized_hdbscan,ok,,0.2954328409978188,0.0,0.2954328409978188,0.2954328409978188,6,1.0,1.0,0.999999601664,0.1036538249254884,939,4999,4999,1.2567216229916956e-14,1.7401029232278536e-14
synthetic,gaussian_sparse-separated-n5000-d2-seed42,synthetic,gaussian_sparse,separated_clusters,5000,2,6.0,42,False,45,50,HDBSCAN,exact_single_linkage_pairwise_smallest_common_cluster_size_agreement,ScoreSG,score_sg,ok,,1.538509764999617,0.2683795920165721,1.806889357016189,0.2683795920165721,6,1.0,1.0,0.999999595456,0.97784371909001,4943,4999,4999,1.489910284754905e-07,1.9667299993194392e-07
synthetic,gaussian_sparse-separated-n5000-d2-seed42,synthetic,gaussian_sparse,separated_clusters,5000,2,6.0,42,False,45,50,HDBSCAN,exact_single_linkage_pairwise_smallest_common_cluster_size_agreement,ScoreSG Random,score_sg_random,ok,,1.601548198988894,0.2599894930026494,1.8615376919915436,0.2599894930026494,6,1.0,1.0,0.8518515183999991,0.9758893280632412,4938,4999,4999,1.4914189018840678e-07,1.9677254592198547e-07
synthetic,gaussian_sparse-separated-n5000-d2-seed42,synthetic,gaussian_sparse,separated_clusters,5000,2,6.0,42,False,44,50,HDBSCAN,exact_single_linkage_pairwise_smallest_common_cluster_size_agreement,HDBSCAN,hdbscan_generic,ok,,1.6478323780174833,0.0,1.6478323780174833,1.6478323780174833,6,1.0,1.0,1.0,1.0,4999,4999,4999,0.0,0.0
synthetic,gaussian_sparse-separated-n5000-d2-seed42,synthetic,gaussian_sparse,separated_clusters,5000,2,6.0,42,False,44,50,HDBSCAN,exact_single_linkage_pairwise_smallest_common_cluster_size_agreement,Optimized HDBSCAN,optimized_hdbscan,ok,,0.3123428029939532,0.0,0.3123428029939532,0.3123428029939532,6,1.0,1.0,0.999999710528,0.1024368728636012,929,4999,4999,1.2923790730330444e-14,1.8263595947900037e-14
synthetic,gaussian_sparse-separated-n5000-d2-seed42,synthetic,gaussian_sparse,separated_clusters,5000,2,6.0,42,False,44,50,HDBSCAN,exact_single_linkage_pairwise_smallest_common_cluster_size_agreement,ScoreSG,score_sg,ok,,1.538509764999617,0.2961381250061095,1.8346478900057264,0.2961381250061095,6,1.0,1.0,0.99999956992,0.9758893280632412,4938,4999,4999,1.5013016075396513e-07,1.979804565750799e-07
synthetic,gaussian_sparse-separated-n5000-d2-seed42,synthetic,gaussian_sparse,separated_clusters,5000,2,6.0,42,False,44,50,HDBSCAN,exact_single_linkage_pairwise_smallest_common_cluster_size_agreement,ScoreSG Random,score_sg_random,ok,,1.601548198988894,0.2666761369910091,1.8682243359799031,0.2666761369910091,6,1.0,1.0,0.8518514928639991,0.973938795656466,4933,4999,4999,1.5028232998156962e-07,1.9808076587703947e-07
synthetic,gaussian_sparse-separated-n5000-d2-seed42,synthetic,gaussian_sparse,separated_clusters,5000,2,6.0,42,False,43,50,HDBSCAN,exact_single_linkage_pairwise_smallest_common_cluster_size_agreement,HDBSCAN,hdbscan_generic,ok,,1.6898069900053088,0.0,1.6898069900053088,1.6898069900053088,6,1.0,1.0,1.0,1.0,4999,4999,4999,0.0,0.0
synthetic,gaussian_sparse-separated-n5000-d2-seed42,synthetic,gaussian_sparse,separated_clusters,5000,2,6.0,42,False,43,50,HDBSCAN,exact_single_linkage_pairwise_smallest_common_cluster_size_agreement,Optimized HDBSCAN,optimized_hdbscan,ok,,0.29330430997652,0.0,0.29330430997652,0.29330430997652,6,1.0,1.0,0.999999797952,0.1013439083498567,920,4999,4999,1.2634669880377512e-14,1.737672051482039e-14
synthetic,gaussian_sparse-separated-n5000-d2-seed42,synthetic,gaussian_sparse,separated_clusters,5000,2,6.0,42,False,43,50,HDBSCAN,exact_single_linkage_pairwise_smallest_common_cluster_size_agreement,ScoreSG,score_sg,ok,,1.538509764999617,0.2660957469779532,1.80460551197757,0.2660957469779532,6,1.0,1.0,0.999999735936,0.9766706207987348,4940,4999,4999,1.497785287245869e-07,1.974693975217123e-07
synthetic,gaussian_sparse-separated-n5000-d2-seed42,synthetic,gaussian_sparse,separated_clusters,5000,2,6.0,42,False,43,50,HDBSCAN,exact_single_linkage_pairwise_smallest_common_cluster_size_agreement,ScoreSG Random,score_sg_random,ok,,1.601548198988894,0.2600466060102917,1.8615948049991855,0.2600466060102917,6,1.0,1.0,0.8518516588799993,0.9747185463164132,4935,4999,4999,1.49930280019344e-07,1.975694073521409e-07
synthetic,gaussian_sparse-separated-n5000-d2-seed42,synthetic,gaussian_sparse,separated_clusters,5000,2,6.0,42,False,42,50,HDBSCAN,exact_single_linkage_pairwise_smallest_common_cluster_size_agreement,HDBSCAN,hdbscan_generic,ok,,1.634006409003632,0.0,1.634006409003632,1.634006409003632,6,1.0,1.0,1.0,1.0,4999,4999,4999,0.0,0.0
synthetic,gaussian_sparse-separated-n5000-d2-seed42,synthetic,gaussian_sparse,separated_clusters,5000,2,6.0,42,False,42,50,HDBSCAN,exact_single_linkage_pairwise_smallest_common_cluster_size_agreement,Optimized HDBSCAN,optimized_hdbscan,ok,,0.3344451099983416,0.0,0.3344451099983416,0.3344451099983416,6,1.0,1.0,0.999999793216,0.1043852866453109,945,4999,4999,1.3167068846177432e-14,1.8329160923592004e-14
synthetic,gaussian_sparse-separated-n5000-d2-seed42,synthetic,gaussian_sparse,separated_clusters,5000,2,6.0,42,False,42,50,HDBSCAN,exact_single_linkage_pairwise_smallest_common_cluster_size_agreement,ScoreSG,score_sg,ok,,1.538509764999617,0.2657121480151545,1.8042219130147716,0.2657121480151545,6,1.0,1.0,0.999999660128,0.9743285939968404,4934,4999,4999,1.5273383494059478e-07,2.015020394567034e-07
synthetic,gaussian_sparse-separated-n5000-d2-seed42,synthetic,gaussian_sparse,separated_clusters,5000,2,6.0,42,False,42,50,HDBSCAN,exact_single_linkage_pairwise_smallest_common_cluster_size_agreement,ScoreSG Random,score_sg_random,ok,,1.601548198988894,0.2670145360170863,1.8685627350059804,0.2670145360170863,6,1.0,1.0,0.8518515830719993,0.972381140264352,4929,4999,4999,1.528887688360515e-07,2.016042158435023e-07
synthetic,gaussian_sparse-separated-n5000-d2-seed42,synthetic,gaussian_sparse,separated_clusters,5000,2,6.0,42,False,41,50,HDBSCAN,exact_single_linkage_pairwise_smallest_common_cluster_size_agreement,HDBSCAN,hdbscan_generic,ok,,1.7933257370023057,0.0,1.7933257370023057,1.7933257370023057,6,1.0,1.0,1.0,1.0,4999,4999,4999,0.0,0.0
synthetic,gaussian_sparse-separated-n5000-d2-seed42,synthetic,gaussian_sparse,separated_clusters,5000,2,6.0,42,False,41,50,HDBSCAN,exact_single_linkage_pairwise_smallest_common_cluster_size_agreement,Optimized HDBSCAN,optimized_hdbscan,ok,,0.3267320019949693,0.0,0.3267320019949693,0.3267320019949693,6,1.0,1.0,0.999999825568,0.1124958273061088,1011,4999,4999,1.3994602816958375e-14,1.933179551209529e-14
synthetic,gaussian_sparse-separated-n5000-d2-seed42,synthetic,gaussian_sparse,separated_clusters,5000,2,6.0,42,False,41,50,HDBSCAN,exact_single_linkage_pairwise_smallest_common_cluster_size_agreement,ScoreSG,score_sg,ok,,1.538509764999617,0.280800027976511,1.819309792976128,0.280800027976511,6,1.0,1.0,0.999999645248,0.9743285939968404,4934,4999,4999,1.502241863790427e-07,1.9590454812977845e-07
synthetic,gaussian_sparse-separated-n5000-d2-seed42,synthetic,gaussian_sparse,separated_clusters,5000,2,6.0,42,False,41,50,HDBSCAN,exact_single_linkage_pairwise_smallest_common_cluster_size_agreement,ScoreSG Random,score_sg_random,ok,,1.601548198988894,0.2695893500058446,1.8711375489947384,0.2695893500058446,6,1.0,1.0,0.8518515681919994,0.972381140264352,4929,4999,4999,1.5037657447559342e-07,1.9600388617588133e-07
synthetic,gaussian_sparse-separated-n5000-d2-seed42,synthetic,gaussian_sparse,separated_clusters,5000,2,6.0,42,False,40,50,HDBSCAN,exact_single_linkage_pairwise_smallest_common_cluster_size_agreement,HDBSCAN,hdbscan_generic,ok,,1.8204981339804365,0.0,1.8204981339804365,1.8204981339804365,6,1.0,1.0,1.0,1.0,4999,4999,4999,0.0,0.0
synthetic,gaussian_sparse-separated-n5000-d2-seed42,synthetic,gaussian_sparse,separated_clusters,5000,2,6.0,42,False,40,50,HDBSCAN,exact_single_linkage_pairwise_smallest_common_cluster_size_agreement,Optimized HDBSCAN,optimized_hdbscan,ok,,0.3431394130166154,0.0,0.3431394130166154,0.3431394130166154,6,1.0,1.0,0.999999712128,0.1149771383963421,1031,4999,4999,1.3432783283152627e-14,1.833980053053941e-14
synthetic,gaussian_sparse-separated-n5000-d2-seed42,synthetic,gaussian_sparse,separated_clusters,5000,2,6.0,42,False,40,50,HDBSCAN,exact_single_linkage_pairwise_smallest_common_cluster_size_agreement,ScoreSG,score_sg,ok,,1.538509764999617,0.2807303470035549,1.819240112003172,0.2807303470035549,6,1.0,1.0,0.99999948976,0.9681102362204724,4918,4999,4999,1.4808734454161145e-07,1.9466591739867757e-07
synthetic,gaussian_sparse-separated-n5000-d2-seed42,synthetic,gaussian_sparse,separated_clusters,5000,2,6.0,42,False,40,50,HDBSCAN,exact_single_linkage_pairwise_smallest_common_cluster_size_agreement,ScoreSG Random,score_sg_random,ok,,1.601548198988894,0.269562331988709,1.871110530977603,0.269562331988709,6,1.0,1.0,0.8518514127039993,0.9661750245821042,4913,4999,4999,1.4823805423400129e-07,1.9476494875137146e-07
synthetic,gaussian_sparse-separated-n5000-d2-seed42,synthetic,gaussian_sparse,separated_clusters,5000,2,6.0,42,False,39,50,HDBSCAN,exact_single_linkage_pairwise_smallest_common_cluster_size_agreement,HDBSCAN,hdbscan_generic,ok,,1.6978163839958142,0.0,1.6978163839958142,1.6978163839958142,6,1.0,1.0,1.0,1.0,4999,4999,4999,0.0,0.0
synthetic,gaussian_sparse-separated-n5000-d2-seed42,synthetic,gaussian_sparse,separated_clusters,5000,2,6.0,42,False,39,50,HDBSCAN,exact_single_linkage_pairwise_smallest_common_cluster_size_agreement,Optimized HDBSCAN,optimized_hdbscan,ok,,0.2836052879865747,0.0,0.2836052879865747,0.2836052879865747,6,1.0,1.0,0.999999647968,0.1090404880754298,983,4999,4999,1.3948207345541192e-14,1.9054589157708648e-14
synthetic,gaussian_sparse-separated-n5000-d2-seed42,synthetic,gaussian_sparse,separated_clusters,5000,2,6.0,42,False,39,50,HDBSCAN,exact_single_linkage_pairwise_smallest_common_cluster_size_agreement,ScoreSG,score_sg,ok,,1.538509764999617,0.2690148770052474,1.8075246420048643,0.2690148770052474,6,1.0,1.0,0.999999471072,0.97784371909001,4943,4999,4999,1.52289009777288e-07,1.982060733488215e-07
synthetic,gaussian_sparse-separated-n5000-d2-seed42,synthetic,gaussian_sparse,separated_clusters,5000,2,6.0,42,False,39,50,HDBSCAN,exact_single_linkage_pairwise_smallest_common_cluster_size_agreement,ScoreSG Random,score_sg_random,ok,,1.601548198988894,0.2666523170191794,1.8682005160080732,0.2666523170191794,6,1.0,1.0,0.8518513940159992,0.9758893280632412,4938,4999,4999,1.524432108799388e-07,1.9830639530359202e-07
synthetic,gaussian_sparse-separated-n5000-d2-seed42,synthetic,gaussian_sparse,separated_clusters,5000,2,6.0,42,False,38,50,HDBSCAN,exact_single_linkage_pairwise_smallest_common_cluster_size_agreement,HDBSCAN,hdbscan_generic,ok,,1.6500887019792572,0.0,1.6500887019792572,1.6500887019792572,6,1.0,1.0,1.0,1.0,4999,4999,4999,0.0,0.0
synthetic,gaussian_sparse-separated-n5000-d2-seed42,synthetic,gaussian_sparse,separated_clusters,5000,2,6.0,42,False,38,50,HDBSCAN,exact_single_linkage_pairwise_smallest_common_cluster_size_agreement,Optimized HDBSCAN,optimized_hdbscan,ok,,0.3105008440033998,0.0,0.3105008440033998,0.3105008440033998,6,1.0,1.0,0.999999723008,0.1056065465000553,955,4999,4999,1.3852299179736022e-14,1.9052861551552064e-14
synthetic,gaussian_sparse-separated-n5000-d2-seed42,synthetic,gaussian_sparse,separated_clusters,5000,2,6.0,42,False,38,50,HDBSCAN,exact_single_linkage_pairwise_smallest_common_cluster_size_agreement,ScoreSG,score_sg,ok,,1.538509764999617,0.2683341499941889,1.8068439149938056,0.2683341499941889,6,1.0,1.0,0.999999630624,0.9770614989123988,4941,4999,4999,1.4979588224927234e-07,1.977615292482118e-07
synthetic,gaussian_sparse-separated-n5000-d2-seed42,synthetic,gaussian_sparse,separated_clusters,5000,2,6.0,42,False,38,50,HDBSCAN,exact_single_linkage_pairwise_smallest_common_cluster_size_agreement,ScoreSG Random,score_sg_random,ok,,1.601548198988894,0.2641603620140813,1.8657085610029756,0.2641603620140813,6,1.0,1.0,0.8518515535679991,0.97510865270644,4936,4999,4999,1.4994762037877996e-07,1.9786166674475402e-07
synthetic,gaussian_sparse-separated-n5000-d2-seed42,synthetic,gaussian_sparse,separated_clusters,5000,2,6.0,42,False,37,50,HDBSCAN,exact_single_linkage_pairwise_smallest_common_cluster_size_agreement,HDBSCAN,hdbscan_generic,ok,,1.6461844260047656,0.0,1.6461844260047656,1.6461844260047656,6,1.0,1.0,1.0,1.0,4999,4999,4999,0.0,0.0
synthetic,gaussian_sparse-separated-n5000-d2-seed42,synthetic,gaussian_sparse,separated_clusters,5000,2,6.0,42,False,37,50,HDBSCAN,exact_single_linkage_pairwise_smallest_common_cluster_size_agreement,Optimized HDBSCAN,optimized_hdbscan,ok,,0.2936854719882831,0.0,0.2936854719882831,0.2936854719882831,6,1.0,1.0,0.999999779584,0.1052398850320583,952,4999,4999,1.3575975078010896e-14,1.8955184747057905e-14
synthetic,gaussian_sparse-separated-n5000-d2-seed42,synthetic,gaussian_sparse,separated_clusters,5000,2,6.0,42,False,37,50,HDBSCAN,exact_single_linkage_pairwise_smallest_common_cluster_size_agreement,ScoreSG,score_sg,ok,,1.538509764999617,0.2701908540038857,1.8087006190035029,0.2701908540038857,6,1.0,1.0,0.99999956272,0.97510865270644,4936,4999,4999,1.4600070984954084e-07,1.9371109793633893e-07
synthetic,gaussian_sparse-separated-n5000-d2-seed42,synthetic,gaussian_sparse,separated_clusters,5000,2,6.0,42,False,37,50,HDBSCAN,exact_single_linkage_pairwise_smallest_common_cluster_size_agreement,ScoreSG Random,score_sg_random,ok,,1.601548198988894,0.2656988109811209,1.867247009970015,0.2656988109811209,6,1.0,1.0,0.8518514856639993,0.973159660548648,4931,4999,4999,1.461487535618205e-07,1.9380928391148973e-07
synthetic,gaussian_sparse-separated-n5000-d2-seed42,synthetic,gaussian_sparse,separated_clusters,5000,2,6.0,42,False,36,50,HDBSCAN,exact_single_linkage_pairwise_smallest_common_cluster_size_agreement,HDBSCAN,hdbscan_generic,ok,,1.6618618599895854,0.0,1.6618618599895854,1.6618618599895854,6,1.0,1.0,1.0,1.0,4999,4999,4999,0.0,0.0
synthetic,gaussian_sparse-separated-n5000-d2-seed42,synthetic,gaussian_sparse,separated_clusters,5000,2,6.0,42,False,36,50,HDBSCAN,exact_single_linkage_pairwise_smallest_common_cluster_size_agreement,Optimized HDBSCAN,optimized_hdbscan,ok,,0.2921560449758544,0.0,0.2921560449758544,0.2921560449758544,6,1.0,1.0,0.999999672192,0.1059734513274336,958,4999,4999,1.4165947468642271e-14,1.920574478158797e-14
synthetic,gaussian_sparse-separated-n5000-d2-seed42,synthetic,gaussian_sparse,separated_clusters,5000,2,6.0,42,False,36,50,HDBSCAN,exact_single_linkage_pairwise_smallest_common_cluster_size_agreement,ScoreSG,score_sg,ok,,1.538509764999617,0.2781058690161444,1.816615634015761,0.2781058690161444,6,1.0,1.0,0.99999945376,0.9696611505122144,4922,4999,4999,1.503761145627073e-07,1.9815409633141786e-07
synthetic,gaussian_sparse-separated-n5000-d2-seed42,synthetic,gaussian_sparse,separated_clusters,5000,2,6.0,42,False,36,50,HDBSCAN,exact_single_linkage_pairwise_smallest_common_cluster_size_agreement,ScoreSG Random,score_sg_random,ok,,1.601548198988894,0.2577400819864124,1.8592882809753064,0.2577400819864124,6,1.0,1.0,0.8518513767039995,0.9677228891950403,4917,4999,4999,1.5052902905707717e-07,1.9825482022158605e-07
synthetic,gaussian_sparse-separated-n5000-d2-seed42,synthetic,gaussian_sparse,separated_clusters,5000,2,6.0,42,False,35,50,HDBSCAN,exact_single_linkage_pairwise_smallest_common_cluster_size_agreement,HDBSCAN,hdbscan_generic,ok,,1.646134353009984,0.0,1.646134353009984,1.646134353009984,6,1.0,1.0,1.0,1.0,4999,4999,4999,0.0,0.0
synthetic,gaussian_sparse-separated-n5000-d2-seed42,synthetic,gaussian_sparse,separated_clusters,5000,2,6.0,42,False,35,50,HDBSCAN,exact_single_linkage_pairwise_smallest_common_cluster_size_agreement,Optimized HDBSCAN,optimized_hdbscan,ok,,0.2923454890260473,0.0,0.2923454890260473,0.2923454890260473,6,1.0,1.0,0.999999699872,0.1031667218360366,935,4999,4999,1.3767596688365027e-14,1.8728542586816307e-14
synthetic,gaussian_sparse-separated-n5000-d2-seed42,synthetic,gaussian_sparse,separated_clusters,5000,2,6.0,42,False,35,50,HDBSCAN,exact_single_linkage_pairwise_smallest_common_cluster_size_agreement,ScoreSG,score_sg,ok,,1.538509764999617,0.2663522899965755,1.8048620549961925,0.2663522899965755,6,1.0,1.0,0.999999598112,0.9716032340761191,4927,4999,4999,1.4922019167104466e-07,1.9693956327847687e-07
synthetic,gaussian_sparse-separated-n5000-d2-seed42,synthetic,gaussian_sparse,separated_clusters,5000,2,6.0,42,False,35,50,HDBSCAN,exact_single_linkage_pairwise_smallest_common_cluster_size_agreement,ScoreSG Random,score_sg_random,ok,,1.601548198988894,0.2656999819737393,1.8672481809626331,0.2656999819737393,6,1.0,1.0,0.8518515210559995,0.9696611505122144,4922,4999,4999,1.49371776586599e-07,1.9703956814110358e-07
synthetic,gaussian_sparse-separated-n5000-d2-seed42,synthetic,gaussian_sparse,separated_clusters,5000,2,6.0,42,False,34,50,HDBSCAN,exact_single_linkage_pairwise_smallest_common_cluster_size_agreement,HDBSCAN,hdbscan_generic,ok,,1.6468797120032832,0.0,1.6468797120032832,1.6468797120032832,6,1.0,1.0,1.0,1.0,4999,4999,4999,0.0,0.0
synthetic,gaussian_sparse-separated-n5000-d2-seed42,synthetic,gaussian_sparse,separated_clusters,5000,2,6.0,42,False,34,50,HDBSCAN,exact_single_linkage_pairwise_smallest_common_cluster_size_agreement,Optimized HDBSCAN,optimized_hdbscan,ok,,0.2812327709980309,0.0,0.2812327709980309,0.2812327709980309,6,1.0,1.0,0.999999577824,0.1094096759875721,986,4999,4999,1.452002255190226e-14,1.9480044157693302e-14
synthetic,gaussian_sparse-separated-n5000-d2-seed42,synthetic,gaussian_sparse,separated_clusters,5000,2,6.0,42,False,34,50,HDBSCAN,exact_single_linkage_pairwise_smallest_common_cluster_size_agreement,ScoreSG,score_sg,ok,,1.538509764999617,0.2720984449842945,1.8106082099839116,0.2720984449842945,6,1.0,1.0,0.999999451616,0.9684977357747588,4919,4999,4999,1.508689363118294e-07,1.9826411570065298e-07
synthetic,gaussian_sparse-separated-n5000-d2-seed42,synthetic,gaussian_sparse,separated_clusters,5000,2,6.0,42,False,34,50,HDBSCAN,exact_single_linkage_pairwise_smallest_common_cluster_size_agreement,ScoreSG Random,score_sg_random,ok,,1.601548198988894,0.2686612849938683,1.8702094839827623,0.2686612849938683,6,1.0,1.0,0.8518513745599996,0.9665617623918176,4914,4999,4999,1.5102244560722266e-07,1.9836495702536686e-07
synthetic,gaussian_sparse-separated-n5000-d2-seed42,synthetic,gaussian_sparse,separated_clusters,5000,2,6.0,42,False,33,50,HDBSCAN,exact_single_linkage_pairwise_smallest_common_cluster_size_agreement,HDBSCAN,hdbscan_generic,ok,,1.632098114001565,0.0,1.632098114001565,1.632098114001565,6,1.0,1.0,1.0,1.0,4999,4999,4999,0.0,0.0
synthetic,gaussian_sparse-separated-n5000-d2-seed42,synthetic,gaussian_sparse,separated_clusters,5000,2,6.0,42,False,33,50,HDBSCAN,exact_single_linkage_pairwise_smallest_common_cluster_size_agreement,Optimized HDBSCAN,optimized_hdbscan,ok,,0.2898336710059084,0.0,0.2898336710059084,0.2898336710059084,6,1.0,1.0,0.999999686336,0.1117535861225397,1005,4999,4999,1.4917917647452082e-14,2.021926207755409e-14
synthetic,gaussian_sparse-separated-n5000-d2-seed42,synthetic,gaussian_sparse,separated_clusters,5000,2,6.0,42,False,33,50,HDBSCAN,exact_single_linkage_pairwise_smallest_common_cluster_size_agreement,ScoreSG,score_sg,ok,,1.538509764999617,0.2668696519976947,1.805379416997312,0.2668696519976947,6,1.0,1.0,0.999999448128,0.968885387948011,4920,4999,4999,1.464382306487703e-07,1.9249548507191425e-07
synthetic,gaussian_sparse-separated-n5000-d2-seed42,synthetic,gaussian_sparse,separated_clusters,5000,2,6.0,42,False,33,50,HDBSCAN,exact_single_linkage_pairwise_smallest_common_cluster_size_agreement,ScoreSG Random,score_sg_random,ok,,1.601548198988894,0.2633192250214051,1.8648674240102991,0.2633192250214051,6,1.0,1.0,0.8518513710719989,0.9669486523706472,4915,4999,4999,1.4658720138106874e-07,1.9259337243398555e-07
synthetic,gaussian_sparse-separated-n5000-d2-seed42,synthetic,gaussian_sparse,separated_clusters,5000,2,6.0,42,False,32,50,HDBSCAN,exact_single_linkage_pairwise_smallest_common_cluster_size_agreement,HDBSCAN,hdbscan_generic,ok,,1.63967759400839,0.0,1.63967759400839,1.63967759400839,6,1.0,1.0,1.0,1.0,4999,4999,4999,0.0,0.0
synthetic,gaussian_sparse-separated-n5000-d2-seed42,synthetic,gaussian_sparse,separated_clusters,5000,2,6.0,42,False,32,50,HDBSCAN,exact_single_linkage_pairwise_smallest_common_cluster_size_agreement,Optimized HDBSCAN,optimized_hdbscan,ok,,0.2787946220196318,0.0,0.2787946220196318,0.2787946220196318,6,1.0,1.0,0.9999996984,0.1110123347038559,999,4999,4999,1.4862430049874406e-14,2.0292751067632723e-14
synthetic,gaussian_sparse-separated-n5000-d2-seed42,synthetic,gaussian_sparse,separated_clusters,5000,2,6.0,42,False,32,50,HDBSCAN,exact_single_linkage_pairwise_smallest_common_cluster_size_agreement,ScoreSG,score_sg,ok,,1.538509764999617,0.2770287400053348,1.815538505004952,0.2770287400053348,6,1.0,1.0,0.999999490816,0.9577051106324652,4891,4999,4999,1.50906214783046e-07,1.998328520166847e-07
synthetic,gaussian_sparse-separated-n5000-d2-seed42,synthetic,gaussian_sparse,separated_clusters,5000,2,6.0,42,False,32,50,HDBSCAN,exact_single_linkage_pairwise_smallest_common_cluster_size_agreement,ScoreSG Random,score_sg_random,ok,,1.601548198988894,0.2709450789843686,1.8724932779732624,0.2709450789843686,6,1.0,1.0,0.851851413759999,0.9557902973395932,4886,4999,4999,1.5106064193611977e-07,1.99935073544684e-07
synthetic,gaussian_sparse-separated-n5000-d2-seed42,synthetic,gaussian_sparse,separated_clusters,5000,2,6.0,42,False,31,50,HDBSCAN,exact_single_linkage_pairwise_smallest_common_cluster_size_agreement,HDBSCAN,hdbscan_generic,ok,,1.6648701270169113,0.0,1.6648701270169113,1.6648701270169113,6,1.0,1.0,1.0,1.0,4999,4999,4999,0.0,0.0
synthetic,gaussian_sparse-separated-n5000-d2-seed42,synthetic,gaussian_sparse,separated_clusters,5000,2,6.0,42,False,31,50,HDBSCAN,exact_single_linkage_pairwise_smallest_common_cluster_size_agreement,Optimized HDBSCAN,optimized_hdbscan,ok,,0.2950148769887164,0.0,0.2950148769887164,0.2950148769887164,6,1.0,1.0,0.999999752416,0.1115063924402445,1003,4999,4999,1.5347809430798943e-14,2.0607655504001364e-14
synthetic,gaussian_sparse-separated-n5000-d2-seed42,synthetic,gaussian_sparse,separated_clusters,5000,2,6.0,42,False,31,50,HDBSCAN,exact_single_linkage_pairwise_smallest_common_cluster_size_agreement,ScoreSG,score_sg,ok,,1.538509764999617,0.2721865409985184,1.8106963059981356,0.2721865409985184,6,1.0,1.0,0.99999960144,0.9716032340761191,4927,4999,4999,1.5002848740716902e-07,1.9837263120930445e-07
synthetic,gaussian_sparse-separated-n5000-d2-seed42,synthetic,gaussian_sparse,separated_clusters,5000,2,6.0,42,False,31,50,HDBSCAN,exact_single_linkage_pairwise_smallest_common_cluster_size_agreement,ScoreSG Random,score_sg_random,ok,,1.601548198988894,0.2628461550048087,1.864394353993703,0.2628461550048087,6,1.0,1.0,0.8518515243839992,0.9696611505122144,4922,4999,4999,1.5018089342769705e-07,1.984733637762033e-07
synthetic,gaussian_sparse-separated-n5000-d2-seed42,synthetic,gaussian_sparse,separated_clusters,5000,2,6.0,42,False,30,50,HDBSCAN,exact_single_linkage_pairwise_smallest_common_cluster_size_agreement,HDBSCAN,hdbscan_generic,ok,,1.6402653460099827,0.0,1.6402653460099827,1.6402653460099827,6,1.0,1.0,1.0,1.0,4999,4999,4999,0.0,0.0
synthetic,gaussian_sparse-separated-n5000-d2-seed42,synthetic,gaussian_sparse,separated_clusters,5000,2,6.0,42,False,30,50,HDBSCAN,exact_single_linkage_pairwise_smallest_common_cluster_size_agreement,Optimized HDBSCAN,optimized_hdbscan,ok,,0.280974043009337,0.0,0.280974043009337,0.280974043009337,6,1.0,1.0,0.999999564928,0.1133630289532294,1018,4999,4999,1.5775064075363346e-14,2.1760715689412834e-14
synthetic,gaussian_sparse-separated-n5000-d2-seed42,synthetic,gaussian_sparse,separated_clusters,5000,2,6.0,42,False,30,50,HDBSCAN,exact_single_linkage_pairwise_smallest_common_cluster_size_agreement,ScoreSG,score_sg,ok,,1.538509764999617,0.2715655950014479,1.8100753600010648,0.2715655950014479,6,1.0,1.0,0.999999078432,0.9677228891950403,4917,4999,4999,1.5174538145308837e-07,1.984614452640296e-07
synthetic,gaussian_sparse-separated-n5000-d2-seed42,synthetic,gaussian_sparse,separated_clusters,5000,2,6.0,42,False,30,50,HDBSCAN,exact_single_linkage_pairwise_smallest_common_cluster_size_agreement,ScoreSG Random,score_sg_random,ok,,1.601548198988894,0.270687780022854,1.872235979011748,0.270687780022854,6,1.0,1.0,0.8518510013759992,0.96578843885175,4912,4999,4999,1.5189984539919358e-07,1.9856242804432089e-07
synthetic,gaussian_sparse-separated-n5000-d2-seed42,synthetic,gaussian_sparse,separated_clusters,5000,2,6.0,42,False,29,50,HDBSCAN,exact_single_linkage_pairwise_smallest_common_cluster_size_agreement,HDBSCAN,hdbscan_generic,ok,,1.623931318987161,0.0,1.623931318987161,1.623931318987161,6,1.0,1.0,1.0,1.0,4999,4999,4999,0.0,0.0
synthetic,gaussian_sparse-separated-n5000-d2-seed42,synthetic,gaussian_sparse,separated_clusters,5000,2,6.0,42,False,29,50,HDBSCAN,exact_single_linkage_pairwise_smallest_common_cluster_size_agreement,Optimized HDBSCAN,optimized_hdbscan,ok,,0.2737756079877727,0.0,0.2737756079877727,0.2737756079877727,6,1.0,1.0,0.999999600864,0.1065855008301051,963,4999,4999,1.5898872157653238e-14,2.201025640248608e-14
synthetic,gaussian_sparse-separated-n5000-d2-seed42,synthetic,gaussian_sparse,separated_clusters,5000,2,6.0,42,False,29,50,HDBSCAN,exact_single_linkage_pairwise_smallest_common_cluster_size_agreement,ScoreSG,score_sg,ok,,1.538509764999617,0.2716379939811304,1.8101477589807475,0.2716379939811304,6,1.0,1.0,0.999999403808,0.9684977357747588,4919,4999,4999,1.4876324260886165e-07,1.9447681245983215e-07
synthetic,gaussian_sparse-separated-n5000-d2-seed42,synthetic,gaussian_sparse,separated_clusters,5000,2,6.0,42,False,29,50,HDBSCAN,exact_single_linkage_pairwise_smallest_common_cluster_size_agreement,ScoreSG Random,score_sg_random,ok,,1.601548198988894,0.2681334759981837,1.8696816749870775,0.2681334759981837,6,1.0,1.0,0.851851326751999,0.9665617623918176,4914,4999,4999,1.4891460935876958e-07,1.9457572748197453e-07
synthetic,gaussian_sparse-separated-n5000-d2-seed42,synthetic,gaussian_sparse,separated_clusters,5000,2,6.0,42,False,28,50,HDBSCAN,exact_single_linkage_pairwise_smallest_common_cluster_size_agreement,HDBSCAN,hdbscan_generic,ok,,1.633321758010425,0.0,1.633321758010425,1.633321758010425,6,1.0,1.0,1.0,1.0,4999,4999,4999,0.0,0.0
synthetic,gaussian_sparse-separated-n5000-d2-seed42,synthetic,gaussian_sparse,separated_clusters,5000,2,6.0,42,False,28,50,HDBSCAN,exact_single_linkage_pairwise_smallest_common_cluster_size_agreement,Optimized HDBSCAN,optimized_hdbscan,ok,,0.2747526410093996,0.0,0.2747526410093996,0.2747526410093996,6,1.0,1.0,0.99999962864,0.1102720710716268,993,4999,4999,1.6423055150346968e-14,2.2961591915633552e-14
synthetic,gaussian_sparse-separated-n5000-d2-seed42,synthetic,gaussian_sparse,separated_clusters,5000,2,6.0,42,False,28,50,HDBSCAN,exact_single_linkage_pairwise_smallest_common_cluster_size_agreement,ScoreSG,score_sg,ok,,1.538509764999617,0.2720158660085872,1.810525631008204,0.2720158660085872,6,1.0,1.0,0.999999333152,0.962315996074583,4903,4999,4999,1.4681453646803448e-07,1.947028983874534e-07
synthetic,gaussian_sparse-separated-n5000-d2-seed42,synthetic,gaussian_sparse,separated_clusters,5000,2,6.0,42,False,28,50,HDBSCAN,exact_single_linkage_pairwise_smallest_common_cluster_size_agreement,ScoreSG Random,score_sg_random,ok,,1.601548198988894,0.2698752570140641,1.871423456002958,0.2698752570140641,6,1.0,1.0,0.8518512560959994,0.9603921568627451,4898,4999,4999,1.4696440839093026e-07,1.9480225181453852e-07
synthetic,gaussian_sparse-separated-n5000-d2-seed42,synthetic,gaussian_sparse,separated_clusters,5000,2,6.0,42,False,27,50,HDBSCAN,exact_single_linkage_pairwise_smallest_common_cluster_size_agreement,HDBSCAN,hdbscan_generic,ok,,1.627102852013195,0.0,1.627102852013195,1.627102852013195,6,1.0,1.0,1.0,1.0,4999,4999,4999,0.0,0.0
synthetic,gaussian_sparse-separated-n5000-d2-seed42,synthetic,gaussian_sparse,separated_clusters,5000,2,6.0,42,False,27,50,HDBSCAN,exact_single_linkage_pairwise_smallest_common_cluster_size_agreement,Optimized HDBSCAN,optimized_hdbscan,ok,,0.2745247200073208,0.0,0.2745247200073208,0.2745247200073208,6,1.0,1.0,0.999999589152,0.1137351008131892,1021,4999,4999,1.7504661339973855e-14,2.381477319772813e-14
synthetic,gaussian_sparse-separated-n5000-d2-seed42,synthetic,gaussian_sparse,separated_clusters,5000,2,6.0,42,False,27,50,HDBSCAN,exact_single_linkage_pairwise_smallest_common_cluster_size_agreement,ScoreSG,score_sg,ok,,1.538509764999617,0.2748775930085685,1.8133873580081852,0.2748775930085685,6,1.0,1.0,0.999999324288,0.9661750245821042,4913,4999,4999,1.528085178533993e-07,1.997432425118716e-07
synthetic,gaussian_sparse-separated-n5000-d2-seed42,synthetic,gaussian_sparse,separated_clusters,5000,2,6.0,42,False,27,50,HDBSCAN,exact_single_linkage_pairwise_smallest_common_cluster_size_agreement,ScoreSG Random,score_sg_random,ok,,1.601548198988894,0.2764003140036948,1.8779485129925888,0.2764003140036948,6,1.0,1.0,0.8518512472319991,0.9642436149312376,4908,4999,4999,1.5296419075178358e-07,1.9984496031777792e-07
synthetic,gaussian_sparse-separated-n5000-d2-seed42,synthetic,gaussian_sparse,separated_clusters,5000,2,6.0,42,False,26,50,HDBSCAN,exact_single_linkage_pairwise_smallest_common_cluster_size_agreement,HDBSCAN,hdbscan_generic,ok,,1.6591199949907605,0.0,1.6591199949907605,1.6591199949907605,6,1.0,1.0,1.0,1.0,4999,4999,4999,0.0,0.0
synthetic,gaussian_sparse-separated-n5000-d2-seed42,synthetic,gaussian_sparse,separated_clusters,5000,2,6.0,42,False,26,50,HDBSCAN,exact_single_linkage_pairwise_smallest_common_cluster_size_agreement,Optimized HDBSCAN,optimized_hdbscan,ok,,0.2741819369839504,0.0,0.2741819369839504,0.2741819369839504,6,1.0,1.0,0.999999571136,0.1129912056105977,1015,4999,4999,1.740415419882613e-14,2.388306729419e-14
synthetic,gaussian_sparse-separated-n5000-d2-seed42,synthetic,gaussian_sparse,separated_clusters,5000,2,6.0,42,False,26,50,HDBSCAN,exact_single_linkage_pairwise_smallest_common_cluster_size_agreement,ScoreSG,score_sg,ok,,1.538509764999617,0.2762633939855732,1.81477315898519,0.2762633939855732,6,1.0,1.0,0.999999440928,0.9554077840797968,4885,4999,4999,1.516970464035837e-07,2.0039839476123438e-07
synthetic,gaussian_sparse-separated-n5000-d2-seed42,synthetic,gaussian_sparse,separated_clusters,5000,2,6.0,42,False,26,50,HDBSCAN,exact_single_linkage_pairwise_smallest_common_cluster_size_agreement,ScoreSG Random,score_sg_random,ok,,1.601548198988894,0.274379194015637,1.875927393004531,0.274379194015637,6,1.0,1.0,0.8518513638719992,0.9534974599452912,4880,4999,4999,1.5185247370440768e-07,2.005010315898641e-07
synthetic,gaussian_sparse-separated-n5000-d2-seed42,synthetic,gaussian_sparse,separated_clusters,5000,2,6.0,42,False,25,50,HDBSCAN,exact_single_linkage_pairwise_smallest_common_cluster_size_agreement,HDBSCAN,hdbscan_generic,ok,,1.6339849939977285,0.0,1.6339849939977285,1.6339849939977285,6,1.0,1.0,1.0,1.0,4999,4999,4999,0.0,0.0
synthetic,gaussian_sparse-separated-n5000-d2-seed42,synthetic,gaussian_sparse,separated_clusters,5000,2,6.0,42,False,25,50,HDBSCAN,exact_single_linkage_pairwise_smallest_common_cluster_size_agreement,Optimized HDBSCAN,optimized_hdbscan,ok,,0.2728816599992569,0.0,0.2728816599992569,0.2728816599992569,6,1.0,1.0,0.999999545568,0.1223619218679838,1090,4999,4999,1.7269009871427512e-14,2.4211439997491562e-14
synthetic,gaussian_sparse-separated-n5000-d2-seed42,synthetic,gaussian_sparse,separated_clusters,5000,2,6.0,42,False,25,50,HDBSCAN,exact_single_linkage_pairwise_smallest_common_cluster_size_agreement,ScoreSG,score_sg,ok,,1.538509764999617,0.2732573340181261,1.811767099017743,0.2732573340181261,6,1.0,1.0,0.999999114048,0.9569387355646898,4889,4999,4999,1.484334095085261e-07,1.967934495273582e-07
synthetic,gaussian_sparse-separated-n5000-d2-seed42,synthetic,gaussian_sparse,separated_clusters,5000,2,6.0,42,False,25,50,HDBSCAN,exact_single_linkage_pairwise_smallest_common_cluster_size_agreement,ScoreSG Random,score_sg_random,ok,,1.601548198988894,0.2683270029956475,1.8698752019845413,0.2683270029956475,6,1.0,1.0,0.8518510369919996,0.9550254204145484,4884,4999,4999,1.4858536836265098e-07,1.9689415750668797e-07
synthetic,gaussian_sparse-separated-n5000-d2-seed42,synthetic,gaussian_sparse,separated_clusters,5000,2,6.0,42,False,24,50,HDBSCAN,exact_single_linkage_pairwise_smallest_common_cluster_size_agreement,HDBSCAN,hdbscan_generic,ok,,1.6298681929765737,0.0,1.6298681929765737,1.6298681929765737,6,1.0,1.0,1.0,1.0,4999,4999,4999,0.0,0.0
synthetic,gaussian_sparse-separated-n5000-d2-seed42,synthetic,gaussian_sparse,separated_clusters,5000,2,6.0,42,False,24,50,HDBSCAN,exact_single_linkage_pairwise_smallest_common_cluster_size_agreement,Optimized HDBSCAN,optimized_hdbscan,ok,,0.2833823670225683,0.0,0.2833823670225683,0.2833823670225683,6,1.0,1.0,0.999999559648,0.1290796160361377,1143,4999,4999,1.8214833257915927e-14,2.446468490541953e-14
synthetic,gaussian_sparse-separated-n5000-d2-seed42,synthetic,gaussian_sparse,separated_clusters,5000,2,6.0,42,False,24,50,HDBSCAN,exact_single_linkage_pairwise_smallest_common_cluster_size_agreement,ScoreSG,score_sg,ok,,1.538509764999617,0.270839579985477,1.809349344985094,0.270839579985477,6,1.0,1.0,0.999999126048,0.959623676989416,4896,4999,4999,1.49017729284766e-07,1.9643871560733986e-07
synthetic,gaussian_sparse-separated-n5000-d2-seed42,synthetic,gaussian_sparse,separated_clusters,5000,2,6.0,42,False,24,50,HDBSCAN,exact_single_linkage_pairwise_smallest_common_cluster_size_agreement,ScoreSG Random,score_sg_random,ok,,1.601548198988894,0.2728176539822016,1.874365852971096,0.2728176539822016,6,1.0,1.0,0.8518510489919993,0.9577051106324652,4891,4999,4999,1.491700679971821e-07,1.9653909821678762e-07
synthetic,gaussian_sparse-separated-n5000-d2-seed42,synthetic,gaussian_sparse,separated_clusters,5000,2,6.0,42,False,23,50,HDBSCAN,exact_single_linkage_pairwise_smallest_common_cluster_size_agreement,HDBSCAN,hdbscan_generic,ok,,1.6946517360047435,0.0,1.6946517360047435,1.6946517360047435,6,1.0,1.0,1.0,1.0,4999,4999,4999,0.0,0.0
synthetic,gaussian_sparse-separated-n5000-d2-seed42,synthetic,gaussian_sparse,separated_clusters,5000,2,6.0,42,False,23,50,HDBSCAN,exact_single_linkage_pairwise_smallest_common_cluster_size_agreement,Optimized HDBSCAN,optimized_hdbscan,ok,,0.2741849409940187,0.0,0.2741849409940187,0.2741849409940187,6,1.0,1.0,0.999999350912,0.1286972228494016,1140,4999,4999,1.8679843247264417e-14,2.5475316537163168e-14
synthetic,gaussian_sparse-separated-n5000-d2-seed42,synthetic,gaussian_sparse,separated_clusters,5000,2,6.0,42,False,23,50,HDBSCAN,exact_single_linkage_pairwise_smallest_common_cluster_size_agreement,ScoreSG,score_sg,ok,,1.538509764999617,0.2768846330000087,1.8153943979996257,0.2768846330000087,6,1.0,1.0,0.9999989168,0.9474094273470978,4864,4999,4999,1.501653965885657e-07,1.971285632240034e-07
synthetic,gaussian_sparse-separated-n5000-d2-seed42,synthetic,gaussian_sparse,separated_clusters,5000,2,6.0,42,False,23,50,HDBSCAN,exact_single_linkage_pairwise_smallest_common_cluster_size_agreement,ScoreSG Random,score_sg_random,ok,,1.601548198988894,0.2743378189916257,1.87588601798052,0.2743378189916257,6,1.0,1.0,0.8518508397439994,0.9455146915742364,4859,4999,4999,1.5031991953134118e-07,1.972299615966488e-07
synthetic,gaussian_sparse-separated-n5000-d2-seed42,synthetic,gaussian_sparse,separated_clusters,5000,2,6.0,42,False,22,50,HDBSCAN,exact_single_linkage_pairwise_smallest_common_cluster_size_agreement,HDBSCAN,hdbscan_generic,ok,,1.6415457840193994,0.0,1.6415457840193994,1.6415457840193994,6,1.0,1.0,1.0,1.0,4999,4999,4999,0.0,0.0
synthetic,gaussian_sparse-separated-n5000-d2-seed42,synthetic,gaussian_sparse,separated_clusters,5000,2,6.0,42,False,22,50,HDBSCAN,exact_single_linkage_pairwise_smallest_common_cluster_size_agreement,Optimized HDBSCAN,optimized_hdbscan,ok,,0.2753827210108284,0.0,0.2753827210108284,0.2753827210108284,6,1.0,1.0,0.99999932896,0.1302283517974225,1152,4999,4999,1.849428451818532e-14,2.528940833279877e-14
synthetic,gaussian_sparse-separated-n5000-d2-seed42,synthetic,gaussian_sparse,separated_clusters,5000,2,6.0,42,False,22,50,HDBSCAN,exact_single_linkage_pairwise_smallest_common_cluster_size_agreement,ScoreSG,score_sg,ok,,1.538509764999617,0.279233174980618,1.817742939980235,0.279233174980618,6,1.0,1.0,0.999998444544,0.945136186770428,4858,4999,4999,1.495209672981085e-07,1.9798704088242481e-07
synthetic,gaussian_sparse-separated-n5000-d2-seed42,synthetic,gaussian_sparse,separated_clusters,5000,2,6.0,42,False,22,50,HDBSCAN,exact_single_linkage_pairwise_smallest_common_cluster_size_agreement,ScoreSG Random,score_sg_random,ok,,1.601548198988894,0.2692734680022113,1.8708216669911053,0.2692734680022113,6,1.0,1.0,0.8518503674879996,0.943245869776482,4853,4999,4999,1.4967501733571286e-07,1.980890067134015e-07
synthetic,gaussian_sparse-separated-n5000-d2-seed42,synthetic,gaussian_sparse,separated_clusters,5000,2,6.0,42,False,21,50,HDBSCAN,exact_single_linkage_pairwise_smallest_common_cluster_size_agreement,HDBSCAN,hdbscan_generic,ok,,1.7006628979870584,0.0,1.7006628979870584,1.7006628979870584,6,1.0,1.0,1.0,1.0,4999,4999,4999,0.0,0.0
synthetic,gaussian_sparse-separated-n5000-d2-seed42,synthetic,gaussian_sparse,separated_clusters,5000,2,6.0,42,False,21,50,HDBSCAN,exact_single_linkage_pairwise_smallest_common_cluster_size_agreement,Optimized HDBSCAN,optimized_hdbscan,ok,,0.2839696060109418,0.0,0.2839696060109418,0.2839696060109418,6,1.0,1.0,0.999999359424,0.1375583115257708,1209,4999,4999,1.974673756006396e-14,2.6573531086289575e-14
synthetic,gaussian_sparse-separated-n5000-d2-seed42,synthetic,gaussian_sparse,separated_clusters,5000,2,6.0,42,False,21,50,HDBSCAN,exact_single_linkage_pairwise_smallest_common_cluster_size_agreement,ScoreSG,score_sg,ok,,1.538509764999617,0.2800044039904605,1.8185141689900772,0.2800044039904605,6,1.0,1.0,0.999998657056,0.9531158429380738,4879,4999,4999,1.478537652447692e-07,1.9587937642242165e-07
synthetic,gaussian_sparse-separated-n5000-d2-seed42,synthetic,gaussian_sparse,separated_clusters,5000,2,6.0,42,False,21,50,HDBSCAN,exact_single_linkage_pairwise_smallest_common_cluster_size_agreement,ScoreSG Random,score_sg_random,ok,,1.601548198988894,0.2764632730104495,1.8780114719993437,0.2764632730104495,6,1.0,1.0,0.8518505799999994,0.9512099921935988,4874,4999,4999,1.4800544124440545e-07,1.959798222402239e-07
synthetic,gaussian_sparse-separated-n5000-d2-seed42,synthetic,gaussian_sparse,separated_clusters,5000,2,6.0,42,False,20,50,HDBSCAN,exact_single_linkage_pairwise_smallest_common_cluster_size_agreement,HDBSCAN,hdbscan_generic,ok,,1.651030850014649,0.0,1.651030850014649,1.651030850014649,6,1.0,1.0,1.0,1.0,4999,4999,4999,0.0,0.0
synthetic,gaussian_sparse-separated-n5000-d2-seed42,synthetic,gaussian_sparse,separated_clusters,5000,2,6.0,42,False,20,50,HDBSCAN,exact_single_linkage_pairwise_smallest_common_cluster_size_agreement,Optimized HDBSCAN,optimized_hdbscan,ok,,0.2752840470056981,0.0,0.2752840470056981,0.2752840470056981,6,1.0,1.0,0.999999296928,0.1474807758521749,1285,4999,4999,2.0568933499806304e-14,2.7577928197083204e-14
synthetic,gaussian_sparse-separated-n5000-d2-seed42,synthetic,gaussian_sparse,separated_clusters,5000,2,6.0,42,False,20,50,HDBSCAN,exact_single_linkage_pairwise_smallest_common_cluster_size_agreement,ScoreSG,score_sg,ok,,1.538509764999617,0.2747455429926049,1.8132553079922216,0.2747455429926049,6,1.0,1.0,0.999998004992,0.9515908647276986,4875,4999,4999,1.4867577183555826e-07,1.965362694693047e-07
synthetic,gaussian_sparse-separated-n5000-d2-seed42,synthetic,gaussian_sparse,separated_clusters,5000,2,6.0,42,False,20,50,HDBSCAN,exact_single_linkage_pairwise_smallest_common_cluster_size_agreement,ScoreSG Random,score_sg_random,ok,,1.601548198988894,0.2714776880166027,1.8730258870054968,0.2714776880166027,6,1.0,1.0,0.8518499279359997,0.9496879875195008,4870,4999,4999,1.4882841636434285e-07,1.9663713489522587e-07
synthetic,gaussian_sparse-separated-n5000-d2-seed42,synthetic,gaussian_sparse,separated_clusters,5000,2,6.0,42,False,19,50,HDBSCAN,exact_single_linkage_pairwise_smallest_common_cluster_size_agreement,HDBSCAN,hdbscan_generic,ok,,1.659409113985021,0.0,1.659409113985021,1.659409113985021,6,1.0,1.0,1.0,1.0,4999,4999,4999,0.0,0.0
synthetic,gaussian_sparse-separated-n5000-d2-seed42,synthetic,gaussian_sparse,separated_clusters,5000,2,6.0,42,False,19,50,HDBSCAN,exact_single_linkage_pairwise_smallest_common_cluster_size_agreement,Optimized HDBSCAN,optimized_hdbscan,ok,,0.2778884400031529,0.0,0.2778884400031529,0.2778884400031529,6,1.0,1.0,0.99999931856,0.1457712583085033,1272,4999,4999,2.131257260121916e-14,2.9376919450043426e-14
synthetic,gaussian_sparse-separated-n5000-d2-seed42,synthetic,gaussian_sparse,separated_clusters,5000,2,6.0,42,False,19,50,HDBSCAN,exact_single_linkage_pairwise_smallest_common_cluster_size_agreement,ScoreSG,score_sg,ok,,1.538509764999617,0.2863925590063445,1.8249023240059612,0.2863925590063445,6,1.0,1.0,0.999998213792,0.9447578292161058,4857,4999,4999,1.4722444877454472e-07,1.9589075614462117e-07
synthetic,gaussian_sparse-separated-n5000-d2-seed42,synthetic,gaussian_sparse,separated_clusters,5000,2,6.0,42,False,19,50,HDBSCAN,exact_single_linkage_pairwise_smallest_common_cluster_size_agreement,ScoreSG Random,score_sg_random,ok,,1.601548198988894,0.2762837360205594,1.8778319350094532,0.2762837360205594,6,1.0,1.0,0.8518501367359995,0.9428682471822776,4852,4999,4999,1.4737616399298577e-07,1.959916631497909e-07
synthetic,gaussian_sparse-separated-n5000-d2-seed42,synthetic,gaussian_sparse,separated_clusters,5000,2,6.0,42,False,18,50,HDBSCAN,exact_single_linkage_pairwise_smallest_common_cluster_size_agreement,HDBSCAN,hdbscan_generic,ok,,1.6458490579971112,0.0,1.6458490579971112,1.6458490579971112,6,1.0,1.0,1.0,1.0,4999,4999,4999,0.0,0.0
synthetic,gaussian_sparse-separated-n5000-d2-seed42,synthetic,gaussian_sparse,separated_clusters,5000,2,6.0,42,False,18,50,HDBSCAN,exact_single_linkage_pairwise_smallest_common_cluster_size_agreement,Optimized HDBSCAN,optimized_hdbscan,ok,,0.2760500189906452,0.0,0.2760500189906452,0.2760500189906452,6,1.0,1.0,0.999999497824,0.1518433179723502,1318,4999,4999,2.1608463206246893e-14,2.9208528926252514e-14
synthetic,gaussian_sparse-separated-n5000-d2-seed42,synthetic,gaussian_sparse,separated_clusters,5000,2,6.0,42,False,18,50,HDBSCAN,exact_single_linkage_pairwise_smallest_common_cluster_size_agreement,ScoreSG,score_sg,ok,,1.538509764999617,0.2738239619939122,1.812333726993529,0.2738239619939122,6,1.0,1.0,0.999998095456,0.9387240643785146,4841,4999,4999,1.4791521835875089e-07,1.9675311562675386e-07
synthetic,gaussian_sparse-separated-n5000-d2-seed42,synthetic,gaussian_sparse,separated_clusters,5000,2,6.0,42,False,18,50,HDBSCAN,exact_single_linkage_pairwise_smallest_common_cluster_size_agreement,ScoreSG Random,score_sg_random,ok,,1.601548198988894,0.2650738670199644,1.8666220660088584,0.2650738670199644,6,1.0,1.0,0.8518500183999995,0.936846183649748,4836,4999,4999,1.4806814972512745e-07,1.9685480208536247e-07
synthetic,gaussian_sparse-separated-n5000-d2-seed42,synthetic,gaussian_sparse,separated_clusters,5000,2,6.0,42,False,17,50,HDBSCAN,exact_single_linkage_pairwise_smallest_common_cluster_size_agreement,HDBSCAN,hdbscan_generic,ok,,1.6467036649992224,0.0,1.6467036649992224,1.6467036649992224,6,1.0,1.0,1.0,1.0,4999,4999,4999,0.0,0.0
synthetic,gaussian_sparse-separated-n5000-d2-seed42,synthetic,gaussian_sparse,separated_clusters,5000,2,6.0,42,False,17,50,HDBSCAN,exact_single_linkage_pairwise_smallest_common_cluster_size_agreement,Optimized HDBSCAN,optimized_hdbscan,ok,,0.277481652010465,0.0,0.277481652010465,0.277481652010465,6,1.0,1.0,0.999999214976,0.1581142129039731,1365,4999,4999,2.1577458989282815e-14,2.9674860513674595e-14
synthetic,gaussian_sparse-separated-n5000-d2-seed42,synthetic,gaussian_sparse,separated_clusters,5000,2,6.0,42,False,17,50,HDBSCAN,exact_single_linkage_pairwise_smallest_common_cluster_size_agreement,ScoreSG,score_sg,ok,,1.538509764999617,0.2840546760126017,1.8225644410122184,0.2840546760126017,6,1.0,1.0,0.999997744224,0.9455146915742364,4859,4999,4999,1.51805034926255e-07,2.0028120565968365e-07
synthetic,gaussian_sparse-separated-n5000-d2-seed42,synthetic,gaussian_sparse,separated_clusters,5000,2,6.0,42,False,17,50,HDBSCAN,exact_single_linkage_pairwise_smallest_common_cluster_size_agreement,ScoreSG Random,score_sg_random,ok,,1.601548198988894,0.2714341709797736,1.872982369968668,0.2714341709797736,6,1.0,1.0,0.8518496671679993,0.9436236391912908,4854,4999,4999,1.5196140599560698e-07,2.003843317700443e-07
synthetic,gaussian_sparse-separated-n5000-d2-seed42,synthetic,gaussian_sparse,separated_clusters,5000,2,6.0,42,False,16,50,HDBSCAN,exact_single_linkage_pairwise_smallest_common_cluster_size_agreement,HDBSCAN,hdbscan_generic,ok,,1.657962805009447,0.0,1.657962805009447,1.657962805009447,6,1.0,1.0,1.0,1.0,4999,4999,4999,0.0,0.0
synthetic,gaussian_sparse-separated-n5000-d2-seed42,synthetic,gaussian_sparse,separated_clusters,5000,2,6.0,42,False,16,50,HDBSCAN,exact_single_linkage_pairwise_smallest_common_cluster_size_agreement,Optimized HDBSCAN,optimized_hdbscan,ok,,0.2702329430030659,0.0,0.2702329430030659,0.2702329430030659,6,1.0,1.0,0.99999879952,0.1614776951672862,1390,4999,4999,2.30449452486364e-14,3.1265471822866626e-14
synthetic,gaussian_sparse-separated-n5000-d2-seed42,synthetic,gaussian_sparse,separated_clusters,5000,2,6.0,42,False,16,50,HDBSCAN,exact_single_linkage_pairwise_smallest_common_cluster_size_agreement,ScoreSG,score_sg,ok,,1.538509764999617,0.2840631099825259,1.8225728749821428,0.2840631099825259,6,1.0,1.0,0.999997167616,0.9357212003872216,4833,4999,4999,1.505942724330517e-07,2.000803083412598e-07
synthetic,gaussian_sparse-separated-n5000-d2-seed42,synthetic,gaussian_sparse,separated_clusters,5000,2,6.0,42,False,16,50,HDBSCAN,exact_single_linkage_pairwise_smallest_common_cluster_size_agreement,ScoreSG Random,score_sg_random,ok,,1.601548198988894,0.2783008069964126,1.8798490059853064,0.2783008069964126,6,1.0,1.0,0.8518490905599997,0.9338491295938104,4828,4999,4999,1.5075023170359198e-07,2.0018388566783365e-07
synthetic,gaussian_sparse-separated-n5000-d2-seed42,synthetic,gaussian_sparse,separated_clusters,5000,2,6.0,42,False,15,50,HDBSCAN,exact_single_linkage_pairwise_smallest_common_cluster_size_agreement,HDBSCAN,hdbscan_generic,ok,,1.638976908987388,0.0,1.638976908987388,1.638976908987388,6,1.0,1.0,1.0,1.0,4999,4999,4999,0.0,0.0
synthetic,gaussian_sparse-separated-n5000-d2-seed42,synthetic,gaussian_sparse,separated_clusters,5000,2,6.0,42,False,15,50,HDBSCAN,exact_single_linkage_pairwise_smallest_common_cluster_size_agreement,Optimized HDBSCAN,optimized_hdbscan,ok,,0.2739086519868579,0.0,0.2739086519868579,0.2739086519868579,6,1.0,1.0,0.999998980096,0.1618826263800116,1393,4999,4999,2.5881217485011527e-14,3.5335264578641766e-14
synthetic,gaussian_sparse-separated-n5000-d2-seed42,synthetic,gaussian_sparse,separated_clusters,5000,2,6.0,42,False,15,50,HDBSCAN,exact_single_linkage_pairwise_smallest_common_cluster_size_agreement,ScoreSG,score_sg,ok,,1.538509764999617,0.2867671689891722,1.825276933988789,0.2867671689891722,6,1.0,1.0,0.999997034944,0.9282545805207328,4813,4999,4999,1.488739559568801e-07,1.9700442163652858e-07
synthetic,gaussian_sparse-separated-n5000-d2-seed42,synthetic,gaussian_sparse,separated_clusters,5000,2,6.0,42,False,15,50,HDBSCAN,exact_single_linkage_pairwise_smallest_common_cluster_size_agreement,ScoreSG Random,score_sg_random,ok,,1.601548198988894,0.2767203260154929,1.878268525004387,0.2767203260154929,6,1.0,1.0,0.8518489578879993,0.9263969171483624,4808,4999,4999,1.4902877496182762e-07,1.971068307621417e-07
synthetic,gaussian_sparse-separated-n5000-d2-seed42,synthetic,gaussian_sparse,separated_clusters,5000,2,6.0,42,False,14,50,HDBSCAN,exact_single_linkage_pairwise_smallest_common_cluster_size_agreement,HDBSCAN,hdbscan_generic,ok,,1.6532363010046538,0.0,1.6532363010046538,1.6532363010046538,6,1.0,1.0,1.0,1.0,4999,4999,4999,0.0,0.0
synthetic,gaussian_sparse-separated-n5000-d2-seed42,synthetic,gaussian_sparse,separated_clusters,5000,2,6.0,42,False,14,50,HDBSCAN,exact_single_linkage_pairwise_smallest_common_cluster_size_agreement,Optimized HDBSCAN,optimized_hdbscan,ok,,0.2731083889957517,0.0,0.2731083889957517,0.2731083889957517,6,1.0,1.0,0.999999034688,0.1594572654528586,1375,4999,4999,2.6906123793615032e-14,3.6652067393998056e-14
synthetic,gaussian_sparse-separated-n5000-d2-seed42,synthetic,gaussian_sparse,separated_clusters,5000,2,6.0,42,False,14,50,HDBSCAN,exact_single_linkage_pairwise_smallest_common_cluster_size_agreement,ScoreSG,score_sg,ok,,1.538509764999617,0.2872548650193494,1.8257646300189665,0.2872548650193494,6,1.0,1.0,0.999996137792,0.9263969171483624,4808,4999,4999,1.510738304314674e-07,1.9934717735959685e-07
synthetic,gaussian_sparse-separated-n5000-d2-seed42,synthetic,gaussian_sparse,separated_clusters,5000,2,6.0,42,False,14,50,HDBSCAN,exact_single_linkage_pairwise_smallest_common_cluster_size_agreement,ScoreSG Random,score_sg_random,ok,,1.601548198988894,0.2935218079946935,1.8950700069835875,0.2935218079946935,6,1.0,1.0,0.8518480607359997,0.9245428296438885,4803,4999,4999,1.512311007100767e-07,1.994509121729659e-07
synthetic,gaussian_sparse-separated-n5000-d2-seed42,synthetic,gaussian_sparse,separated_clusters,5000,2,6.0,42,False,13,50,HDBSCAN,exact_single_linkage_pairwise_smallest_common_cluster_size_agreement,HDBSCAN,hdbscan_generic,ok,,1.6296826880134176,0.0,1.6296826880134176,1.6296826880134176,6,1.0,1.0,1.0,1.0,4999,4999,4999,0.0,0.0
synthetic,gaussian_sparse-separated-n5000-d2-seed42,synthetic,gaussian_sparse,separated_clusters,5000,2,6.0,42,False,13,50,HDBSCAN,exact_single_linkage_pairwise_smallest_common_cluster_size_agreement,Optimized HDBSCAN,optimized_hdbscan,ok,,0.279764442006126,0.0,0.279764442006126,0.279764442006126,6,1.0,1.0,0.999998466112,0.1813777620229233,1535,4999,4999,2.67813187479039e-14,3.626425946629419e-14
synthetic,gaussian_sparse-separated-n5000-d2-seed42,synthetic,gaussian_sparse,separated_clusters,5000,2,6.0,42,False,13,50,HDBSCAN,exact_single_linkage_pairwise_smallest_common_cluster_size_agreement,ScoreSG,score_sg,ok,,1.538509764999617,0.2803556169965304,1.8188653819961476,0.2803556169965304,6,1.0,1.0,0.999995199936,0.923432089265102,4800,4999,4999,1.4886681385694518e-07,1.965652007438449e-07
synthetic,gaussian_sparse-separated-n5000-d2-seed42,synthetic,gaussian_sparse,separated_clusters,5000,2,6.0,42,False,13,50,HDBSCAN,exact_single_linkage_pairwise_smallest_common_cluster_size_agreement,ScoreSG Random,score_sg_random,ok,,1.601548198988894,0.2777718369907234,1.8793200359796172,0.2777718369907234,6,1.0,1.0,0.8518471228799993,0.9215837017105516,4795,4999,4999,1.4902204515314705e-07,1.9666765850464325e-07
synthetic,gaussian_sparse-separated-n5000-d2-seed42,synthetic,gaussian_sparse,separated_clusters,5000,2,6.0,42,False,12,50,HDBSCAN,exact_single_linkage_pairwise_smallest_common_cluster_size_agreement,HDBSCAN,hdbscan_generic,ok,,1.631884552014526,0.0,1.631884552014526,1.631884552014526,6,1.0,1.0,1.0,1.0,4999,4999,4999,0.0,0.0
synthetic,gaussian_sparse-separated-n5000-d2-seed42,synthetic,gaussian_sparse,separated_clusters,5000,2,6.0,42,False,12,50,HDBSCAN,exact_single_linkage_pairwise_smallest_common_cluster_size_agreement,Optimized HDBSCAN,optimized_hdbscan,ok,,0.270861362980213,0.0,0.270861362980213,0.270861362980213,6,1.0,1.0,0.999998817568,0.1913727359389895,1606,4999,4999,2.878050986960455e-14,3.878013716674363e-14
synthetic,gaussian_sparse-separated-n5000-d2-seed42,synthetic,gaussian_sparse,separated_clusters,5000,2,6.0,42,False,12,50,HDBSCAN,exact_single_linkage_pairwise_smallest_common_cluster_size_agreement,ScoreSG,score_sg,ok,,1.538509764999617,0.2890448389807716,1.8275546039803885,0.2890448389807716,6,1.0,1.0,0.999995812544,0.9167944785276072,4782,4999,4999,1.524599164589371e-07,2.031674460210133e-07
synthetic,gaussian_sparse-separated-n5000-d2-seed42,synthetic,gaussian_sparse,separated_clusters,5000,2,6.0,42,False,12,50,HDBSCAN,exact_single_linkage_pairwise_smallest_common_cluster_size_agreement,ScoreSG Random,score_sg_random,ok,,1.601548198988894,0.2738126130134333,1.8753608120023275,0.2738126130134333,6,1.0,1.0,0.8518477354879999,0.9149588201493968,4777,4999,4999,1.526194935111242e-07,2.0327374406942086e-07
synthetic,gaussian_sparse-separated-n5000-d2-seed42,synthetic,gaussian_sparse,separated_clusters,5000,2,6.0,42,False,11,50,HDBSCAN,exact_single_linkage_pairwise_smallest_common_cluster_size_agreement,HDBSCAN,hdbscan_generic,ok,,1.6719309950130992,0.0,1.6719309950130992,1.6719309950130992,6,1.0,1.0,1.0,1.0,4999,4999,4999,0.0,0.0
synthetic,gaussian_sparse-separated-n5000-d2-seed42,synthetic,gaussian_sparse,separated_clusters,5000,2,6.0,42,False,11,50,HDBSCAN,exact_single_linkage_pairwise_smallest_common_cluster_size_agreement,Optimized HDBSCAN,optimized_hdbscan,ok,,0.2791276579955593,0.0,0.2791276579955593,0.2791276579955593,6,1.0,1.0,0.99999861504,0.212760795730228,1754,4999,4999,2.890483288549344e-14,3.883422699887717e-14
synthetic,gaussian_sparse-separated-n5000-d2-seed42,synthetic,gaussian_sparse,separated_clusters,5000,2,6.0,42,False,11,50,HDBSCAN,exact_single_linkage_pairwise_smallest_common_cluster_size_agreement,ScoreSG,score_sg,ok,,1.538509764999617,0.2858294809993822,1.824339245998999,0.2858294809993822,6,1.0,1.0,0.99999554912,0.9047437607163268,4749,4999,4999,1.4853629055532056e-07,1.983813212607453e-07
synthetic,gaussian_sparse-separated-n5000-d2-seed42,synthetic,gaussian_sparse,separated_clusters,5000,2,6.0,42,False,11,50,HDBSCAN,exact_single_linkage_pairwise_smallest_common_cluster_size_agreement,ScoreSG Random,score_sg_random,ok,,1.601548198988894,0.273980054014828,1.875528253003722,0.273980054014828,6,1.0,1.0,0.8518474720639998,0.9029311001141987,4744,4999,4999,1.4869284229410212e-07,1.9848583700544945e-07
synthetic,gaussian_sparse-separated-n5000-d2-seed42,synthetic,gaussian_sparse,separated_clusters,5000,2,6.0,42,False,10,50,HDBSCAN,exact_single_linkage_pairwise_smallest_common_cluster_size_agreement,HDBSCAN,hdbscan_generic,ok,,1.631060110987164,0.0,1.631060110987164,1.631060110987164,6,1.0,1.0,1.0,1.0,4999,4999,4999,0.0,0.0
synthetic,gaussian_sparse-separated-n5000-d2-seed42,synthetic,gaussian_sparse,separated_clusters,5000,2,6.0,42,False,10,50,HDBSCAN,exact_single_linkage_pairwise_smallest_common_cluster_size_agreement,Optimized HDBSCAN,optimized_hdbscan,ok,,0.2732516340038273,0.0,0.2732516340038273,0.2732516340038273,6,1.0,1.0,0.99999560192,0.2314324424190171,1879,4999,4999,3.020697346091454e-14,4.0994921319166554e-14
synthetic,gaussian_sparse-separated-n5000-d2-seed42,synthetic,gaussian_sparse,separated_clusters,5000,2,6.0,42,False,10,50,HDBSCAN,exact_single_linkage_pairwise_smallest_common_cluster_size_agreement,ScoreSG,score_sg,ok,,1.538509764999617,0.2873234800063073,1.8258332450059245,0.2873234800063073,6,1.0,1.0,0.999995136512,0.8949962092494314,4722,4999,4999,1.4525516659601577e-07,1.9325004371156015e-07
synthetic,gaussian_sparse-separated-n5000-d2-seed42,synthetic,gaussian_sparse,separated_clusters,5000,2,6.0,42,False,10,50,HDBSCAN,exact_single_linkage_pairwise_smallest_common_cluster_size_agreement,ScoreSG Random,score_sg_random,ok,,1.601548198988894,0.2766992789984215,1.8782474779873155,0.2766992789984215,6,1.0,1.0,0.8518470594559993,0.8932020450672221,4717,4999,4999,1.4540913645588077e-07,1.933524386976629e-07
synthetic,gaussian_sparse-separated-n5000-d2-seed42,synthetic,gaussian_sparse,separated_clusters,5000,2,6.0,42,False,9,50,HDBSCAN,exact_single_linkage_pairwise_smallest_common_cluster_size_agreement,HDBSCAN,hdbscan_generic,ok,,1.6354220939974766,0.0,1.6354220939974766,1.6354220939974766,6,1.0,1.0,1.0,1.0,4999,4999,4999,0.0,0.0
synthetic,gaussian_sparse-separated-n5000-d2-seed42,synthetic,gaussian_sparse,separated_clusters,5000,2,6.0,42,False,9,50,HDBSCAN,exact_single_linkage_pairwise_smallest_common_cluster_size_agreement,Optimized HDBSCAN,optimized_hdbscan,ok,,0.2804603829863481,0.0,0.2804603829863481,0.2804603829863481,6,1.0,1.0,0.999998712864,0.2550841074566909,2032,4999,4999,3.2436245427343446e-14,4.451513027707607e-14
synthetic,gaussian_sparse-separated-n5000-d2-seed42,synthetic,gaussian_sparse,separated_clusters,5000,2,6.0,42,False,9,50,HDBSCAN,exact_single_linkage_pairwise_smallest_common_cluster_size_agreement,ScoreSG,score_sg,ok,,1.538509764999617,0.2958354270085692,1.834345192008186,0.2958354270085692,6,1.0,1.0,0.999993837024,0.8978739559605163,4730,4999,4999,1.479735885985307e-07,1.9685756555929478e-07
synthetic,gaussian_sparse-separated-n5000-d2-seed42,synthetic,gaussian_sparse,separated_clusters,5000,2,6.0,42,False,9,50,HDBSCAN,exact_single_linkage_pairwise_smallest_common_cluster_size_agreement,ScoreSG Random,score_sg_random,ok,,1.601548198988894,0.2973768489900976,1.898925047978992,0.2973768489900976,6,1.0,1.0,0.8518457599679992,0.8960743409823629,4725,4999,4999,1.481301744057256e-07,1.9696169546108042e-07
synthetic,gaussian_sparse-separated-n5000-d2-seed42,synthetic,gaussian_sparse,separated_clusters,5000,2,6.0,42,False,8,50,HDBSCAN,exact_single_linkage_pairwise_smallest_common_cluster_size_agreement,HDBSCAN,hdbscan_generic,ok,,1.6619820979831277,0.0,1.6619820979831277,1.6619820979831277,6,1.0,1.0,1.0,1.0,4999,4999,4999,0.0,0.0
synthetic,gaussian_sparse-separated-n5000-d2-seed42,synthetic,gaussian_sparse,separated_clusters,5000,2,6.0,42,False,8,50,HDBSCAN,exact_single_linkage_pairwise_smallest_common_cluster_size_agreement,Optimized HDBSCAN,optimized_hdbscan,ok,,0.2770859339798335,0.0,0.2770859339798335,0.2770859339798335,6,1.0,1.0,0.999997305248,0.2882360520551475,2237,4999,4999,3.4932023498408225e-14,4.698591631409165e-14
synthetic,gaussian_sparse-separated-n5000-d2-seed42,synthetic,gaussian_sparse,separated_clusters,5000,2,6.0,42,False,8,50,HDBSCAN,exact_single_linkage_pairwise_smallest_common_cluster_size_agreement,ScoreSG,score_sg,ok,,1.538509764999617,0.2911348979978356,1.8296446629974523,0.2911348979978356,6,1.0,1.0,0.999989663488,0.8761493713642334,4669,4999,4999,1.506505455146718e-07,2.006738579895857e-07
synthetic,gaussian_sparse-separated-n5000-d2-seed42,synthetic,gaussian_sparse,separated_clusters,5000,2,6.0,42,False,8,50,HDBSCAN,exact_single_linkage_pairwise_smallest_common_cluster_size_agreement,ScoreSG Random,score_sg_random,ok,,1.601548198988894,0.28377485301462,1.885323052003514,0.28377485301462,6,1.0,1.0,0.8518415864319995,0.8743907011623547,4664,4999,4999,1.508120491003443e-07,2.0078139449480637e-07
synthetic,gaussian_sparse-separated-n5000-d2-seed42,synthetic,gaussian_sparse,separated_clusters,5000,2,6.0,42,False,7,50,HDBSCAN,exact_single_linkage_pairwise_smallest_common_cluster_size_agreement,HDBSCAN,hdbscan_generic,ok,,1.6440946829970926,0.0,1.6440946829970926,1.6440946829970926,6,1.0,1.0,1.0,1.0,4999,4999,4999,0.0,0.0
synthetic,gaussian_sparse-separated-n5000-d2-seed42,synthetic,gaussian_sparse,separated_clusters,5000,2,6.0,42,False,7,50,HDBSCAN,exact_single_linkage_pairwise_smallest_common_cluster_size_agreement,Optimized HDBSCAN,optimized_hdbscan,ok,,0.2735592590179294,0.0,0.2735592590179294,0.2735592590179294,6,1.0,1.0,0.999997747808,0.3274030801911843,2466,4999,4999,3.7585554318330473e-14,5.230875926556868e-14
synthetic,gaussian_sparse-separated-n5000-d2-seed42,synthetic,gaussian_sparse,separated_clusters,5000,2,6.0,42,False,7,50,HDBSCAN,exact_single_linkage_pairwise_smallest_common_cluster_size_agreement,ScoreSG,score_sg,ok,,1.538509764999617,0.2904827480087988,1.828992513008416,0.2904827480087988,6,1.0,1.0,0.99998990848,0.8715836765256458,4656,4999,4999,1.4953401090880513e-07,1.989479091438668e-07
synthetic,gaussian_sparse-separated-n5000-d2-seed42,synthetic,gaussian_sparse,separated_clusters,5000,2,6.0,42,False,7,50,HDBSCAN,exact_single_linkage_pairwise_smallest_common_cluster_size_agreement,ScoreSG Random,score_sg_random,ok,,1.601548198988894,0.2887077269842848,1.8902559259731788,0.2887077269842848,6,1.0,1.0,0.8518418314239993,0.8698335515242192,4651,4999,4999,1.4969476559608685e-07,1.9905481866264945e-07
synthetic,gaussian_sparse-separated-n5000-d2-seed42,synthetic,gaussian_sparse,separated_clusters,5000,2,6.0,42,False,6,50,HDBSCAN,exact_single_linkage_pairwise_smallest_common_cluster_size_agreement,HDBSCAN,hdbscan_generic,ok,,1.6438913439924363,0.0,1.6438913439924363,1.6438913439924363,6,1.0,1.0,1.0,1.0,4999,4999,4999,0.0,0.0
synthetic,gaussian_sparse-separated-n5000-d2-seed42,synthetic,gaussian_sparse,separated_clusters,5000,2,6.0,42,False,6,50,HDBSCAN,exact_single_linkage_pairwise_smallest_common_cluster_size_agreement,Optimized HDBSCAN,optimized_hdbscan,ok,,0.2776601410005241,0.0,0.2776601410005241,0.2776601410005241,6,1.0,1.0,0.999997888768,0.3794150110375276,2750,4999,4999,4.194855321690031e-14,5.728828285768491e-14
synthetic,gaussian_sparse-separated-n5000-d2-seed42,synthetic,gaussian_sparse,separated_clusters,5000,2,6.0,42,False,6,50,HDBSCAN,exact_single_linkage_pairwise_smallest_common_cluster_size_agreement,ScoreSG,score_sg,ok,,1.538509764999617,0.286573400022462,1.825083165022079,0.286573400022462,6,1.0,1.0,0.999987869632,0.8484008134590497,4589,4999,4999,1.4741484798428442e-07,1.960701998553641e-07
synthetic,gaussian_sparse-separated-n5000-d2-seed42,synthetic,gaussian_sparse,separated_clusters,5000,2,6.0,42,False,6,50,HDBSCAN,exact_single_linkage_pairwise_smallest_common_cluster_size_agreement,ScoreSG Random,score_sg_random,ok,,1.601548198988894,0.2802663570037111,1.8818145559926047,0.2802663570037111,6,1.0,1.0,0.851839792576,0.8466937569264869,4584,4999,4999,1.475756407931685e-07,1.961771025402902e-07
synthetic,gaussian_sparse-separated-n5000-d2-seed42,synthetic,gaussian_sparse,separated_clusters,5000,2,6.0,42,False,5,50,HDBSCAN,exact_single_linkage_pairwise_smallest_common_cluster_size_agreement,HDBSCAN,hdbscan_generic,ok,,1.6302978140010964,0.0,1.6302978140010964,1.6302978140010964,6,1.0,1.0,1.0,1.0,4999,4999,4999,0.0,0.0
synthetic,gaussian_sparse-separated-n5000-d2-seed42,synthetic,gaussian_sparse,separated_clusters,5000,2,6.0,42,False,5,50,HDBSCAN,exact_single_linkage_pairwise_smallest_common_cluster_size_agreement,Optimized HDBSCAN,optimized_hdbscan,ok,,0.2826508230064064,0.0,0.2826508230064064,0.2826508230064064,6,1.0,1.0,0.999997895456,0.4531976744186046,3118,4999,4999,4.508999411818319e-14,6.211474439134245e-14
synthetic,gaussian_sparse-separated-n5000-d2-seed42,synthetic,gaussian_sparse,separated_clusters,5000,2,6.0,42,False,5,50,HDBSCAN,exact_single_linkage_pairwise_smallest_common_cluster_size_agreement,ScoreSG,score_sg,ok,,1.538509764999617,0.2894147330080159,1.8279244980076328,0.2894147330080159,6,1.0,1.0,0.999984773536,0.8344954128440367,4548,4999,4999,1.4104159439018457e-07,1.897348485688441e-07
synthetic,gaussian_sparse-separated-n5000-d2-seed42,synthetic,gaussian_sparse,separated_clusters,5000,2,6.0,42,False,5,50,HDBSCAN,exact_single_linkage_pairwise_smallest_common_cluster_size_agreement,ScoreSG Random,score_sg_random,ok,,1.601548198988894,0.2830494310182985,1.8845976300071925,0.2830494310182985,6,1.0,1.0,0.8518366964799998,0.832813932172319,4543,4999,4999,1.41196823967106e-07,1.8983923040463724e-07
synthetic,gaussian_sparse-separated-n5000-d2-seed42,synthetic,gaussian_sparse,separated_clusters,5000,2,6.0,42,False,4,50,HDBSCAN,exact_single_linkage_pairwise_smallest_common_cluster_size_agreement,HDBSCAN,hdbscan_generic,ok,,1.6915521990158595,0.0,1.6915521990158595,1.6915521990158595,6,1.0,1.0,1.0,1.0,4999,4999,4999,0.0,0.0
synthetic,gaussian_sparse-separated-n5000-d2-seed42,synthetic,gaussian_sparse,separated_clusters,5000,2,6.0,42,False,4,50,HDBSCAN,exact_single_linkage_pairwise_smallest_common_cluster_size_agreement,Optimized HDBSCAN,optimized_hdbscan,ok,,0.2878554159833584,0.0,0.2878554159833584,0.2878554159833584,6,1.0,1.0,0.99999860192,0.571024512884978,3634,4999,4999,5.1229201619826055e-14,7.408191616213937e-14
synthetic,gaussian_sparse-separated-n5000-d2-seed42,synthetic,gaussian_sparse,separated_clusters,5000,2,6.0,42,False,4,50,HDBSCAN,exact_single_linkage_pairwise_smallest_common_cluster_size_agreement,ScoreSG,score_sg,ok,,1.538509764999617,0.2975013320101425,1.8360110970097596,0.2975013320101425,6,1.0,1.0,0.99998592928,0.8053448898519321,4460,4999,4999,1.3790568907425382e-07,1.9063029382560776e-07
synthetic,gaussian_sparse-separated-n5000-d2-seed42,synthetic,gaussian_sparse,separated_clusters,5000,2,6.0,42,False,4,50,HDBSCAN,exact_single_linkage_pairwise_smallest_common_cluster_size_agreement,ScoreSG Random,score_sg_random,ok,,1.601548198988894,0.2925638360029552,1.8941120349918488,0.2925638360029552,6,1.0,1.0,0.8518378522239995,0.8037163990618799,4455,4999,4999,1.3806046537983734e-07,1.9073723930040202e-07
synthetic,gaussian_sparse-separated-n5000-d2-seed42,synthetic,gaussian_sparse,separated_clusters,5000,2,6.0,42,False,3,50,HDBSCAN,exact_single_linkage_pairwise_smallest_common_cluster_size_agreement,HDBSCAN,hdbscan_generic,ok,,1.6763976990187075,0.0,1.6763976990187075,1.6763976990187075,6,1.0,1.0,1.0,1.0,4999,4999,4999,0.0,0.0
synthetic,gaussian_sparse-separated-n5000-d2-seed42,synthetic,gaussian_sparse,separated_clusters,5000,2,6.0,42,False,3,50,HDBSCAN,exact_single_linkage_pairwise_smallest_common_cluster_size_agreement,Optimized HDBSCAN,optimized_hdbscan,ok,,0.308395026018843,0.0,0.308395026018843,0.308395026018843,6,1.0,1.0,0.999999818112,0.7093520259873483,4149,4999,4999,6.270111803160375e-14,9.445734147621397e-14
synthetic,gaussian_sparse-separated-n5000-d2-seed42,synthetic,gaussian_sparse,separated_clusters,5000,2,6.0,42,False,3,50,HDBSCAN,exact_single_linkage_pairwise_smallest_common_cluster_size_agreement,ScoreSG,score_sg,ok,,1.538509764999617,0.2979840570187662,1.836493822018383,0.2979840570187662,6,1.0,1.0,0.999992904672,0.8092652913499819,4472,4999,4999,1.1669247507958343e-07,1.7490189310506326e-07
synthetic,gaussian_sparse-separated-n5000-d2-seed42,synthetic,gaussian_sparse,separated_clusters,5000,2,6.0,42,False,3,50,HDBSCAN,exact_single_linkage_pairwise_smallest_common_cluster_size_agreement,ScoreSG Random,score_sg_random,ok,,1.601548198988894,0.2913828700256999,1.892931069014594,0.2913828700256999,6,1.0,1.0,0.8518448276159998,0.8076297233773277,4467,4999,4999,1.168230912361541e-07,1.749997512748105e-07
synthetic,gaussian_sparse-separated-n5000-d2-seed42,synthetic,gaussian_sparse,separated_clusters,5000,2,6.0,42,False,2,50,HDBSCAN,exact_single_linkage_pairwise_smallest_common_cluster_size_agreement,HDBSCAN,hdbscan_generic,ok,,1.7302754500124138,0.0,1.7302754500124138,1.7302754500124138,824,1.0,0.007906339918577,1.0,1.0,4999,4999,4999,0.0,0.0
synthetic,gaussian_sparse-separated-n5000-d2-seed42,synthetic,gaussian_sparse,separated_clusters,5000,2,6.0,42,False,2,50,HDBSCAN,exact_single_linkage_pairwise_smallest_common_cluster_size_agreement,Optimized HDBSCAN,optimized_hdbscan,ok,,0.3294160069781355,0.0,0.3294160069781355,0.3294160069781355,824,1.0,0.007906339918577,1.0,1.0,4999,4999,4999,9.796445062656533e-14,1.9217933357079987e-13
synthetic,gaussian_sparse-separated-n5000-d2-seed42,synthetic,gaussian_sparse,separated_clusters,5000,2,6.0,42,False,2,50,HDBSCAN,exact_single_linkage_pairwise_smallest_common_cluster_size_agreement,ScoreSG,score_sg,ok,,1.538509764999617,0.2970224189921282,1.835532183991745,0.2970224189921282,6,0.007906339918577,1.0,1.0,1.0,4999,4999,4999,5.18438290831583e-08,1.1676916135041649e-07
synthetic,gaussian_sparse-separated-n5000-d2-seed42,synthetic,gaussian_sparse,separated_clusters,5000,2,6.0,42,False,2,50,HDBSCAN,exact_single_linkage_pairwise_smallest_common_cluster_size_agreement,ScoreSG Random,score_sg_random,ok,,1.601548198988894,0.2925949149939697,1.894143113982864,0.2925949149939697,6,0.007906339918577,1.0,0.8518519229439995,0.9980015987210232,4994,4999,4999,5.189573519878085e-08,1.1682760145284409e-07
synthetic,gaussian_sparse-separated-n5000-d32-seed42,synthetic,gaussian_sparse,separated_clusters,5000,32,6.0,42,False,50,50,HDBSCAN,exact_single_linkage_pairwise_smallest_common_cluster_size_agreement,HDBSCAN,hdbscan_generic,ok,,1.704124245006824,0.0,1.704124245006824,1.704124245006824,6,1.0,1.0,1.0,1.0,4999,4999,4999,0.0,0.0
synthetic,gaussian_sparse-separated-n5000-d32-seed42,synthetic,gaussian_sparse,separated_clusters,5000,32,6.0,42,False,50,50,HDBSCAN,exact_single_linkage_pairwise_smallest_common_cluster_size_agreement,Optimized HDBSCAN,optimized_hdbscan,ok,,0.6623085309984162,0.0,0.6623085309984162,0.6623085309984162,6,1.0,1.0,0.999999935776,0.1153502900490852,1034,4999,4999,7.158683703849946e-15,9.034928774207891e-15
synthetic,gaussian_sparse-separated-n5000-d32-seed42,synthetic,gaussian_sparse,separated_clusters,5000,32,6.0,42,False,50,50,HDBSCAN,exact_single_linkage_pairwise_smallest_common_cluster_size_agreement,ScoreSG,score_sg,ok,,1.6077299250173382,1.0477990144863725e-05,1.607740403007483,1.607740403007483,6,1.0,1.0,0.99999962592,0.9794100178182538,4947,4999,4999,6.179628911968354e-06,0.0002060856408278
synthetic,gaussian_sparse-separated-n5000-d32-seed42,synthetic,gaussian_sparse,separated_clusters,5000,32,6.0,42,False,50,50,HDBSCAN,exact_single_linkage_pairwise_smallest_common_cluster_size_agreement,ScoreSG Random,score_sg_random,ok,,1.6047550799848975,9.960000170394778e-06,1.604765039985068,1.604765039985068,6,1.0,1.0,0.99999962592,0.9794100178182538,4947,4999,4999,6.179628911968354e-06,0.0002060856408278
synthetic,gaussian_sparse-separated-n5000-d32-seed42,synthetic,gaussian_sparse,separated_clusters,5000,32,6.0,42,False,49,50,HDBSCAN,exact_single_linkage_pairwise_smallest_common_cluster_size_agreement,HDBSCAN,hdbscan_generic,ok,,1.6768525459920056,0.0,1.6768525459920056,1.6768525459920056,6,1.0,1.0,1.0,1.0,4999,4999,4999,0.0,0.0
synthetic,gaussian_sparse-separated-n5000-d32-seed42,synthetic,gaussian_sparse,separated_clusters,5000,32,6.0,42,False,49,50,HDBSCAN,exact_single_linkage_pairwise_smallest_common_cluster_size_agreement,Optimized HDBSCAN,optimized_hdbscan,ok,,0.6278614249895327,0.0,0.6278614249895327,0.6278614249895327,6,1.0,1.0,0.999999976192,0.1153502900490852,1034,4999,4999,7.223536190007933e-15,9.209585801215152e-15
synthetic,gaussian_sparse-separated-n5000-d32-seed42,synthetic,gaussian_sparse,separated_clusters,5000,32,6.0,42,False,49,50,HDBSCAN,exact_single_linkage_pairwise_smallest_common_cluster_size_agreement,ScoreSG,score_sg,ok,,1.6077299250173382,0.2743147480068728,1.882044673024211,0.2743147480068728,6,1.0,1.0,0.999999319648,0.980978799286705,4951,4999,4999,1.363224169760842e-05,0.0005007104926258
synthetic,gaussian_sparse-separated-n5000-d32-seed42,synthetic,gaussian_sparse,separated_clusters,5000,32,6.0,42,False,49,50,HDBSCAN,exact_single_linkage_pairwise_smallest_common_cluster_size_agreement,ScoreSG Random,score_sg_random,ok,,1.6047550799848975,0.2723944460158236,1.8771495260007212,0.2723944460158236,6,1.0,1.0,0.999999319648,0.980978799286705,4951,4999,4999,1.363224169760842e-05,0.0005007104926258
synthetic,gaussian_sparse-separated-n5000-d32-seed42,synthetic,gaussian_sparse,separated_clusters,5000,32,6.0,42,False,48,50,HDBSCAN,exact_single_linkage_pairwise_smallest_common_cluster_size_agreement,HDBSCAN,hdbscan_generic,ok,,1.6833517790073529,0.0,1.6833517790073529,1.6833517790073529,6,1.0,1.0,1.0,1.0,4999,4999,4999,0.0,0.0
synthetic,gaussian_sparse-separated-n5000-d32-seed42,synthetic,gaussian_sparse,separated_clusters,5000,32,6.0,42,False,48,50,HDBSCAN,exact_single_linkage_pairwise_smallest_common_cluster_size_agreement,Optimized HDBSCAN,optimized_hdbscan,ok,,0.6251557759824209,0.0,0.6251557759824209,0.6251557759824209,6,1.0,1.0,0.99999996016,0.1351044504995458,1190,4999,4999,7.553621593760604e-15,9.378371274113624e-15
synthetic,gaussian_sparse-separated-n5000-d32-seed42,synthetic,gaussian_sparse,separated_clusters,5000,32,6.0,42,False,48,50,HDBSCAN,exact_single_linkage_pairwise_smallest_common_cluster_size_agreement,ScoreSG,score_sg,ok,,1.6077299250173382,0.2789942490053363,1.8867241740226743,0.2789942490053363,6,1.0,1.0,0.99999985392,0.976279897212888,4939,4999,4999,2.585035314061376e-06,0.0001295906037798
synthetic,gaussian_sparse-separated-n5000-d32-seed42,synthetic,gaussian_sparse,separated_clusters,5000,32,6.0,42,False,48,50,HDBSCAN,exact_single_linkage_pairwise_smallest_common_cluster_size_agreement,ScoreSG Random,score_sg_random,ok,,1.6047550799848975,0.2671931209915783,1.871948200976476,0.2671931209915783,6,1.0,1.0,0.99999985392,0.976279897212888,4939,4999,4999,2.585035314061376e-06,0.0001295906037798
synthetic,gaussian_sparse-separated-n5000-d32-seed42,synthetic,gaussian_sparse,separated_clusters,5000,32,6.0,42,False,47,50,HDBSCAN,exact_single_linkage_pairwise_smallest_common_cluster_size_agreement,HDBSCAN,hdbscan_generic,ok,,1.6897113470186014,0.0,1.6897113470186014,1.6897113470186014,6,1.0,1.0,1.0,1.0,4999,4999,4999,0.0,0.0
synthetic,gaussian_sparse-separated-n5000-d32-seed42,synthetic,gaussian_sparse,separated_clusters,5000,32,6.0,42,False,47,50,HDBSCAN,exact_single_linkage_pairwise_smallest_common_cluster_size_agreement,Optimized HDBSCAN,optimized_hdbscan,ok,,0.6423474890179932,0.0,0.6423474890179932,0.6423474890179932,6,1.0,1.0,0.999999961536,0.1208520179372197,1078,4999,4999,7.0823577882581405e-15,9.053718546279085e-15
synthetic,gaussian_sparse-separated-n5000-d32-seed42,synthetic,gaussian_sparse,separated_clusters,5000,32,6.0,42,False,47,50,HDBSCAN,exact_single_linkage_pairwise_smallest_common_cluster_size_agreement,ScoreSG,score_sg,ok,,1.6077299250173382,0.2775125190091785,1.8852424440265168,0.2775125190091785,6,1.0,1.0,0.999999748768,0.9774525316455696,4942,4999,4999,5.02151411199221e-06,0.0001823828737762
synthetic,gaussian_sparse-separated-n5000-d32-seed42,synthetic,gaussian_sparse,separated_clusters,5000,32,6.0,42,False,47,50,HDBSCAN,exact_single_linkage_pairwise_smallest_common_cluster_size_agreement,ScoreSG Random,score_sg_random,ok,,1.6047550799848975,0.2750203360046725,1.8797754159895703,0.2750203360046725,6,1.0,1.0,0.999999748768,0.9774525316455696,4942,4999,4999,5.02151411199221e-06,0.0001823828737762
synthetic,gaussian_sparse-separated-n5000-d32-seed42,synthetic,gaussian_sparse,separated_clusters,5000,32,6.0,42,False,46,50,HDBSCAN,exact_single_linkage_pairwise_smallest_common_cluster_size_agreement,HDBSCAN,hdbscan_generic,ok,,1.6710646789870225,0.0,1.6710646789870225,1.6710646789870225,6,1.0,1.0,1.0,1.0,4999,4999,4999,0.0,0.0
synthetic,gaussian_sparse-separated-n5000-d32-seed42,synthetic,gaussian_sparse,separated_clusters,5000,32,6.0,42,False,46,50,HDBSCAN,exact_single_linkage_pairwise_smallest_common_cluster_size_agreement,Optimized HDBSCAN,optimized_hdbscan,ok,,0.6405716990120709,0.0,0.6405716990120709,0.6405716990120709,6,1.0,1.0,0.999999965216,0.1211033864095088,1080,4999,4999,7.459876338055403e-15,9.550862852142647e-15
synthetic,gaussian_sparse-separated-n5000-d32-seed42,synthetic,gaussian_sparse,separated_clusters,5000,32,6.0,42,False,46,50,HDBSCAN,exact_single_linkage_pairwise_smallest_common_cluster_size_agreement,ScoreSG,score_sg,ok,,1.6077299250173382,0.2858298660139553,1.8935597910312936,0.2858298660139553,6,1.0,1.0,0.999999689504,0.980978799286705,4951,4999,4999,5.334802917177534e-06,0.000206914767438
synthetic,gaussian_sparse-separated-n5000-d32-seed42,synthetic,gaussian_sparse,separated_clusters,5000,32,6.0,42,False,46,50,HDBSCAN,exact_single_linkage_pairwise_smallest_common_cluster_size_agreement,ScoreSG Random,score_sg_random,ok,,1.6047550799848975,0.2816187140124384,1.886373793997336,0.2816187140124384,6,1.0,1.0,0.999999689504,0.980978799286705,4951,4999,4999,5.334802917177534e-06,0.000206914767438
synthetic,gaussian_sparse-separated-n5000-d32-seed42,synthetic,gaussian_sparse,separated_clusters,5000,32,6.0,42,False,45,50,HDBSCAN,exact_single_linkage_pairwise_smallest_common_cluster_size_agreement,HDBSCAN,hdbscan_generic,ok,,1.6576061729865614,0.0,1.6576061729865614,1.6576061729865614,6,1.0,1.0,1.0,1.0,4999,4999,4999,0.0,0.0
synthetic,gaussian_sparse-separated-n5000-d32-seed42,synthetic,gaussian_sparse,separated_clusters,5000,32,6.0,42,False,45,50,HDBSCAN,exact_single_linkage_pairwise_smallest_common_cluster_size_agreement,Optimized HDBSCAN,optimized_hdbscan,ok,,0.6208205479779281,0.0,0.6208205479779281,0.6208205479779281,6,1.0,1.0,0.999999967296,0.1233707865168539,1098,4999,4999,7.223527584628524e-15,9.22068093407054e-15
synthetic,gaussian_sparse-separated-n5000-d32-seed42,synthetic,gaussian_sparse,separated_clusters,5000,32,6.0,42,False,45,50,HDBSCAN,exact_single_linkage_pairwise_smallest_common_cluster_size_agreement,ScoreSG,score_sg,ok,,1.6077299250173382,0.3153142189839855,1.923044144001324,0.3153142189839855,6,1.0,1.0,0.999999260864,0.97510865270644,4936,4999,4999,9.719178008609527e-06,0.0004693747927459
synthetic,gaussian_sparse-separated-n5000-d32-seed42,synthetic,gaussian_sparse,separated_clusters,5000,32,6.0,42,False,45,50,HDBSCAN,exact_single_linkage_pairwise_smallest_common_cluster_size_agreement,ScoreSG Random,score_sg_random,ok,,1.6047550799848975,0.3010822270007338,1.905837306985632,0.3010822270007338,6,1.0,1.0,0.999999260864,0.97510865270644,4936,4999,4999,9.719178008609527e-06,0.0004693747927459
synthetic,gaussian_sparse-separated-n5000-d32-seed42,synthetic,gaussian_sparse,separated_clusters,5000,32,6.0,42,False,44,50,HDBSCAN,exact_single_linkage_pairwise_smallest_common_cluster_size_agreement,HDBSCAN,hdbscan_generic,ok,,1.7906422200030647,0.0,1.7906422200030647,1.7906422200030647,6,1.0,1.0,1.0,1.0,4999,4999,4999,0.0,0.0
synthetic,gaussian_sparse-separated-n5000-d32-seed42,synthetic,gaussian_sparse,separated_clusters,5000,32,6.0,42,False,44,50,HDBSCAN,exact_single_linkage_pairwise_smallest_common_cluster_size_agreement,Optimized HDBSCAN,optimized_hdbscan,ok,,0.636503748013638,0.0,0.636503748013638,0.636503748013638,6,1.0,1.0,1.0,0.1240022484541877,1103,4999,4999,7.545490373345443e-15,9.478992186116644e-15
synthetic,gaussian_sparse-separated-n5000-d32-seed42,synthetic,gaussian_sparse,separated_clusters,5000,32,6.0,42,False,44,50,HDBSCAN,exact_single_linkage_pairwise_smallest_common_cluster_size_agreement,ScoreSG,score_sg,ok,,1.6077299250173382,0.2806648730183951,1.8883947980357332,0.2806648730183951,6,1.0,1.0,0.999999387456,0.9743285939968404,4934,4999,4999,1.427770365912012e-05,0.0005181429996359
synthetic,gaussian_sparse-separated-n5000-d32-seed42,synthetic,gaussian_sparse,separated_clusters,5000,32,6.0,42,False,44,50,HDBSCAN,exact_single_linkage_pairwise_smallest_common_cluster_size_agreement,ScoreSG Random,score_sg_random,ok,,1.6047550799848975,0.2968778589856811,1.9016329389705788,0.2968778589856811,6,1.0,1.0,0.999999387456,0.9743285939968404,4934,4999,4999,1.427770365912012e-05,0.0005181429996359
synthetic,gaussian_sparse-separated-n5000-d32-seed42,synthetic,gaussian_sparse,separated_clusters,5000,32,6.0,42,False,43,50,HDBSCAN,exact_single_linkage_pairwise_smallest_common_cluster_size_agreement,HDBSCAN,hdbscan_generic,ok,,1.6118625180097297,0.0,1.6118625180097297,1.6118625180097297,6,1.0,1.0,1.0,1.0,4999,4999,4999,0.0,0.0
synthetic,gaussian_sparse-separated-n5000-d32-seed42,synthetic,gaussian_sparse,separated_clusters,5000,32,6.0,42,False,43,50,HDBSCAN,exact_single_linkage_pairwise_smallest_common_cluster_size_agreement,Optimized HDBSCAN,optimized_hdbscan,ok,,0.619735391024733,0.0,0.619735391024733,0.619735391024733,6,1.0,1.0,0.999999871584,0.1219840646392099,1087,4999,4999,7.610798427135985e-15,9.684153302796284e-15
synthetic,gaussian_sparse-separated-n5000-d32-seed42,synthetic,gaussian_sparse,separated_clusters,5000,32,6.0,42,False,43,50,HDBSCAN,exact_single_linkage_pairwise_smallest_common_cluster_size_agreement,ScoreSG,score_sg,ok,,1.6077299250173382,0.2671302500239108,1.874860175041249,0.2671302500239108,6,1.0,1.0,0.999999745408,0.97510865270644,4936,4999,4999,3.2796356500326182e-06,0.0001876294662796
synthetic,gaussian_sparse-separated-n5000-d32-seed42,synthetic,gaussian_sparse,separated_clusters,5000,32,6.0,42,False,43,50,HDBSCAN,exact_single_linkage_pairwise_smallest_common_cluster_size_agreement,ScoreSG Random,score_sg_random,ok,,1.6047550799848975,0.2787612749962136,1.8835163549811116,0.2787612749962136,6,1.0,1.0,0.999999745408,0.97510865270644,4936,4999,4999,3.2796356500326182e-06,0.0001876294662796
synthetic,gaussian_sparse-separated-n5000-d32-seed42,synthetic,gaussian_sparse,separated_clusters,5000,32,6.0,42,False,42,50,HDBSCAN,exact_single_linkage_pairwise_smallest_common_cluster_size_agreement,HDBSCAN,hdbscan_generic,ok,,1.6111083290015813,0.0,1.6111083290015813,1.6111083290015813,6,1.0,1.0,1.0,1.0,4999,4999,4999,0.0,0.0
synthetic,gaussian_sparse-separated-n5000-d32-seed42,synthetic,gaussian_sparse,separated_clusters,5000,32,6.0,42,False,42,50,HDBSCAN,exact_single_linkage_pairwise_smallest_common_cluster_size_agreement,Optimized HDBSCAN,optimized_hdbscan,ok,,0.6255986150063109,0.0,0.6255986150063109,0.6255986150063109,6,1.0,1.0,0.999999961728,0.1144799910823765,1027,4999,4999,7.12099426271746e-15,9.196288749491035e-15
synthetic,gaussian_sparse-separated-n5000-d32-seed42,synthetic,gaussian_sparse,separated_clusters,5000,32,6.0,42,False,42,50,HDBSCAN,exact_single_linkage_pairwise_smallest_common_cluster_size_agreement,ScoreSG,score_sg,ok,,1.6077299250173382,0.3210278500046115,1.9287577750219496,0.3210278500046115,6,1.0,1.0,0.99999975424,0.97510865270644,4936,4999,4999,7.245968001779262e-06,0.000469929500569
synthetic,gaussian_sparse-separated-n5000-d32-seed42,synthetic,gaussian_sparse,separated_clusters,5000,32,6.0,42,False,42,50,HDBSCAN,exact_single_linkage_pairwise_smallest_common_cluster_size_agreement,ScoreSG Random,score_sg_random,ok,,1.6047550799848975,0.2906322419876233,1.895387321972521,0.2906322419876233,6,1.0,1.0,0.99999975424,0.97510865270644,4936,4999,4999,7.245968001779262e-06,0.000469929500569
synthetic,gaussian_sparse-separated-n5000-d32-seed42,synthetic,gaussian_sparse,separated_clusters,5000,32,6.0,42,False,41,50,HDBSCAN,exact_single_linkage_pairwise_smallest_common_cluster_size_agreement,HDBSCAN,hdbscan_generic,ok,,1.6469141100242268,0.0,1.6469141100242268,1.6469141100242268,6,1.0,1.0,1.0,1.0,4999,4999,4999,0.0,0.0
synthetic,gaussian_sparse-separated-n5000-d32-seed42,synthetic,gaussian_sparse,separated_clusters,5000,32,6.0,42,False,41,50,HDBSCAN,exact_single_linkage_pairwise_smallest_common_cluster_size_agreement,Optimized HDBSCAN,optimized_hdbscan,ok,,0.626631514984183,0.0,0.626631514984183,0.626631514984183,6,1.0,1.0,0.99999989872,0.1358782094978414,1196,4999,4999,7.429211463779309e-15,9.42963485757272e-15
synthetic,gaussian_sparse-separated-n5000-d32-seed42,synthetic,gaussian_sparse,separated_clusters,5000,32,6.0,42,False,41,50,HDBSCAN,exact_single_linkage_pairwise_smallest_common_cluster_size_agreement,ScoreSG,score_sg,ok,,1.6077299250173382,0.2892235559993423,1.8969534810166808,0.2892235559993423,6,1.0,1.0,0.999999590048,0.9782350613375544,4944,4999,4999,8.707552417037513e-06,0.000586791478582
synthetic,gaussian_sparse-separated-n5000-d32-seed42,synthetic,gaussian_sparse,separated_clusters,5000,32,6.0,42,False,41,50,HDBSCAN,exact_single_linkage_pairwise_smallest_common_cluster_size_agreement,ScoreSG Random,score_sg_random,ok,,1.6047550799848975,0.2851807660190388,1.8899358460039368,0.2851807660190388,6,1.0,1.0,0.999999590048,0.9782350613375544,4944,4999,4999,8.707552417037513e-06,0.000586791478582
synthetic,gaussian_sparse-separated-n5000-d32-seed42,synthetic,gaussian_sparse,separated_clusters,5000,32,6.0,42,False,40,50,HDBSCAN,exact_single_linkage_pairwise_smallest_common_cluster_size_agreement,HDBSCAN,hdbscan_generic,ok,,1.6196588549937587,0.0,1.6196588549937587,1.6196588549937587,6,1.0,1.0,1.0,1.0,4999,4999,4999,0.0,0.0
synthetic,gaussian_sparse-separated-n5000-d32-seed42,synthetic,gaussian_sparse,separated_clusters,5000,32,6.0,42,False,40,50,HDBSCAN,exact_single_linkage_pairwise_smallest_common_cluster_size_agreement,Optimized HDBSCAN,optimized_hdbscan,ok,,0.6343959619989619,0.0,0.6343959619989619,0.6343959619989619,6,1.0,1.0,0.999999960768,0.136265484714172,1199,4999,4999,7.685076743268515e-15,9.641529926260382e-15
synthetic,gaussian_sparse-separated-n5000-d32-seed42,synthetic,gaussian_sparse,separated_clusters,5000,32,6.0,42,False,40,50,HDBSCAN,exact_single_linkage_pairwise_smallest_common_cluster_size_agreement,ScoreSG,score_sg,ok,,1.6077299250173382,0.2806505289918277,1.888380454009166,0.2806505289918277,6,1.0,1.0,0.999999935104,0.9716032340761191,4927,4999,4999,2.747812320400624e-06,0.0001348146552286
synthetic,gaussian_sparse-separated-n5000-d32-seed42,synthetic,gaussian_sparse,separated_clusters,5000,32,6.0,42,False,40,50,HDBSCAN,exact_single_linkage_pairwise_smallest_common_cluster_size_agreement,ScoreSG Random,score_sg_random,ok,,1.6047550799848975,0.2794801619893405,1.8842352419742383,0.2794801619893405,6,1.0,1.0,0.999999935104,0.9716032340761191,4927,4999,4999,2.747812320400624e-06,0.0001348146552286
synthetic,gaussian_sparse-separated-n5000-d32-seed42,synthetic,gaussian_sparse,separated_clusters,5000,32,6.0,42,False,39,50,HDBSCAN,exact_single_linkage_pairwise_smallest_common_cluster_size_agreement,HDBSCAN,hdbscan_generic,ok,,1.6458825490262825,0.0,1.6458825490262825,1.6458825490262825,6,1.0,1.0,1.0,1.0,4999,4999,4999,0.0,0.0
synthetic,gaussian_sparse-separated-n5000-d32-seed42,synthetic,gaussian_sparse,separated_clusters,5000,32,6.0,42,False,39,50,HDBSCAN,exact_single_linkage_pairwise_smallest_common_cluster_size_agreement,Optimized HDBSCAN,optimized_hdbscan,ok,,0.6367303899896797,0.0,0.6367303899896797,0.6367303899896797,6,1.0,1.0,0.999999955456,0.1352333371182014,1191,4999,4999,7.314235046531343e-15,9.303091579277366e-15
synthetic,gaussian_sparse-separated-n5000-d32-seed42,synthetic,gaussian_sparse,separated_clusters,5000,32,6.0,42,False,39,50,HDBSCAN,exact_single_linkage_pairwise_smallest_common_cluster_size_agreement,ScoreSG,score_sg,ok,,1.6077299250173382,0.296317883010488,1.9040478080278265,0.296317883010488,6,1.0,1.0,0.999999947552,0.970049261083744,4923,4999,4999,6.863743615228526e-07,2.710741966447076e-05
synthetic,gaussian_sparse-separated-n5000-d32-seed42,synthetic,gaussian_sparse,separated_clusters,5000,32,6.0,42,False,39,50,HDBSCAN,exact_single_linkage_pairwise_smallest_common_cluster_size_agreement,ScoreSG Random,score_sg_random,ok,,1.6047550799848975,0.2822269610187504,1.886982041003648,0.2822269610187504,6,1.0,1.0,0.999999947552,0.970049261083744,4923,4999,4999,6.863743615228526e-07,2.710741966447076e-05
synthetic,gaussian_sparse-separated-n5000-d32-seed42,synthetic,gaussian_sparse,separated_clusters,5000,32,6.0,42,False,38,50,HDBSCAN,exact_single_linkage_pairwise_smallest_common_cluster_size_agreement,HDBSCAN,hdbscan_generic,ok,,1.6480955120059662,0.0,1.6480955120059662,1.6480955120059662,6,1.0,1.0,1.0,1.0,4999,4999,4999,0.0,0.0
synthetic,gaussian_sparse-separated-n5000-d32-seed42,synthetic,gaussian_sparse,separated_clusters,5000,32,6.0,42,False,38,50,HDBSCAN,exact_single_linkage_pairwise_smallest_common_cluster_size_agreement,Optimized HDBSCAN,optimized_hdbscan,ok,,0.643229731998872,0.0,0.643229731998872,0.643229731998872,6,1.0,1.0,0.999999938048,0.1342030629608621,1183,4999,4999,7.733458843720321e-15,9.704330037892133e-15
synthetic,gaussian_sparse-separated-n5000-d32-seed42,synthetic,gaussian_sparse,separated_clusters,5000,32,6.0,42,False,38,50,HDBSCAN,exact_single_linkage_pairwise_smallest_common_cluster_size_agreement,ScoreSG,score_sg,ok,,1.6077299250173382,0.2807254079962149,1.8884553330135527,0.2807254079962149,6,1.0,1.0,0.999999938048,0.9712145110410094,4926,4999,4999,3.029342100100692e-07,1.051145300441576e-05
synthetic,gaussian_sparse-separated-n5000-d32-seed42,synthetic,gaussian_sparse,separated_clusters,5000,32,6.0,42,False,38,50,HDBSCAN,exact_single_linkage_pairwise_smallest_common_cluster_size_agreement,ScoreSG Random,score_sg_random,ok,,1.6047550799848975,0.2746345920022577,1.8793896719871557,0.2746345920022577,6,1.0,1.0,0.999999938048,0.9712145110410094,4926,4999,4999,3.029342100100692e-07,1.051145300441576e-05
synthetic,gaussian_sparse-separated-n5000-d32-seed42,synthetic,gaussian_sparse,separated_clusters,5000,32,6.0,42,False,37,50,HDBSCAN,exact_single_linkage_pairwise_smallest_common_cluster_size_agreement,HDBSCAN,hdbscan_generic,ok,,1.6384905879967846,0.0,1.6384905879967846,1.6384905879967846,6,1.0,1.0,1.0,1.0,4999,4999,4999,0.0,0.0
synthetic,gaussian_sparse-separated-n5000-d32-seed42,synthetic,gaussian_sparse,separated_clusters,5000,32,6.0,42,False,37,50,HDBSCAN,exact_single_linkage_pairwise_smallest_common_cluster_size_agreement,Optimized HDBSCAN,optimized_hdbscan,ok,,0.6195689080050215,0.0,0.6195689080050215,0.6195689080050215,6,1.0,1.0,0.999999949248,0.1179693615117969,1055,4999,4999,7.776822892871951e-15,9.866824291324504e-15
synthetic,gaussian_sparse-separated-n5000-d32-seed42,synthetic,gaussian_sparse,separated_clusters,5000,32,6.0,42,False,37,50,HDBSCAN,exact_single_linkage_pairwise_smallest_common_cluster_size_agreement,ScoreSG,score_sg,ok,,1.6077299250173382,0.2827637789887376,1.890493704006076,0.2827637789887376,6,1.0,1.0,0.999999759232,0.972381140264352,4929,4999,4999,5.708616966575717e-06,0.0003908162482287
synthetic,gaussian_sparse-separated-n5000-d32-seed42,synthetic,gaussian_sparse,separated_clusters,5000,32,6.0,42,False,37,50,HDBSCAN,exact_single_linkage_pairwise_smallest_common_cluster_size_agreement,ScoreSG Random,score_sg_random,ok,,1.6047550799848975,0.2757784769928548,1.8805335569777528,0.2757784769928548,6,1.0,1.0,0.999999759232,0.972381140264352,4929,4999,4999,5.708616966575717e-06,0.0003908162482287
synthetic,gaussian_sparse-separated-n5000-d32-seed42,synthetic,gaussian_sparse,separated_clusters,5000,32,6.0,42,False,36,50,HDBSCAN,exact_single_linkage_pairwise_smallest_common_cluster_size_agreement,HDBSCAN,hdbscan_generic,ok,,1.6409566520014778,0.0,1.6409566520014778,1.6409566520014778,6,1.0,1.0,1.0,1.0,4999,4999,4999,0.0,0.0
synthetic,gaussian_sparse-separated-n5000-d32-seed42,synthetic,gaussian_sparse,separated_clusters,5000,32,6.0,42,False,36,50,HDBSCAN,exact_single_linkage_pairwise_smallest_common_cluster_size_agreement,Optimized HDBSCAN,optimized_hdbscan,ok,,0.6166524680156726,0.0,0.6166524680156726,0.6166524680156726,6,1.0,1.0,0.999999899936,0.1238758992805755,1102,4999,4999,7.487456913805956e-15,9.474068953456344e-15
synthetic,gaussian_sparse-separated-n5000-d32-seed42,synthetic,gaussian_sparse,separated_clusters,5000,32,6.0,42,False,36,50,HDBSCAN,exact_single_linkage_pairwise_smallest_common_cluster_size_agreement,ScoreSG,score_sg,ok,,1.6077299250173382,0.2811998630058951,1.8889297880232332,0.2811998630058951,6,1.0,1.0,0.99999989984,0.976279897212888,4939,4999,4999,1.4313731972539328e-07,1.7832540806904385e-07
synthetic,gaussian_sparse-separated-n5000-d32-seed42,synthetic,gaussian_sparse,separated_clusters,5000,32,6.0,42,False,36,50,HDBSCAN,exact_single_linkage_pairwise_smallest_common_cluster_size_agreement,ScoreSG Random,score_sg_random,ok,,1.6047550799848975,0.2849262270028703,1.889681306987768,0.2849262270028703,6,1.0,1.0,0.99999989984,0.976279897212888,4939,4999,4999,1.4313731972539328e-07,1.7832540806904385e-07
synthetic,gaussian_sparse-separated-n5000-d32-seed42,synthetic,gaussian_sparse,separated_clusters,5000,32,6.0,42,False,35,50,HDBSCAN,exact_single_linkage_pairwise_smallest_common_cluster_size_agreement,HDBSCAN,hdbscan_generic,ok,,1.6371027560089717,0.0,1.6371027560089717,1.6371027560089717,6,1.0,1.0,1.0,1.0,4999,4999,4999,0.0,0.0
synthetic,gaussian_sparse-separated-n5000-d32-seed42,synthetic,gaussian_sparse,separated_clusters,5000,32,6.0,42,False,35,50,HDBSCAN,exact_single_linkage_pairwise_smallest_common_cluster_size_agreement,Optimized HDBSCAN,optimized_hdbscan,ok,,0.6237619100138545,0.0,0.6237619100138545,0.6237619100138545,6,1.0,1.0,0.999999900864,0.1248874887488748,1110,4999,4999,7.517110057543087e-15,9.508736740806136e-15
synthetic,gaussian_sparse-separated-n5000-d32-seed42,synthetic,gaussian_sparse,separated_clusters,5000,32,6.0,42,False,35,50,HDBSCAN,exact_single_linkage_pairwise_smallest_common_cluster_size_agreement,ScoreSG,score_sg,ok,,1.6077299250173382,0.2835336400021333,1.891263565019472,0.2835336400021333,6,1.0,1.0,0.99999988464,0.9716032340761191,4927,4999,4999,1.438608842387224e-07,1.8084746503720565e-07
synthetic,gaussian_sparse-separated-n5000-d32-seed42,synthetic,gaussian_sparse,separated_clusters,5000,32,6.0,42,False,35,50,HDBSCAN,exact_single_linkage_pairwise_smallest_common_cluster_size_agreement,ScoreSG Random,score_sg_random,ok,,1.6047550799848975,0.2813072279968764,1.8860623079817744,0.2813072279968764,6,1.0,1.0,0.99999988464,0.9716032340761191,4927,4999,4999,1.438608842387224e-07,1.8084746503720565e-07
synthetic,gaussian_sparse-separated-n5000-d32-seed42,synthetic,gaussian_sparse,separated_clusters,5000,32,6.0,42,False,34,50,HDBSCAN,exact_single_linkage_pairwise_smallest_common_cluster_size_agreement,HDBSCAN,hdbscan_generic,ok,,1.6454485960130114,0.0,1.6454485960130114,1.6454485960130114,6,1.0,1.0,1.0,1.0,4999,4999,4999,0.0,0.0
synthetic,gaussian_sparse-separated-n5000-d32-seed42,synthetic,gaussian_sparse,separated_clusters,5000,32,6.0,42,False,34,50,HDBSCAN,exact_single_linkage_pairwise_smallest_common_cluster_size_agreement,Optimized HDBSCAN,optimized_hdbscan,ok,,0.6253647140110843,0.0,0.6253647140110843,0.6253647140110843,6,1.0,1.0,0.99999986144,0.1020723104056437,926,4999,4999,7.636320181903401e-15,9.707559883284162e-15
synthetic,gaussian_sparse-separated-n5000-d32-seed42,synthetic,gaussian_sparse,separated_clusters,5000,32,6.0,42,False,34,50,HDBSCAN,exact_single_linkage_pairwise_smallest_common_cluster_size_agreement,ScoreSG,score_sg,ok,,1.6077299250173382,0.2830442410195246,1.8907741660368629,0.2830442410195246,6,1.0,1.0,0.999999861408,0.9712145110410094,4926,4999,4999,1.4238968438713417e-07,1.773691058958871e-07
synthetic,gaussian_sparse-separated-n5000-d32-seed42,synthetic,gaussian_sparse,separated_clusters,5000,32,6.0,42,False,34,50,HDBSCAN,exact_single_linkage_pairwise_smallest_common_cluster_size_agreement,ScoreSG Random,score_sg_random,ok,,1.6047550799848975,0.2853045219962951,1.8900596019811928,0.2853045219962951,6,1.0,1.0,0.999999861408,0.9712145110410094,4926,4999,4999,1.4238968438713417e-07,1.773691058958871e-07
synthetic,gaussian_sparse-separated-n5000-d32-seed42,synthetic,gaussian_sparse,separated_clusters,5000,32,6.0,42,False,33,50,HDBSCAN,exact_single_linkage_pairwise_smallest_common_cluster_size_agreement,HDBSCAN,hdbscan_generic,ok,,1.6463024849945214,0.0,1.6463024849945214,1.6463024849945214,6,1.0,1.0,1.0,1.0,4999,4999,4999,0.0,0.0
synthetic,gaussian_sparse-separated-n5000-d32-seed42,synthetic,gaussian_sparse,separated_clusters,5000,32,6.0,42,False,33,50,HDBSCAN,exact_single_linkage_pairwise_smallest_common_cluster_size_agreement,Optimized HDBSCAN,optimized_hdbscan,ok,,0.6114651690004393,0.0,0.6114651690004393,0.6114651690004393,6,1.0,1.0,0.999999974112,0.0991644678979771,902,4999,4999,7.683432604124254e-15,9.697251167334124e-15
synthetic,gaussian_sparse-separated-n5000-d32-seed42,synthetic,gaussian_sparse,separated_clusters,5000,32,6.0,42,False,33,50,HDBSCAN,exact_single_linkage_pairwise_smallest_common_cluster_size_agreement,ScoreSG,score_sg,ok,,1.6077299250173382,0.2860531840124167,1.893783109029755,0.2860531840124167,6,1.0,1.0,0.99999997408,0.9669486523706472,4915,4999,4999,1.4267582840471476e-07,1.7811219594323058e-07
synthetic,gaussian_sparse-separated-n5000-d32-seed42,synthetic,gaussian_sparse,separated_clusters,5000,32,6.0,42,False,33,50,HDBSCAN,exact_single_linkage_pairwise_smallest_common_cluster_size_agreement,ScoreSG Random,score_sg_random,ok,,1.6047550799848975,0.2804690680059138,1.885224147990812,0.2804690680059138,6,1.0,1.0,0.99999997408,0.9669486523706472,4915,4999,4999,1.4267582840471476e-07,1.7811219594323058e-07
synthetic,gaussian_sparse-separated-n5000-d32-seed42,synthetic,gaussian_sparse,separated_clusters,5000,32,6.0,42,False,32,50,HDBSCAN,exact_single_linkage_pairwise_smallest_common_cluster_size_agreement,HDBSCAN,hdbscan_generic,ok,,1.6651563060004264,0.0,1.6651563060004264,1.6651563060004264,6,1.0,1.0,1.0,1.0,4999,4999,4999,0.0,0.0
synthetic,gaussian_sparse-separated-n5000-d32-seed42,synthetic,gaussian_sparse,separated_clusters,5000,32,6.0,42,False,32,50,HDBSCAN,exact_single_linkage_pairwise_smallest_common_cluster_size_agreement,Optimized HDBSCAN,optimized_hdbscan,ok,,0.6129222190065775,0.0,0.6129222190065775,0.6129222190065775,6,1.0,1.0,0.999999925664,0.096993636164143,884,4999,4999,7.681638131015054e-15,9.815559861964124e-15
synthetic,gaussian_sparse-separated-n5000-d32-seed42,synthetic,gaussian_sparse,separated_clusters,5000,32,6.0,42,False,32,50,HDBSCAN,exact_single_linkage_pairwise_smallest_common_cluster_size_agreement,ScoreSG,score_sg,ok,,1.6077299250173382,0.2926162770017981,1.9003462020191364,0.2926162770017981,6,1.0,1.0,0.999999937952,0.9627012171181782,4904,4999,4999,1.4048203252838038e-07,1.7576336967471436e-07
synthetic,gaussian_sparse-separated-n5000-d32-seed42,synthetic,gaussian_sparse,separated_clusters,5000,32,6.0,42,False,32,50,HDBSCAN,exact_single_linkage_pairwise_smallest_common_cluster_size_agreement,ScoreSG Random,score_sg_random,ok,,1.6047550799848975,0.2846465139882639,1.8894015939731617,0.2846465139882639,6,1.0,1.0,0.999999937952,0.9627012171181782,4904,4999,4999,1.4048203252838038e-07,1.7576336967471436e-07
synthetic,gaussian_sparse-separated-n5000-d32-seed42,synthetic,gaussian_sparse,separated_clusters,5000,32,6.0,42,False,31,50,HDBSCAN,exact_single_linkage_pairwise_smallest_common_cluster_size_agreement,HDBSCAN,hdbscan_generic,ok,,1.6097489329986274,0.0,1.6097489329986274,1.6097489329986274,6,1.0,1.0,1.0,1.0,4999,4999,4999,0.0,0.0
synthetic,gaussian_sparse-separated-n5000-d32-seed42,synthetic,gaussian_sparse,separated_clusters,5000,32,6.0,42,False,31,50,HDBSCAN,exact_single_linkage_pairwise_smallest_common_cluster_size_agreement,Optimized HDBSCAN,optimized_hdbscan,ok,,0.6151025230064988,0.0,0.6151025230064988,0.6151025230064988,6,1.0,1.0,0.99999993808,0.0954311383806289,871,4999,4999,7.574499772138381e-15,9.648697365937068e-15
synthetic,gaussian_sparse-separated-n5000-d32-seed42,synthetic,gaussian_sparse,separated_clusters,5000,32,6.0,42,False,31,50,HDBSCAN,exact_single_linkage_pairwise_smallest_common_cluster_size_agreement,ScoreSG,score_sg,ok,,1.6077299250173382,0.2928299370105378,1.900559862027876,0.2928299370105378,6,1.0,1.0,0.999999935328,0.9758893280632412,4938,4999,4999,1.420233655623232e-07,1.780528310723351e-07
synthetic,gaussian_sparse-separated-n5000-d32-seed42,synthetic,gaussian_sparse,separated_clusters,5000,32,6.0,42,False,31,50,HDBSCAN,exact_single_linkage_pairwise_smallest_common_cluster_size_agreement,ScoreSG Random,score_sg_random,ok,,1.6047550799848975,0.2826442240038886,1.8873993039887864,0.2826442240038886,6,1.0,1.0,0.999999935328,0.9758893280632412,4938,4999,4999,1.420233655623232e-07,1.780528310723351e-07
synthetic,gaussian_sparse-separated-n5000-d32-seed42,synthetic,gaussian_sparse,separated_clusters,5000,32,6.0,42,False,30,50,HDBSCAN,exact_single_linkage_pairwise_smallest_common_cluster_size_agreement,HDBSCAN,hdbscan_generic,ok,,1.6431945690128489,0.0,1.6431945690128489,1.6431945690128489,6,1.0,1.0,1.0,1.0,4999,4999,4999,0.0,0.0
synthetic,gaussian_sparse-separated-n5000-d32-seed42,synthetic,gaussian_sparse,separated_clusters,5000,32,6.0,42,False,30,50,HDBSCAN,exact_single_linkage_pairwise_smallest_common_cluster_size_agreement,Optimized HDBSCAN,optimized_hdbscan,ok,,0.6166617059789132,0.0,0.6166617059789132,0.6166617059789132,6,1.0,1.0,0.99999992816,0.0961517377480539,877,4999,4999,8.085259308638483e-15,1.0169548153651702e-14
synthetic,gaussian_sparse-separated-n5000-d32-seed42,synthetic,gaussian_sparse,separated_clusters,5000,32,6.0,42,False,30,50,HDBSCAN,exact_single_linkage_pairwise_smallest_common_cluster_size_agreement,ScoreSG,score_sg,ok,,1.6077299250173382,0.2910043020092416,1.89873422702658,0.2910043020092416,6,1.0,1.0,0.999999927392,0.9684977357747588,4919,4999,4999,1.4094986111556176e-07,1.75721512409802e-07
synthetic,gaussian_sparse-separated-n5000-d32-seed42,synthetic,gaussian_sparse,separated_clusters,5000,32,6.0,42,False,30,50,HDBSCAN,exact_single_linkage_pairwise_smallest_common_cluster_size_agreement,ScoreSG Random,score_sg_random,ok,,1.6047550799848975,0.2891594980028458,1.8939145779877435,0.2891594980028458,6,1.0,1.0,0.999999927392,0.9684977357747588,4919,4999,4999,1.4094986111556176e-07,1.75721512409802e-07
synthetic,gaussian_sparse-separated-n5000-d32-seed42,synthetic,gaussian_sparse,separated_clusters,5000,32,6.0,42,False,29,50,HDBSCAN,exact_single_linkage_pairwise_smallest_common_cluster_size_agreement,HDBSCAN,hdbscan_generic,ok,,1.6325185429886917,0.0,1.6325185429886917,1.6325185429886917,6,1.0,1.0,1.0,1.0,4999,4999,4999,0.0,0.0
synthetic,gaussian_sparse-separated-n5000-d32-seed42,synthetic,gaussian_sparse,separated_clusters,5000,32,6.0,42,False,29,50,HDBSCAN,exact_single_linkage_pairwise_smallest_common_cluster_size_agreement,Optimized HDBSCAN,optimized_hdbscan,ok,,0.6361395760031883,0.0,0.6361395760031883,0.6361395760031883,6,1.0,1.0,0.99999993728,0.096993636164143,884,4999,4999,8.084031182021728e-15,1.0320068188042572e-14
synthetic,gaussian_sparse-separated-n5000-d32-seed42,synthetic,gaussian_sparse,separated_clusters,5000,32,6.0,42,False,29,50,HDBSCAN,exact_single_linkage_pairwise_smallest_common_cluster_size_agreement,ScoreSG,score_sg,ok,,1.6077299250173382,0.2972972340066917,1.90502715902403,0.2972972340066917,6,1.0,1.0,0.99999993728,0.9638577882537812,4907,4999,4999,1.371527465803475e-07,1.731342014397496e-07
synthetic,gaussian_sparse-separated-n5000-d32-seed42,synthetic,gaussian_sparse,separated_clusters,5000,32,6.0,42,False,29,50,HDBSCAN,exact_single_linkage_pairwise_smallest_common_cluster_size_agreement,ScoreSG Random,score_sg_random,ok,,1.6047550799848975,0.2883946399961132,1.893149719981011,0.2883946399961132,6,1.0,1.0,0.99999993728,0.9638577882537812,4907,4999,4999,1.371527465803475e-07,1.731342014397496e-07
synthetic,gaussian_sparse-separated-n5000-d32-seed42,synthetic,gaussian_sparse,separated_clusters,5000,32,6.0,42,False,28,50,HDBSCAN,exact_single_linkage_pairwise_smallest_common_cluster_size_agreement,HDBSCAN,hdbscan_generic,ok,,1.638495368999429,0.0,1.638495368999429,1.638495368999429,6,1.0,1.0,1.0,1.0,4999,4999,4999,0.0,0.0
synthetic,gaussian_sparse-separated-n5000-d32-seed42,synthetic,gaussian_sparse,separated_clusters,5000,32,6.0,42,False,28,50,HDBSCAN,exact_single_linkage_pairwise_smallest_common_cluster_size_agreement,Optimized HDBSCAN,optimized_hdbscan,ok,,0.6130842890124768,0.0,0.6130842890124768,0.6130842890124768,6,1.0,1.0,0.999999917024,0.0846170535908006,780,4999,4999,7.407749627383544e-15,9.495526925164584e-15
synthetic,gaussian_sparse-separated-n5000-d32-seed42,synthetic,gaussian_sparse,separated_clusters,5000,32,6.0,42,False,28,50,HDBSCAN,exact_single_linkage_pairwise_smallest_common_cluster_size_agreement,ScoreSG,score_sg,ok,,1.6077299250173382,0.2873943549930118,1.89512428001035,0.2873943549930118,6,1.0,1.0,0.999999898016,0.9642436149312376,4908,4999,4999,1.377497808916607e-07,1.7331791226310886e-07
synthetic,gaussian_sparse-separated-n5000-d32-seed42,synthetic,gaussian_sparse,separated_clusters,5000,32,6.0,42,False,28,50,HDBSCAN,exact_single_linkage_pairwise_smallest_common_cluster_size_agreement,ScoreSG Random,score_sg_random,ok,,1.6047550799848975,0.2890041020000353,1.893759181984933,0.2890041020000353,6,1.0,1.0,0.999999898016,0.9642436149312376,4908,4999,4999,1.377497808916607e-07,1.7331791226310886e-07
synthetic,gaussian_sparse-separated-n5000-d32-seed42,synthetic,gaussian_sparse,separated_clusters,5000,32,6.0,42,False,27,50,HDBSCAN,exact_single_linkage_pairwise_smallest_common_cluster_size_agreement,HDBSCAN,hdbscan_generic,ok,,1.6150899510248564,0.0,1.6150899510248564,1.6150899510248564,6,1.0,1.0,1.0,1.0,4999,4999,4999,0.0,0.0
synthetic,gaussian_sparse-separated-n5000-d32-seed42,synthetic,gaussian_sparse,separated_clusters,5000,32,6.0,42,False,27,50,HDBSCAN,exact_single_linkage_pairwise_smallest_common_cluster_size_agreement,Optimized HDBSCAN,optimized_hdbscan,ok,,0.6374341589980759,0.0,0.6374341589980759,0.6374341589980759,6,1.0,1.0,0.999999964192,0.0929164844774814,850,4999,4999,7.221413010055961e-15,9.294323291350487e-15
synthetic,gaussian_sparse-separated-n5000-d32-seed42,synthetic,gaussian_sparse,separated_clusters,5000,32,6.0,42,False,27,50,HDBSCAN,exact_single_linkage_pairwise_smallest_common_cluster_size_agreement,ScoreSG,score_sg,ok,,1.6077299250173382,0.2876667120144702,1.8953966370318085,0.2876667120144702,6,1.0,1.0,0.99999995968,0.9580885233059148,4892,4999,4999,1.3710843868066526e-07,1.722438073722841e-07
synthetic,gaussian_sparse-separated-n5000-d32-seed42,synthetic,gaussian_sparse,separated_clusters,5000,32,6.0,42,False,27,50,HDBSCAN,exact_single_linkage_pairwise_smallest_common_cluster_size_agreement,ScoreSG Random,score_sg_random,ok,,1.6047550799848975,0.2857661040034145,1.8905211839883125,0.2857661040034145,6,1.0,1.0,0.99999995968,0.9580885233059148,4892,4999,4999,1.3710843868066526e-07,1.722438073722841e-07
synthetic,gaussian_sparse-separated-n5000-d32-seed42,synthetic,gaussian_sparse,separated_clusters,5000,32,6.0,42,False,26,50,HDBSCAN,exact_single_linkage_pairwise_smallest_common_cluster_size_agreement,HDBSCAN,hdbscan_generic,ok,,1.633471812994685,0.0,1.633471812994685,1.633471812994685,6,1.0,1.0,1.0,1.0,4999,4999,4999,0.0,0.0
synthetic,gaussian_sparse-separated-n5000-d32-seed42,synthetic,gaussian_sparse,separated_clusters,5000,32,6.0,42,False,26,50,HDBSCAN,exact_single_linkage_pairwise_smallest_common_cluster_size_agreement,Optimized HDBSCAN,optimized_hdbscan,ok,,0.626393831014866,0.0,0.626393831014866,0.626393831014866,6,1.0,1.0,0.9999998512,0.089700272479564,823,4999,4999,7.844676710571337e-15,9.93549237483306e-15
synthetic,gaussian_sparse-separated-n5000-d32-seed42,synthetic,gaussian_sparse,separated_clusters,5000,32,6.0,42,False,26,50,HDBSCAN,exact_single_linkage_pairwise_smallest_common_cluster_size_agreement,ScoreSG,score_sg,ok,,1.6077299250173382,0.2969655449851416,1.90469547000248,0.2969655449851416,6,1.0,1.0,0.999999851392,0.962315996074583,4903,4999,4999,1.394060853992837e-07,1.7431586123655257e-07
synthetic,gaussian_sparse-separated-n5000-d32-seed42,synthetic,gaussian_sparse,separated_clusters,5000,32,6.0,42,False,26,50,HDBSCAN,exact_single_linkage_pairwise_smallest_common_cluster_size_agreement,ScoreSG Random,score_sg_random,ok,,1.6047550799848975,0.2814140949922148,1.8861691749771128,0.2814140949922148,6,1.0,1.0,0.999999851392,0.962315996074583,4903,4999,4999,1.394060853992837e-07,1.7431586123655257e-07
synthetic,gaussian_sparse-separated-n5000-d32-seed42,synthetic,gaussian_sparse,separated_clusters,5000,32,6.0,42,False,25,50,HDBSCAN,exact_single_linkage_pairwise_smallest_common_cluster_size_agreement,HDBSCAN,hdbscan_generic,ok,,1.651006926986156,0.0,1.651006926986156,1.651006926986156,6,1.0,1.0,1.0,1.0,4999,4999,4999,0.0,0.0
synthetic,gaussian_sparse-separated-n5000-d32-seed42,synthetic,gaussian_sparse,separated_clusters,5000,32,6.0,42,False,25,50,HDBSCAN,exact_single_linkage_pairwise_smallest_common_cluster_size_agreement,Optimized HDBSCAN,optimized_hdbscan,ok,,0.6191344020189717,0.0,0.6191344020189717,0.6191344020189717,6,1.0,1.0,0.999999927232,0.0893440836783613,820,4999,4999,7.37188088351104e-15,9.52513219554516e-15
synthetic,gaussian_sparse-separated-n5000-d32-seed42,synthetic,gaussian_sparse,separated_clusters,5000,32,6.0,42,False,25,50,HDBSCAN,exact_single_linkage_pairwise_smallest_common_cluster_size_agreement,ScoreSG,score_sg,ok,,1.6077299250173382,0.2872130080068018,1.89494293302414,0.2872130080068018,6,1.0,1.0,0.99999988752,0.959623676989416,4896,4999,4999,1.370210269327361e-07,1.7078549893383025e-07
synthetic,gaussian_sparse-separated-n5000-d32-seed42,synthetic,gaussian_sparse,separated_clusters,5000,32,6.0,42,False,25,50,HDBSCAN,exact_single_linkage_pairwise_smallest_common_cluster_size_agreement,ScoreSG Random,score_sg_random,ok,,1.6047550799848975,0.2853145260014571,1.8900696059863549,0.2853145260014571,6,1.0,1.0,0.99999988752,0.959623676989416,4896,4999,4999,1.370210269327361e-07,1.7078549893383025e-07
synthetic,gaussian_sparse-separated-n5000-d32-seed42,synthetic,gaussian_sparse,separated_clusters,5000,32,6.0,42,False,24,50,HDBSCAN,exact_single_linkage_pairwise_smallest_common_cluster_size_agreement,HDBSCAN,hdbscan_generic,ok,,1.6472830759885255,0.0,1.6472830759885255,1.6472830759885255,6,1.0,1.0,1.0,1.0,4999,4999,4999,0.0,0.0
synthetic,gaussian_sparse-separated-n5000-d32-seed42,synthetic,gaussian_sparse,separated_clusters,5000,32,6.0,42,False,24,50,HDBSCAN,exact_single_linkage_pairwise_smallest_common_cluster_size_agreement,Optimized HDBSCAN,optimized_hdbscan,ok,,0.6292814170010388,0.0,0.6292814170010388,0.6292814170010388,6,1.0,1.0,0.99999988624,0.0931554778045047,852,4999,4999,7.466640764204398e-15,9.519754218071016e-15
synthetic,gaussian_sparse-separated-n5000-d32-seed42,synthetic,gaussian_sparse,separated_clusters,5000,32,6.0,42,False,24,50,HDBSCAN,exact_single_linkage_pairwise_smallest_common_cluster_size_agreement,ScoreSG,score_sg,ok,,1.6077299250173382,0.2877696299983654,1.895499555015704,0.2877696299983654,6,1.0,1.0,0.99999988064,0.9573218480814408,4890,4999,4999,1.3468816866439416e-07,1.6981471137448946e-07
synthetic,gaussian_sparse-separated-n5000-d32-seed42,synthetic,gaussian_sparse,separated_clusters,5000,32,6.0,42,False,24,50,HDBSCAN,exact_single_linkage_pairwise_smallest_common_cluster_size_agreement,ScoreSG Random,score_sg_random,ok,,1.6047550799848975,0.2890413819986861,1.893796461983584,0.2890413819986861,6,1.0,1.0,0.99999988064,0.9573218480814408,4890,4999,4999,1.3468816866439416e-07,1.6981471137448946e-07
synthetic,gaussian_sparse-separated-n5000-d32-seed42,synthetic,gaussian_sparse,separated_clusters,5000,32,6.0,42,False,23,50,HDBSCAN,exact_single_linkage_pairwise_smallest_common_cluster_size_agreement,HDBSCAN,hdbscan_generic,ok,,1.6206718379980884,0.0,1.6206718379980884,1.6206718379980884,6,1.0,1.0,1.0,1.0,4999,4999,4999,0.0,0.0
synthetic,gaussian_sparse-separated-n5000-d32-seed42,synthetic,gaussian_sparse,separated_clusters,5000,32,6.0,42,False,23,50,HDBSCAN,exact_single_linkage_pairwise_smallest_common_cluster_size_agreement,Optimized HDBSCAN,optimized_hdbscan,ok,,0.6073783659958281,0.0,0.6073783659958281,0.6073783659958281,6,1.0,1.0,0.999999887264,0.0991644678979771,902,4999,4999,7.712972906331575e-15,9.651168710730936e-15
synthetic,gaussian_sparse-separated-n5000-d32-seed42,synthetic,gaussian_sparse,separated_clusters,5000,32,6.0,42,False,23,50,HDBSCAN,exact_single_linkage_pairwise_smallest_common_cluster_size_agreement,ScoreSG,score_sg,ok,,1.6077299250173382,0.2946667849901132,1.9023967100074517,0.2946667849901132,6,1.0,1.0,0.999999852736,0.9573218480814408,4890,4999,4999,1.3680593720243396e-07,1.7092078998222242e-07
synthetic,gaussian_sparse-separated-n5000-d32-seed42,synthetic,gaussian_sparse,separated_clusters,5000,32,6.0,42,False,23,50,HDBSCAN,exact_single_linkage_pairwise_smallest_common_cluster_size_agreement,ScoreSG Random,score_sg_random,ok,,1.6047550799848975,0.2897042940021492,1.894459373987047,0.2897042940021492,6,1.0,1.0,0.999999852736,0.9573218480814408,4890,4999,4999,1.3680593720243396e-07,1.7092078998222242e-07
synthetic,gaussian_sparse-separated-n5000-d32-seed42,synthetic,gaussian_sparse,separated_clusters,5000,32,6.0,42,False,22,50,HDBSCAN,exact_single_linkage_pairwise_smallest_common_cluster_size_agreement,HDBSCAN,hdbscan_generic,ok,,1.6013987599872053,0.0,1.6013987599872053,1.6013987599872053,6,1.0,1.0,1.0,1.0,4999,4999,4999,0.0,0.0
synthetic,gaussian_sparse-separated-n5000-d32-seed42,synthetic,gaussian_sparse,separated_clusters,5000,32,6.0,42,False,22,50,HDBSCAN,exact_single_linkage_pairwise_smallest_common_cluster_size_agreement,Optimized HDBSCAN,optimized_hdbscan,ok,,0.6119325010222383,0.0,0.6119325010222383,0.6119325010222383,6,1.0,1.0,0.999999883392,0.0948313622426631,866,4999,4999,7.577208042430168e-15,9.43661667888847e-15
synthetic,gaussian_sparse-separated-n5000-d32-seed42,synthetic,gaussian_sparse,separated_clusters,5000,32,6.0,42,False,22,50,HDBSCAN,exact_single_linkage_pairwise_smallest_common_cluster_size_agreement,ScoreSG,score_sg,ok,,1.6077299250173382,0.2815670359996147,1.889296961016953,0.2815670359996147,6,1.0,1.0,0.999999883072,0.9538792261090484,4881,4999,4999,1.345718270933964e-07,1.6902745493056781e-07
synthetic,gaussian_sparse-separated-n5000-d32-seed42,synthetic,gaussian_sparse,separated_clusters,5000,32,6.0,42,False,22,50,HDBSCAN,exact_single_linkage_pairwise_smallest_common_cluster_size_agreement,ScoreSG Random,score_sg_random,ok,,1.6047550799848975,0.2892908490030095,1.8940459289879072,0.2892908490030095,6,1.0,1.0,0.999999883072,0.9538792261090484,4881,4999,4999,1.345718270933964e-07,1.6902745493056781e-07
synthetic,gaussian_sparse-separated-n5000-d32-seed42,synthetic,gaussian_sparse,separated_clusters,5000,32,6.0,42,False,21,50,HDBSCAN,exact_single_linkage_pairwise_smallest_common_cluster_size_agreement,HDBSCAN,hdbscan_generic,ok,,1.616749068023637,0.0,1.616749068023637,1.616749068023637,6,1.0,1.0,1.0,1.0,4999,4999,4999,0.0,0.0
synthetic,gaussian_sparse-separated-n5000-d32-seed42,synthetic,gaussian_sparse,separated_clusters,5000,32,6.0,42,False,21,50,HDBSCAN,exact_single_linkage_pairwise_smallest_common_cluster_size_agreement,Optimized HDBSCAN,optimized_hdbscan,ok,,0.6107453900040127,0.0,0.6107453900040127,0.6107453900040127,6,1.0,1.0,0.999999928288,0.0939927782033045,859,4999,4999,8.106825261535311e-15,1.0169764926591148e-14
synthetic,gaussian_sparse-separated-n5000-d32-seed42,synthetic,gaussian_sparse,separated_clusters,5000,32,6.0,42,False,21,50,HDBSCAN,exact_single_linkage_pairwise_smallest_common_cluster_size_agreement,ScoreSG,score_sg,ok,,1.6077299250173382,0.2929217950149905,1.9006517200323287,0.2929217950149905,6,1.0,1.0,0.999999928,0.952734375,4878,4999,4999,1.344689336138212e-07,1.6925994543047038e-07
synthetic,gaussian_sparse-separated-n5000-d32-seed42,synthetic,gaussian_sparse,separated_clusters,5000,32,6.0,42,False,21,50,HDBSCAN,exact_single_linkage_pairwise_smallest_common_cluster_size_agreement,ScoreSG Random,score_sg_random,ok,,1.6047550799848975,0.2853816350107081,1.8901367149956056,0.2853816350107081,6,1.0,1.0,0.999999928,0.952734375,4878,4999,4999,1.344689336138212e-07,1.6925994543047038e-07
synthetic,gaussian_sparse-separated-n5000-d32-seed42,synthetic,gaussian_sparse,separated_clusters,5000,32,6.0,42,False,20,50,HDBSCAN,exact_single_linkage_pairwise_smallest_common_cluster_size_agreement,HDBSCAN,hdbscan_generic,ok,,1.628092024999205,0.0,1.628092024999205,1.628092024999205,6,1.0,1.0,1.0,1.0,4999,4999,4999,0.0,0.0
synthetic,gaussian_sparse-separated-n5000-d32-seed42,synthetic,gaussian_sparse,separated_clusters,5000,32,6.0,42,False,20,50,HDBSCAN,exact_single_linkage_pairwise_smallest_common_cluster_size_agreement,Optimized HDBSCAN,optimized_hdbscan,ok,,0.6161237539781723,0.0,0.6161237539781723,0.6161237539781723,6,1.0,1.0,0.999999879328,0.0943520140105078,862,4999,4999,7.943117676877337e-15,9.989264917864815e-15
synthetic,gaussian_sparse-separated-n5000-d32-seed42,synthetic,gaussian_sparse,separated_clusters,5000,32,6.0,42,False,20,50,HDBSCAN,exact_single_linkage_pairwise_smallest_common_cluster_size_agreement,ScoreSG,score_sg,ok,,1.6077299250173382,0.2962718599883374,1.904001785005676,0.2962718599883374,6,1.0,1.0,0.999999871616,0.95006826604252,4871,4999,4999,1.3238360580609224e-07,1.660684118970616e-07
synthetic,gaussian_sparse-separated-n5000-d32-seed42,synthetic,gaussian_sparse,separated_clusters,5000,32,6.0,42,False,20,50,HDBSCAN,exact_single_linkage_pairwise_smallest_common_cluster_size_agreement,ScoreSG Random,score_sg_random,ok,,1.6047550799848975,0.2914599130162969,1.896214993001195,0.2914599130162969,6,1.0,1.0,0.999999871616,0.95006826604252,4871,4999,4999,1.3238360580609224e-07,1.660684118970616e-07
synthetic,gaussian_sparse-separated-n5000-d32-seed42,synthetic,gaussian_sparse,separated_clusters,5000,32,6.0,42,False,19,50,HDBSCAN,exact_single_linkage_pairwise_smallest_common_cluster_size_agreement,HDBSCAN,hdbscan_generic,ok,,1.6393185049819294,0.0,1.6393185049819294,1.6393185049819294,6,1.0,1.0,1.0,1.0,4999,4999,4999,0.0,0.0
synthetic,gaussian_sparse-separated-n5000-d32-seed42,synthetic,gaussian_sparse,separated_clusters,5000,32,6.0,42,False,19,50,HDBSCAN,exact_single_linkage_pairwise_smallest_common_cluster_size_agreement,Optimized HDBSCAN,optimized_hdbscan,ok,,0.6174744740128517,0.0,0.6174744740128517,0.6174744740128517,6,1.0,1.0,0.999999922208,0.0939927782033045,859,4999,4999,7.530905145385172e-15,9.5952220846426e-15
synthetic,gaussian_sparse-separated-n5000-d32-seed42,synthetic,gaussian_sparse,separated_clusters,5000,32,6.0,42,False,19,50,HDBSCAN,exact_single_linkage_pairwise_smallest_common_cluster_size_agreement,ScoreSG,score_sg,ok,,1.6077299250173382,0.2899143919930793,1.8976443170104176,0.2899143919930793,6,1.0,1.0,0.999999921728,0.9424907713231008,4851,4999,4999,1.3310341358481297e-07,1.6857183641473925e-07
synthetic,gaussian_sparse-separated-n5000-d32-seed42,synthetic,gaussian_sparse,separated_clusters,5000,32,6.0,42,False,19,50,HDBSCAN,exact_single_linkage_pairwise_smallest_common_cluster_size_agreement,ScoreSG Random,score_sg_random,ok,,1.6047550799848975,0.2941550700052175,1.8989101499901155,0.2941550700052175,6,1.0,1.0,0.999999921728,0.9424907713231008,4851,4999,4999,1.3310341358481297e-07,1.6857183641473925e-07
synthetic,gaussian_sparse-separated-n5000-d32-seed42,synthetic,gaussian_sparse,separated_clusters,5000,32,6.0,42,False,18,50,HDBSCAN,exact_single_linkage_pairwise_smallest_common_cluster_size_agreement,HDBSCAN,hdbscan_generic,ok,,1.6374857110204175,0.0,1.6374857110204175,1.6374857110204175,6,1.0,1.0,1.0,1.0,4999,4999,4999,0.0,0.0
synthetic,gaussian_sparse-separated-n5000-d32-seed42,synthetic,gaussian_sparse,separated_clusters,5000,32,6.0,42,False,18,50,HDBSCAN,exact_single_linkage_pairwise_smallest_common_cluster_size_agreement,Optimized HDBSCAN,optimized_hdbscan,ok,,0.6195358390104957,0.0,0.6195358390104957,0.6195358390104957,6,1.0,1.0,0.999999916384,0.0922001310902337,844,4999,4999,8.086738230077741e-15,1.0188867466866391e-14
synthetic,gaussian_sparse-separated-n5000-d32-seed42,synthetic,gaussian_sparse,separated_clusters,5000,32,6.0,42,False,18,50,HDBSCAN,exact_single_linkage_pairwise_smallest_common_cluster_size_agreement,ScoreSG,score_sg,ok,,1.6077299250173382,0.2892009500064887,1.896930875023827,0.2892009500064887,6,1.0,1.0,0.99999991024,0.948548041317482,4867,4999,4999,1.3060561254052462e-07,1.6393992578609196e-07
synthetic,gaussian_sparse-separated-n5000-d32-seed42,synthetic,gaussian_sparse,separated_clusters,5000,32,6.0,42,False,18,50,HDBSCAN,exact_single_linkage_pairwise_smallest_common_cluster_size_agreement,ScoreSG Random,score_sg_random,ok,,1.6047550799848975,0.2895864640013315,1.8943415439862288,0.2895864640013315,6,1.0,1.0,0.99999991024,0.948548041317482,4867,4999,4999,1.3060561254052462e-07,1.6393992578609196e-07
synthetic,gaussian_sparse-separated-n5000-d32-seed42,synthetic,gaussian_sparse,separated_clusters,5000,32,6.0,42,False,17,50,HDBSCAN,exact_single_linkage_pairwise_smallest_common_cluster_size_agreement,HDBSCAN,hdbscan_generic,ok,,1.625201148010092,0.0,1.625201148010092,1.625201148010092,6,1.0,1.0,1.0,1.0,4999,4999,4999,0.0,0.0
synthetic,gaussian_sparse-separated-n5000-d32-seed42,synthetic,gaussian_sparse,separated_clusters,5000,32,6.0,42,False,17,50,HDBSCAN,exact_single_linkage_pairwise_smallest_common_cluster_size_agreement,Optimized HDBSCAN,optimized_hdbscan,ok,,0.6077038949879352,0.0,0.6077038949879352,0.6077038949879352,6,1.0,1.0,0.999999858144,0.0908892525913802,833,4999,4999,7.977079048002986e-15,1.0058235260371284e-14
synthetic,gaussian_sparse-separated-n5000-d32-seed42,synthetic,gaussian_sparse,separated_clusters,5000,32,6.0,42,False,17,50,HDBSCAN,exact_single_linkage_pairwise_smallest_common_cluster_size_agreement,ScoreSG,score_sg,ok,,1.6077299250173382,0.2939347649808042,1.9016646899981424,0.2939347649808042,6,1.0,1.0,0.999999811648,0.937972475285908,4839,4999,4999,1.317301782609099e-07,1.6635644431677e-07
synthetic,gaussian_sparse-separated-n5000-d32-seed42,synthetic,gaussian_sparse,separated_clusters,5000,32,6.0,42,False,17,50,HDBSCAN,exact_single_linkage_pairwise_smallest_common_cluster_size_agreement,ScoreSG Random,score_sg_random,ok,,1.6047550799848975,0.2883169820124749,1.8930720619973729,0.2883169820124749,6,1.0,1.0,0.999999811648,0.937972475285908,4839,4999,4999,1.317301782609099e-07,1.6635644431677e-07
synthetic,gaussian_sparse-separated-n5000-d32-seed42,synthetic,gaussian_sparse,separated_clusters,5000,32,6.0,42,False,16,50,HDBSCAN,exact_single_linkage_pairwise_smallest_common_cluster_size_agreement,HDBSCAN,hdbscan_generic,ok,,1.6283203029888682,0.0,1.6283203029888682,1.6283203029888682,6,1.0,1.0,1.0,1.0,4999,4999,4999,0.0,0.0
synthetic,gaussian_sparse-separated-n5000-d32-seed42,synthetic,gaussian_sparse,separated_clusters,5000,32,6.0,42,False,16,50,HDBSCAN,exact_single_linkage_pairwise_smallest_common_cluster_size_agreement,Optimized HDBSCAN,optimized_hdbscan,ok,,0.6109668969875202,0.0,0.6109668969875202,0.6109668969875202,6,1.0,1.0,0.999999937856,0.0917230836427167,840,4999,4999,7.662653580436676e-15,9.789408214109472e-15
synthetic,gaussian_sparse-separated-n5000-d32-seed42,synthetic,gaussian_sparse,separated_clusters,5000,32,6.0,42,False,16,50,HDBSCAN,exact_single_linkage_pairwise_smallest_common_cluster_size_agreement,ScoreSG,score_sg,ok,,1.6077299250173382,0.2910285799880512,1.8987585050053892,0.2910285799880512,6,1.0,1.0,0.999999936032,0.9436236391912908,4854,4999,4999,1.2977298591955808e-07,1.6405928704706e-07
synthetic,gaussian_sparse-separated-n5000-d32-seed42,synthetic,gaussian_sparse,separated_clusters,5000,32,6.0,42,False,16,50,HDBSCAN,exact_single_linkage_pairwise_smallest_common_cluster_size_agreement,ScoreSG Random,score_sg_random,ok,,1.6047550799848975,0.2986777549958788,1.9034328349807763,0.2986777549958788,6,1.0,1.0,0.999999936032,0.9436236391912908,4854,4999,4999,1.2977298591955808e-07,1.6405928704706e-07
synthetic,gaussian_sparse-separated-n5000-d32-seed42,synthetic,gaussian_sparse,separated_clusters,5000,32,6.0,42,False,15,50,HDBSCAN,exact_single_linkage_pairwise_smallest_common_cluster_size_agreement,HDBSCAN,hdbscan_generic,ok,,1.6168217609811109,0.0,1.6168217609811109,1.6168217609811109,6,1.0,1.0,1.0,1.0,4999,4999,4999,0.0,0.0
synthetic,gaussian_sparse-separated-n5000-d32-seed42,synthetic,gaussian_sparse,separated_clusters,5000,32,6.0,42,False,15,50,HDBSCAN,exact_single_linkage_pairwise_smallest_common_cluster_size_agreement,Optimized HDBSCAN,optimized_hdbscan,ok,,0.613013702997705,0.0,0.613013702997705,0.613013702997705,6,1.0,1.0,0.999999870976,0.0918423064322376,841,4999,4999,8.026344815363795e-15,1.0079674804894763e-14
synthetic,gaussian_sparse-separated-n5000-d32-seed42,synthetic,gaussian_sparse,separated_clusters,5000,32,6.0,42,False,15,50,HDBSCAN,exact_single_linkage_pairwise_smallest_common_cluster_size_agreement,ScoreSG,score_sg,ok,,1.6077299250173382,0.2944886939949356,1.9022186190122736,0.2944886939949356,6,1.0,1.0,0.999999855872,0.9413592233009708,4848,4999,4999,1.2826894380850528e-07,1.635722752720068e-07
synthetic,gaussian_sparse-separated-n5000-d32-seed42,synthetic,gaussian_sparse,separated_clusters,5000,32,6.0,42,False,15,50,HDBSCAN,exact_single_linkage_pairwise_smallest_common_cluster_size_agreement,ScoreSG Random,score_sg_random,ok,,1.6047550799848975,0.2987523530027829,1.9035074329876809,0.2987523530027829,6,1.0,1.0,0.999999855872,0.9413592233009708,4848,4999,4999,1.2826894380850528e-07,1.635722752720068e-07
synthetic,gaussian_sparse-separated-n5000-d32-seed42,synthetic,gaussian_sparse,separated_clusters,5000,32,6.0,42,False,14,50,HDBSCAN,exact_single_linkage_pairwise_smallest_common_cluster_size_agreement,HDBSCAN,hdbscan_generic,ok,,1.6386552010080777,0.0,1.6386552010080777,1.6386552010080777,6,1.0,1.0,1.0,1.0,4999,4999,4999,0.0,0.0
synthetic,gaussian_sparse-separated-n5000-d32-seed42,synthetic,gaussian_sparse,separated_clusters,5000,32,6.0,42,False,14,50,HDBSCAN,exact_single_linkage_pairwise_smallest_common_cluster_size_agreement,Optimized HDBSCAN,optimized_hdbscan,ok,,0.6190724819898605,0.0,0.6190724819898605,0.6190724819898605,6,1.0,1.0,0.999999869088,0.1047513812154696,948,4999,4999,8.045603564530407e-15,1.0114798230254251e-14
synthetic,gaussian_sparse-separated-n5000-d32-seed42,synthetic,gaussian_sparse,separated_clusters,5000,32,6.0,42,False,14,50,HDBSCAN,exact_single_linkage_pairwise_smallest_common_cluster_size_agreement,ScoreSG,score_sg,ok,,1.6077299250173382,0.2912554599752184,1.8989853849925569,0.2912554599752184,6,1.0,1.0,0.999999868768,0.9245428296438885,4803,4999,4999,1.2576720678221986e-07,1.5986312516396756e-07
synthetic,gaussian_sparse-separated-n5000-d32-seed42,synthetic,gaussian_sparse,separated_clusters,5000,32,6.0,42,False,14,50,HDBSCAN,exact_single_linkage_pairwise_smallest_common_cluster_size_agreement,ScoreSG Random,score_sg_random,ok,,1.6047550799848975,0.3062979080132209,1.9110529879981184,0.3062979080132209,6,1.0,1.0,0.999999868768,0.9245428296438885,4803,4999,4999,1.2576720678221986e-07,1.5986312516396756e-07
synthetic,gaussian_sparse-separated-n5000-d32-seed42,synthetic,gaussian_sparse,separated_clusters,5000,32,6.0,42,False,13,50,HDBSCAN,exact_single_linkage_pairwise_smallest_common_cluster_size_agreement,HDBSCAN,hdbscan_generic,ok,,1.6400935720012058,0.0,1.6400935720012058,1.6400935720012058,6,1.0,1.0,1.0,1.0,4999,4999,4999,0.0,0.0
synthetic,gaussian_sparse-separated-n5000-d32-seed42,synthetic,gaussian_sparse,separated_clusters,5000,32,6.0,42,False,13,50,HDBSCAN,exact_single_linkage_pairwise_smallest_common_cluster_size_agreement,Optimized HDBSCAN,optimized_hdbscan,ok,,0.612124417006271,0.0,0.612124417006271,0.612124417006271,6,1.0,1.0,0.999999901184,0.1060958070583029,959,4999,4999,8.004256509132776e-15,1.0030514910378282e-14
synthetic,gaussian_sparse-separated-n5000-d32-seed42,synthetic,gaussian_sparse,separated_clusters,5000,32,6.0,42,False,13,50,HDBSCAN,exact_single_linkage_pairwise_smallest_common_cluster_size_agreement,ScoreSG,score_sg,ok,,1.6077299250173382,0.2947897150006611,1.9025196400179996,0.2947897150006611,6,1.0,1.0,0.999999899584,0.9215837017105516,4795,4999,4999,1.2888044927303365e-07,1.62274188815288e-07
synthetic,gaussian_sparse-separated-n5000-d32-seed42,synthetic,gaussian_sparse,separated_clusters,5000,32,6.0,42,False,13,50,HDBSCAN,exact_single_linkage_pairwise_smallest_common_cluster_size_agreement,ScoreSG Random,score_sg_random,ok,,1.6047550799848975,0.2984611100109759,1.9032161899958735,0.2984611100109759,6,1.0,1.0,0.999999899584,0.9215837017105516,4795,4999,4999,1.2888044927303365e-07,1.62274188815288e-07
synthetic,gaussian_sparse-separated-n5000-d32-seed42,synthetic,gaussian_sparse,separated_clusters,5000,32,6.0,42,False,12,50,HDBSCAN,exact_single_linkage_pairwise_smallest_common_cluster_size_agreement,HDBSCAN,hdbscan_generic,ok,,1.6192801010038238,0.0,1.6192801010038238,1.6192801010038238,6,1.0,1.0,1.0,1.0,4999,4999,4999,0.0,0.0
synthetic,gaussian_sparse-separated-n5000-d32-seed42,synthetic,gaussian_sparse,separated_clusters,5000,32,6.0,42,False,12,50,HDBSCAN,exact_single_linkage_pairwise_smallest_common_cluster_size_agreement,Optimized HDBSCAN,optimized_hdbscan,ok,,0.6176972989924252,0.0,0.6176972989924252,0.6176972989924252,6,1.0,1.0,0.99999982832,0.1036538249254884,939,4999,4999,8.129812052526706e-15,1.0374951009923079e-14
synthetic,gaussian_sparse-separated-n5000-d32-seed42,synthetic,gaussian_sparse,separated_clusters,5000,32,6.0,42,False,12,50,HDBSCAN,exact_single_linkage_pairwise_smallest_common_cluster_size_agreement,ScoreSG,score_sg,ok,,1.6077299250173382,0.2985607149894349,1.9062906400067727,0.2985607149894349,6,1.0,1.0,0.99999978592,0.9094728800611154,4762,4999,4999,1.2446242097020965e-07,1.5786658328076653e-07
synthetic,gaussian_sparse-separated-n5000-d32-seed42,synthetic,gaussian_sparse,separated_clusters,5000,32,6.0,42,False,12,50,HDBSCAN,exact_single_linkage_pairwise_smallest_common_cluster_size_agreement,ScoreSG Random,score_sg_random,ok,,1.6047550799848975,0.2934844190021977,1.8982394989870957,0.2934844190021977,6,1.0,1.0,0.99999978592,0.9094728800611154,4762,4999,4999,1.2446242097020965e-07,1.5786658328076653e-07
synthetic,gaussian_sparse-separated-n5000-d32-seed42,synthetic,gaussian_sparse,separated_clusters,5000,32,6.0,42,False,11,50,HDBSCAN,exact_single_linkage_pairwise_smallest_common_cluster_size_agreement,HDBSCAN,hdbscan_generic,ok,,1.6112334469798952,0.0,1.6112334469798952,1.6112334469798952,6,1.0,1.0,1.0,1.0,4999,4999,4999,0.0,0.0
synthetic,gaussian_sparse-separated-n5000-d32-seed42,synthetic,gaussian_sparse,separated_clusters,5000,32,6.0,42,False,11,50,HDBSCAN,exact_single_linkage_pairwise_smallest_common_cluster_size_agreement,Optimized HDBSCAN,optimized_hdbscan,ok,,0.6103254240006208,0.0,0.6103254240006208,0.6103254240006208,6,1.0,1.0,0.999999878304,0.1137351008131892,1021,4999,4999,8.126702053710647e-15,1.0363127473961918e-14
synthetic,gaussian_sparse-separated-n5000-d32-seed42,synthetic,gaussian_sparse,separated_clusters,5000,32,6.0,42,False,11,50,HDBSCAN,exact_single_linkage_pairwise_smallest_common_cluster_size_agreement,ScoreSG,score_sg,ok,,1.6077299250173382,0.2970539449888747,1.904783870006213,0.2970539449888747,6,1.0,1.0,0.999999877664,0.9171620325982742,4783,4999,4999,1.2488202452907925e-07,1.576612719317791e-07
synthetic,gaussian_sparse-separated-n5000-d32-seed42,synthetic,gaussian_sparse,separated_clusters,5000,32,6.0,42,False,11,50,HDBSCAN,exact_single_linkage_pairwise_smallest_common_cluster_size_agreement,ScoreSG Random,score_sg_random,ok,,1.6047550799848975,0.2971427289885469,1.9018978089734448,0.2971427289885469,6,1.0,1.0,0.999999877664,0.9171620325982742,4783,4999,4999,1.2488202452907925e-07,1.576612719317791e-07
synthetic,gaussian_sparse-separated-n5000-d32-seed42,synthetic,gaussian_sparse,separated_clusters,5000,32,6.0,42,False,10,50,HDBSCAN,exact_single_linkage_pairwise_smallest_common_cluster_size_agreement,HDBSCAN,hdbscan_generic,ok,,1.6179898400150703,0.0,1.6179898400150703,1.6179898400150703,6,1.0,1.0,1.0,1.0,4999,4999,4999,0.0,0.0
synthetic,gaussian_sparse-separated-n5000-d32-seed42,synthetic,gaussian_sparse,separated_clusters,5000,32,6.0,42,False,10,50,HDBSCAN,exact_single_linkage_pairwise_smallest_common_cluster_size_agreement,Optimized HDBSCAN,optimized_hdbscan,ok,,0.6120640070002992,0.0,0.6120640070002992,0.6120640070002992,6,1.0,1.0,0.99999973488,0.1153502900490852,1034,4999,4999,7.837702118523978e-15,1.0073113490616422e-14
synthetic,gaussian_sparse-separated-n5000-d32-seed42,synthetic,gaussian_sparse,separated_clusters,5000,32,6.0,42,False,10,50,HDBSCAN,exact_single_linkage_pairwise_smallest_common_cluster_size_agreement,ScoreSG,score_sg,ok,,1.6077299250173382,0.2974548930069431,1.9051848180242812,0.2974548930069431,6,1.0,1.0,0.999999737152,0.8871272178180446,4700,4999,4999,1.2297744229975876e-07,1.5550600507960678e-07
synthetic,gaussian_sparse-separated-n5000-d32-seed42,synthetic,gaussian_sparse,separated_clusters,5000,32,6.0,42,False,10,50,HDBSCAN,exact_single_linkage_pairwise_smallest_common_cluster_size_agreement,ScoreSG Random,score_sg_random,ok,,1.6047550799848975,0.2987126039806753,1.903467683965573,0.2987126039806753,6,1.0,1.0,0.999999737152,0.8871272178180446,4700,4999,4999,1.2297744229975876e-07,1.5550600507960678e-07
synthetic,gaussian_sparse-separated-n5000-d32-seed42,synthetic,gaussian_sparse,separated_clusters,5000,32,6.0,42,False,9,50,HDBSCAN,exact_single_linkage_pairwise_smallest_common_cluster_size_agreement,HDBSCAN,hdbscan_generic,ok,,1.6221721000038087,0.0,1.6221721000038087,1.6221721000038087,6,1.0,1.0,1.0,1.0,4999,4999,4999,0.0,0.0
synthetic,gaussian_sparse-separated-n5000-d32-seed42,synthetic,gaussian_sparse,separated_clusters,5000,32,6.0,42,False,9,50,HDBSCAN,exact_single_linkage_pairwise_smallest_common_cluster_size_agreement,Optimized HDBSCAN,optimized_hdbscan,ok,,0.6253966899821535,0.0,0.6253966899821535,0.6253966899821535,6,1.0,1.0,0.999999821888,0.1242550320476779,1105,4999,4999,7.838475971869341e-15,9.950658658068781e-15
synthetic,gaussian_sparse-separated-n5000-d32-seed42,synthetic,gaussian_sparse,separated_clusters,5000,32,6.0,42,False,9,50,HDBSCAN,exact_single_linkage_pairwise_smallest_common_cluster_size_agreement,ScoreSG,score_sg,ok,,1.6077299250173382,0.3039080779999494,1.911638003017288,0.3039080779999494,6,1.0,1.0,0.99999980512,0.8946371044153876,4721,4999,4999,1.2089879937435917e-07,1.5308673722820928e-07
synthetic,gaussian_sparse-separated-n5000-d32-seed42,synthetic,gaussian_sparse,separated_clusters,5000,32,6.0,42,False,9,50,HDBSCAN,exact_single_linkage_pairwise_smallest_common_cluster_size_agreement,ScoreSG Random,score_sg_random,ok,,1.6047550799848975,0.2971247339737601,1.901879813958658,0.2971247339737601,6,1.0,1.0,0.99999980512,0.8946371044153876,4721,4999,4999,1.2089879937435917e-07,1.5308673722820928e-07
synthetic,gaussian_sparse-separated-n5000-d32-seed42,synthetic,gaussian_sparse,separated_clusters,5000,32,6.0,42,False,8,50,HDBSCAN,exact_single_linkage_pairwise_smallest_common_cluster_size_agreement,HDBSCAN,hdbscan_generic,ok,,1.6417254119878637,0.0,1.6417254119878637,1.6417254119878637,6,1.0,1.0,1.0,1.0,4999,4999,4999,0.0,0.0
synthetic,gaussian_sparse-separated-n5000-d32-seed42,synthetic,gaussian_sparse,separated_clusters,5000,32,6.0,42,False,8,50,HDBSCAN,exact_single_linkage_pairwise_smallest_common_cluster_size_agreement,Optimized HDBSCAN,optimized_hdbscan,ok,,0.621677189017646,0.0,0.621677189017646,0.621677189017646,6,1.0,1.0,0.999999744096,0.1371701546860782,1206,4999,4999,8.128747352769595e-15,1.0433114883795631e-14
synthetic,gaussian_sparse-separated-n5000-d32-seed42,synthetic,gaussian_sparse,separated_clusters,5000,32,6.0,42,False,8,50,HDBSCAN,exact_single_linkage_pairwise_smallest_common_cluster_size_agreement,ScoreSG,score_sg,ok,,1.6077299250173382,0.3034586459980346,1.9111885710153729,0.3034586459980346,6,1.0,1.0,0.999999730144,0.858364312267658,4618,4999,4999,1.1945015551074814e-07,1.5055483945739513e-07
synthetic,gaussian_sparse-separated-n5000-d32-seed42,synthetic,gaussian_sparse,separated_clusters,5000,32,6.0,42,False,8,50,HDBSCAN,exact_single_linkage_pairwise_smallest_common_cluster_size_agreement,ScoreSG Random,score_sg_random,ok,,1.6047550799848975,0.2993846279860008,1.9041397079708984,0.2993846279860008,6,1.0,1.0,0.999999730144,0.858364312267658,4618,4999,4999,1.1945015551074814e-07,1.5055483945739513e-07
synthetic,gaussian_sparse-separated-n5000-d32-seed42,synthetic,gaussian_sparse,separated_clusters,5000,32,6.0,42,False,7,50,HDBSCAN,exact_single_linkage_pairwise_smallest_common_cluster_size_agreement,HDBSCAN,hdbscan_generic,ok,,1.6175357559986878,0.0,1.6175357559986878,1.6175357559986878,6,1.0,1.0,1.0,1.0,4999,4999,4999,0.0,0.0
synthetic,gaussian_sparse-separated-n5000-d32-seed42,synthetic,gaussian_sparse,separated_clusters,5000,32,6.0,42,False,7,50,HDBSCAN,exact_single_linkage_pairwise_smallest_common_cluster_size_agreement,Optimized HDBSCAN,optimized_hdbscan,ok,,0.6175519219832495,0.0,0.6175519219832495,0.6175519219832495,6,1.0,1.0,0.999999704128,0.1505178365937859,1308,4999,4999,8.037064048601441e-15,1.0180976482870788e-14
synthetic,gaussian_sparse-separated-n5000-d32-seed42,synthetic,gaussian_sparse,separated_clusters,5000,32,6.0,42,False,7,50,HDBSCAN,exact_single_linkage_pairwise_smallest_common_cluster_size_agreement,ScoreSG,score_sg,ok,,1.6077299250173382,0.3120383499772288,1.919768274994567,0.3120383499772288,6,1.0,1.0,0.999999677344,0.8528539659006672,4602,4999,4999,1.16074865493859e-07,1.4614495140761877e-07
synthetic,gaussian_sparse-separated-n5000-d32-seed42,synthetic,gaussian_sparse,separated_clusters,5000,32,6.0,42,False,7,50,HDBSCAN,exact_single_linkage_pairwise_smallest_common_cluster_size_agreement,ScoreSG Random,score_sg_random,ok,,1.6047550799848975,0.2987622999935411,1.9035173799784388,0.2987622999935411,6,1.0,1.0,0.999999677344,0.8528539659006672,4602,4999,4999,1.16074865493859e-07,1.4614495140761877e-07
synthetic,gaussian_sparse-separated-n5000-d32-seed42,synthetic,gaussian_sparse,separated_clusters,5000,32,6.0,42,False,6,50,HDBSCAN,exact_single_linkage_pairwise_smallest_common_cluster_size_agreement,HDBSCAN,hdbscan_generic,ok,,1.6214245570008643,0.0,1.6214245570008643,1.6214245570008643,6,1.0,1.0,1.0,1.0,4999,4999,4999,0.0,0.0
synthetic,gaussian_sparse-separated-n5000-d32-seed42,synthetic,gaussian_sparse,separated_clusters,5000,32,6.0,42,False,6,50,HDBSCAN,exact_single_linkage_pairwise_smallest_common_cluster_size_agreement,Optimized HDBSCAN,optimized_hdbscan,ok,,0.620111355005065,0.0,0.620111355005065,0.620111355005065,6,1.0,1.0,0.999999704064,0.1701779026217228,1454,4999,4999,8.332017637351932e-15,1.0680947219699128e-14
synthetic,gaussian_sparse-separated-n5000-d32-seed42,synthetic,gaussian_sparse,separated_clusters,5000,32,6.0,42,False,6,50,HDBSCAN,exact_single_linkage_pairwise_smallest_common_cluster_size_agreement,ScoreSG,score_sg,ok,,1.6077299250173382,0.2999356540094595,1.9076655790267976,0.2999356540094595,6,1.0,1.0,0.999999620032,0.8301299652205748,4535,4999,4999,1.169641886305159e-07,1.4971652421415262e-07
synthetic,gaussian_sparse-separated-n5000-d32-seed42,synthetic,gaussian_sparse,separated_clusters,5000,32,6.0,42,False,6,50,HDBSCAN,exact_single_linkage_pairwise_smallest_common_cluster_size_agreement,ScoreSG Random,score_sg_random,ok,,1.6047550799848975,0.2964256260020192,1.901180705986917,0.2964256260020192,6,1.0,1.0,0.999999620032,0.8301299652205748,4535,4999,4999,1.169641886305159e-07,1.4971652421415262e-07
synthetic,gaussian_sparse-separated-n5000-d32-seed42,synthetic,gaussian_sparse,separated_clusters,5000,32,6.0,42,False,5,50,HDBSCAN,exact_single_linkage_pairwise_smallest_common_cluster_size_agreement,HDBSCAN,hdbscan_generic,ok,,1.6184345330111682,0.0,1.6184345330111682,1.6184345330111682,6,1.0,1.0,1.0,1.0,4999,4999,4999,0.0,0.0
synthetic,gaussian_sparse-separated-n5000-d32-seed42,synthetic,gaussian_sparse,separated_clusters,5000,32,6.0,42,False,5,50,HDBSCAN,exact_single_linkage_pairwise_smallest_common_cluster_size_agreement,Optimized HDBSCAN,optimized_hdbscan,ok,,0.6188628970121499,0.0,0.6188628970121499,0.6188628970121499,6,1.0,1.0,0.999999548736,0.2086557059961315,1726,4999,4999,8.179371947354283e-15,1.0385690173107806e-14
synthetic,gaussian_sparse-separated-n5000-d32-seed42,synthetic,gaussian_sparse,separated_clusters,5000,32,6.0,42,False,5,50,HDBSCAN,exact_single_linkage_pairwise_smallest_common_cluster_size_agreement,ScoreSG,score_sg,ok,,1.6077299250173382,0.3099416910263244,1.9176716160436629,0.3099416910263244,6,1.0,1.0,0.999999423264,0.7933632286995516,4423,4999,4999,1.114037955058158e-07,1.4118365853268894e-07
synthetic,gaussian_sparse-separated-n5000-d32-seed42,synthetic,gaussian_sparse,separated_clusters,5000,32,6.0,42,False,5,50,HDBSCAN,exact_single_linkage_pairwise_smallest_common_cluster_size_agreement,ScoreSG Random,score_sg_random,ok,,1.6047550799848975,0.3078101859719027,1.9125652659568004,0.3078101859719027,6,1.0,1.0,0.999999423264,0.7933632286995516,4423,4999,4999,1.114037955058158e-07,1.4118365853268894e-07
synthetic,gaussian_sparse-separated-n5000-d32-seed42,synthetic,gaussian_sparse,separated_clusters,5000,32,6.0,42,False,4,50,HDBSCAN,exact_single_linkage_pairwise_smallest_common_cluster_size_agreement,HDBSCAN,hdbscan_generic,ok,,1.6236347199883312,0.0,1.6236347199883312,1.6236347199883312,6,1.0,1.0,1.0,1.0,4999,4999,4999,0.0,0.0
synthetic,gaussian_sparse-separated-n5000-d32-seed42,synthetic,gaussian_sparse,separated_clusters,5000,32,6.0,42,False,4,50,HDBSCAN,exact_single_linkage_pairwise_smallest_common_cluster_size_agreement,Optimized HDBSCAN,optimized_hdbscan,ok,,0.672007222980028,0.0,0.672007222980028,0.672007222980028,6,1.0,1.0,0.999999515712,0.2829462337995637,2205,4999,4999,8.514227367987028e-15,1.0775561370412166e-14
synthetic,gaussian_sparse-separated-n5000-d32-seed42,synthetic,gaussian_sparse,separated_clusters,5000,32,6.0,42,False,4,50,HDBSCAN,exact_single_linkage_pairwise_smallest_common_cluster_size_agreement,ScoreSG,score_sg,ok,,1.6077299250173382,0.3087304969958495,1.916460422013188,0.3087304969958495,6,1.0,1.0,0.99999927888,0.7497374868743437,4284,4999,4999,1.095966671215403e-07,1.3924329238481157e-07
synthetic,gaussian_sparse-separated-n5000-d32-seed42,synthetic,gaussian_sparse,separated_clusters,5000,32,6.0,42,False,4,50,HDBSCAN,exact_single_linkage_pairwise_smallest_common_cluster_size_agreement,ScoreSG Random,score_sg_random,ok,,1.6047550799848975,0.3058351700019557,1.9105902499868532,0.3058351700019557,6,1.0,1.0,0.99999927888,0.7497374868743437,4284,4999,4999,1.095966671215403e-07,1.3924329238481157e-07
synthetic,gaussian_sparse-separated-n5000-d32-seed42,synthetic,gaussian_sparse,separated_clusters,5000,32,6.0,42,False,3,50,HDBSCAN,exact_single_linkage_pairwise_smallest_common_cluster_size_agreement,HDBSCAN,hdbscan_generic,ok,,1.61819996900158,0.0,1.61819996900158,1.61819996900158,6,1.0,1.0,1.0,1.0,4999,4999,4999,0.0,0.0
synthetic,gaussian_sparse-separated-n5000-d32-seed42,synthetic,gaussian_sparse,separated_clusters,5000,32,6.0,42,False,3,50,HDBSCAN,exact_single_linkage_pairwise_smallest_common_cluster_size_agreement,Optimized HDBSCAN,optimized_hdbscan,ok,,0.6314753550104797,0.0,0.6314753550104797,0.6314753550104797,6,1.0,1.0,0.9999993816,0.4670579603815114,3183,4999,4999,8.383003510474713e-15,1.0718258263679322e-14
synthetic,gaussian_sparse-separated-n5000-d32-seed42,synthetic,gaussian_sparse,separated_clusters,5000,32,6.0,42,False,3,50,HDBSCAN,exact_single_linkage_pairwise_smallest_common_cluster_size_agreement,ScoreSG,score_sg,ok,,1.6077299250173382,0.3076938739977777,1.915423799015116,0.3076938739977777,6,1.0,1.0,0.999998786368,0.6871414107323659,4072,4999,4999,1.0015628132234809e-07,1.3165280029794605e-07
synthetic,gaussian_sparse-separated-n5000-d32-seed42,synthetic,gaussian_sparse,separated_clusters,5000,32,6.0,42,False,3,50,HDBSCAN,exact_single_linkage_pairwise_smallest_common_cluster_size_agreement,ScoreSG Random,score_sg_random,ok,,1.6047550799848975,0.3058620069932658,1.910617086978164,0.3058620069932658,6,1.0,1.0,0.999998786368,0.6871414107323659,4072,4999,4999,1.0015628132234809e-07,1.3165280029794605e-07
synthetic,gaussian_sparse-separated-n5000-d32-seed42,synthetic,gaussian_sparse,separated_clusters,5000,32,6.0,42,False,2,50,HDBSCAN,exact_single_linkage_pairwise_smallest_common_cluster_size_agreement,HDBSCAN,hdbscan_generic,ok,,1.6210419230046682,0.0,1.6210419230046682,1.6210419230046682,6,1.0,1.0,1.0,1.0,4999,4999,4999,0.0,0.0
synthetic,gaussian_sparse-separated-n5000-d32-seed42,synthetic,gaussian_sparse,separated_clusters,5000,32,6.0,42,False,2,50,HDBSCAN,exact_single_linkage_pairwise_smallest_common_cluster_size_agreement,Optimized HDBSCAN,optimized_hdbscan,ok,,0.62794140400365,0.0,0.62794140400365,0.62794140400365,6,1.0,1.0,1.0,1.0,4999,4999,4999,8.734050579081538e-15,1.1167365330969534e-14
synthetic,gaussian_sparse-separated-n5000-d32-seed42,synthetic,gaussian_sparse,separated_clusters,5000,32,6.0,42,False,2,50,HDBSCAN,exact_single_linkage_pairwise_smallest_common_cluster_size_agreement,ScoreSG,score_sg,ok,,1.6077299250173382,0.3057162710174452,1.9134461960347835,0.3057162710174452,6,1.0,1.0,1.0,0.9980015987210232,4994,4999,4999,4.9607718431563915e-08,9.191583891426029e-08
synthetic,gaussian_sparse-separated-n5000-d32-seed42,synthetic,gaussian_sparse,separated_clusters,5000,32,6.0,42,False,2,50,HDBSCAN,exact_single_linkage_pairwise_smallest_common_cluster_size_agreement,ScoreSG Random,score_sg_random,ok,,1.6047550799848975,0.3126779680023901,1.917433047987288,0.3126779680023901,6,1.0,1.0,1.0,0.9980015987210232,4994,4999,4999,4.9607718431563915e-08,9.191583891426029e-08
