dataset,family,distribution,structure,variant,n_samples,n_features,seed,normalized,k_min,k_max,n_k_values,connected_all_k,connected_rate,n_components,largest_component_size,smallest_component_size,n_edges,reinforcement_vertex_count,anti_hub_count,cutoff_in_degree,candidate_tie_count,selected_from_ties_degree_only,selected_from_ties_score_tie_break,score_tie_candidate_count,build_seconds,connectivity_check_seconds
gaussian-iid-n1000-d2-seed42,synthetic,gaussian,iid,approx_knn_only,1000,2,42.0,False,2,50,49,True,1.0,1,1000,1000,50000,0,31,17,6,6,1,1,16.51463595200039,0.11110094600007869
gaussian-iid-n1000-d2-seed42,synthetic,gaussian,iid,random_sqrt_clique,1000,2,42.0,False,2,50,49,True,1.0,1,1000,1000,50465,31,31,17,6,6,1,1,16.51463595200039,0.1099060560009093
gaussian-iid-n1000-d2-seed42,synthetic,gaussian,iid,score_sg_antihub,1000,2,42.0,False,2,50,49,True,1.0,1,1000,1000,50465,31,31,17,6,6,1,1,16.51463595200039,0.10665447800056427
gaussian-separated-n1000-d2-seed42,synthetic,gaussian,separated_clusters,approx_knn_only,1000,2,42.0,False,2,50,49,False,0.0,6,167,166,50000,0,31,12,7,3,1,1,0.1516376500003389,0.11459751200163737
gaussian-separated-n1000-d2-seed42,synthetic,gaussian,separated_clusters,random_sqrt_clique,1000,2,42.0,False,2,50,49,True,1.0,1,1000,1000,50465,31,31,12,7,3,1,1,0.1516376500003389,0.11016637600187096
gaussian-separated-n1000-d2-seed42,synthetic,gaussian,separated_clusters,score_sg_antihub,1000,2,42.0,False,2,50,49,True,1.0,1,1000,1000,50465,31,31,12,7,3,1,1,0.1516376500003389,0.10461518599913688
gaussian-iid-n1000-d10-seed42,synthetic,gaussian,iid,approx_knn_only,1000,10,42.0,False,2,50,49,True,1.0,1,1000,1000,50000,0,31,5,12,1,1,1,0.13353713899778086,0.12579621099939686
gaussian-iid-n1000-d10-seed42,synthetic,gaussian,iid,random_sqrt_clique,1000,10,42.0,False,2,50,49,True,1.0,1,1000,1000,50465,31,31,5,12,1,1,1,0.13353713899778086,0.12135860700072953
gaussian-iid-n1000-d10-seed42,synthetic,gaussian,iid,score_sg_antihub,1000,10,42.0,False,2,50,49,True,1.0,1,1000,1000,50465,31,31,5,12,1,1,1,0.13353713899778086,0.12167254400264937
gaussian-separated-n1000-d10-seed42,synthetic,gaussian,separated_clusters,approx_knn_only,1000,10,42.0,False,2,50,49,False,0.0,6,167,166,50000,0,31,9,9,6,1,1,0.23172633300055168,0.12459865799974068
gaussian-separated-n1000-d10-seed42,synthetic,gaussian,separated_clusters,random_sqrt_clique,1000,10,42.0,False,2,50,49,True,1.0,1,1000,1000,50465,31,31,9,9,6,1,1,0.23172633300055168,0.12558117000298807
gaussian-separated-n1000-d10-seed42,synthetic,gaussian,separated_clusters,score_sg_antihub,1000,10,42.0,False,2,50,49,True,1.0,1,1000,1000,50465,31,31,9,9,6,1,1,0.23172633300055168,0.1257404649986711
gaussian-iid-n1000-d32-seed42,synthetic,gaussian,iid,approx_knn_only,1000,32,42.0,False,2,50,49,True,1.0,1,1000,1000,50000,0,31,2,16,10,1,1,0.14877845400042133,0.11957416399673093
gaussian-iid-n1000-d32-seed42,synthetic,gaussian,iid,random_sqrt_clique,1000,32,42.0,False,2,50,49,True,1.0,1,1000,1000,50465,31,31,2,16,10,1,1,0.14877845400042133,0.10396681899874238
gaussian-iid-n1000-d32-seed42,synthetic,gaussian,iid,score_sg_antihub,1000,32,42.0,False,2,50,49,True,1.0,1,1000,1000,50465,31,31,2,16,10,1,1,0.14877845400042133,0.10940687399852322
gaussian-separated-n1000-d32-seed42,synthetic,gaussian,separated_clusters,approx_knn_only,1000,32,42.0,False,2,50,49,False,0.0,6,167,166,50000,0,31,6,13,5,1,1,0.15106174299944541,0.1165336349986319
gaussian-separated-n1000-d32-seed42,synthetic,gaussian,separated_clusters,random_sqrt_clique,1000,32,42.0,False,2,50,49,True,1.0,1,1000,1000,50465,31,31,6,13,5,1,1,0.15106174299944541,0.10777361899818061
gaussian-separated-n1000-d32-seed42,synthetic,gaussian,separated_clusters,score_sg_antihub,1000,32,42.0,False,2,50,49,True,1.0,1,1000,1000,50465,31,31,6,13,5,1,1,0.15106174299944541,0.1075010150016169
gaussian-iid-n1000-d64-seed42,synthetic,gaussian,iid,approx_knn_only,1000,64,42.0,False,2,50,49,True,1.0,1,1000,1000,50000,0,31,2,26,8,1,1,0.1351632090008934,0.11204193999947165
gaussian-iid-n1000-d64-seed42,synthetic,gaussian,iid,random_sqrt_clique,1000,64,42.0,False,2,50,49,True,1.0,1,1000,1000,50465,31,31,2,26,8,1,1,0.1351632090008934,0.10600265800167108
gaussian-iid-n1000-d64-seed42,synthetic,gaussian,iid,score_sg_antihub,1000,64,42.0,False,2,50,49,True,1.0,1,1000,1000,50465,31,31,2,26,8,1,1,0.1351632090008934,0.1044296980035142
gaussian-separated-n1000-d64-seed42,synthetic,gaussian,separated_clusters,approx_knn_only,1000,64,42.0,False,2,50,49,False,0.0,6,167,166,50000,0,31,4,7,7,1,1,0.15027110800292576,0.11093879599866341
gaussian-separated-n1000-d64-seed42,synthetic,gaussian,separated_clusters,random_sqrt_clique,1000,64,42.0,False,2,50,49,True,1.0,1,1000,1000,50465,31,31,4,7,7,1,1,0.15027110800292576,0.13151770100012072
gaussian-separated-n1000-d64-seed42,synthetic,gaussian,separated_clusters,score_sg_antihub,1000,64,42.0,False,2,50,49,True,1.0,1,1000,1000,50465,31,31,4,7,7,1,1,0.15027110800292576,0.13043800499872304
gaussian-iid-n5000-d2-seed42,synthetic,gaussian,iid,approx_knn_only,5000,2,42.0,False,2,50,49,True,1.0,1,5000,5000,250000,0,70,22,7,3,1,1,0.41282921000311035,0.5364270039972325
gaussian-iid-n5000-d2-seed42,synthetic,gaussian,iid,random_sqrt_clique,5000,2,42.0,False,2,50,49,True,1.0,1,5000,5000,252415,70,70,22,7,3,1,1,0.41282921000311035,0.5852548850016319
gaussian-iid-n5000-d2-seed42,synthetic,gaussian,iid,score_sg_antihub,5000,2,42.0,False,2,50,49,True,1.0,1,5000,5000,252415,70,70,22,7,3,1,1,0.41282921000311035,0.6295776999977534
gaussian-separated-n5000-d2-seed42,synthetic,gaussian,separated_clusters,approx_knn_only,5000,2,42.0,False,2,50,49,False,0.0,6,834,833,250000,0,70,11,9,6,1,1,0.5082539089999045,0.5856157270027325
gaussian-separated-n5000-d2-seed42,synthetic,gaussian,separated_clusters,random_sqrt_clique,5000,2,42.0,False,2,50,49,True,1.0,1,5000,5000,252415,70,70,11,9,6,1,1,0.5082539089999045,0.5443549129995517
gaussian-separated-n5000-d2-seed42,synthetic,gaussian,separated_clusters,score_sg_antihub,5000,2,42.0,False,2,50,49,True,1.0,1,5000,5000,252415,70,70,11,9,6,1,1,0.5082539089999045,0.534605630000442
gaussian-iid-n5000-d10-seed42,synthetic,gaussian,iid,approx_knn_only,5000,10,42.0,False,2,50,49,True,1.0,1,5000,5000,250000,0,70,3,34,23,1,1,0.3742729120021977,0.553725129000668
gaussian-iid-n5000-d10-seed42,synthetic,gaussian,iid,random_sqrt_clique,5000,10,42.0,False,2,50,49,True,1.0,1,5000,5000,252415,70,70,3,34,23,1,1,0.3742729120021977,0.6001512599978014
gaussian-iid-n5000-d10-seed42,synthetic,gaussian,iid,score_sg_antihub,5000,10,42.0,False,2,50,49,True,1.0,1,5000,5000,252415,70,70,3,34,23,1,1,0.3742729120021977,0.5675081019981008
gaussian-separated-n5000-d10-seed42,synthetic,gaussian,separated_clusters,approx_knn_only,5000,10,42.0,False,2,50,49,False,0.0,6,834,833,250000,0,70,3,39,23,1,1,0.37436097800309653,0.5306621370000357
gaussian-separated-n5000-d10-seed42,synthetic,gaussian,separated_clusters,random_sqrt_clique,5000,10,42.0,False,2,50,49,True,1.0,1,5000,5000,252415,70,70,3,39,23,1,1,0.37436097800309653,0.5354580860002898
gaussian-separated-n5000-d10-seed42,synthetic,gaussian,separated_clusters,score_sg_antihub,5000,10,42.0,False,2,50,49,True,1.0,1,5000,5000,252415,70,70,3,39,23,1,1,0.37436097800309653,0.529188073000114
gaussian-iid-n5000-d32-seed42,synthetic,gaussian,iid,approx_knn_only,5000,32,42.0,False,2,50,49,True,1.0,1,5000,5000,250000,0,70,0,82,70,1,1,0.38021092300186865,0.5592166690003069
gaussian-iid-n5000-d32-seed42,synthetic,gaussian,iid,random_sqrt_clique,5000,32,42.0,False,2,50,49,True,1.0,1,5000,5000,252415,70,70,0,82,70,1,1,0.38021092300186865,0.5893733010016149
gaussian-iid-n5000-d32-seed42,synthetic,gaussian,iid,score_sg_antihub,5000,32,42.0,False,2,50,49,True,1.0,1,5000,5000,252415,70,70,0,82,70,1,1,0.38021092300186865,0.5601594889994885
gaussian-separated-n5000-d32-seed42,synthetic,gaussian,separated_clusters,approx_knn_only,5000,32,42.0,False,2,50,49,False,0.0,6,834,833,250000,0,70,1,65,28,1,1,0.3522181719999935,0.5332190369990712
gaussian-separated-n5000-d32-seed42,synthetic,gaussian,separated_clusters,random_sqrt_clique,5000,32,42.0,False,2,50,49,True,1.0,1,5000,5000,252415,70,70,1,65,28,1,1,0.3522181719999935,0.5408234349997656
gaussian-separated-n5000-d32-seed42,synthetic,gaussian,separated_clusters,score_sg_antihub,5000,32,42.0,False,2,50,49,True,1.0,1,5000,5000,252415,70,70,1,65,28,1,1,0.3522181719999935,0.5313411309980438
gaussian-iid-n5000-d64-seed42,synthetic,gaussian,iid,approx_knn_only,5000,64,42.0,False,2,50,49,True,1.0,1,5000,5000,250000,0,70,0,149,70,1,1,0.3792702520004241,0.5618974169992725
gaussian-iid-n5000-d64-seed42,synthetic,gaussian,iid,random_sqrt_clique,5000,64,42.0,False,2,50,49,True,1.0,1,5000,5000,252415,70,70,0,149,70,1,1,0.3792702520004241,0.6019988429980003
gaussian-iid-n5000-d64-seed42,synthetic,gaussian,iid,score_sg_antihub,5000,64,42.0,False,2,50,49,True,1.0,1,5000,5000,252415,70,70,0,149,70,1,1,0.3792702520004241,0.5552631829996244
gaussian-separated-n5000-d64-seed42,synthetic,gaussian,separated_clusters,approx_knn_only,5000,64,42.0,False,2,50,49,False,0.0,6,834,833,250000,0,70,0,70,70,1,1,0.3686442549987987,0.5704481930006295
gaussian-separated-n5000-d64-seed42,synthetic,gaussian,separated_clusters,random_sqrt_clique,5000,64,42.0,False,2,50,49,True,1.0,1,5000,5000,252415,70,70,0,70,70,1,1,0.3686442549987987,0.5541156929975841
gaussian-separated-n5000-d64-seed42,synthetic,gaussian,separated_clusters,score_sg_antihub,5000,64,42.0,False,2,50,49,True,1.0,1,5000,5000,252415,70,70,0,70,70,1,1,0.3686442549987987,0.549649259999569
gaussian-iid-n10000-d2-seed42,synthetic,gaussian,iid,approx_knn_only,10000,2,42.0,False,2,50,49,True,1.0,1,10000,10000,500000,0,100,24,11,10,1,1,0.6366133429983165,1.1816314800016698
gaussian-iid-n10000-d2-seed42,synthetic,gaussian,iid,random_sqrt_clique,10000,2,42.0,False,2,50,49,True,1.0,1,10000,10000,504950,100,100,24,11,10,1,1,0.6366133429983165,1.0880858620002982
gaussian-iid-n10000-d2-seed42,synthetic,gaussian,iid,score_sg_antihub,10000,2,42.0,False,2,50,49,True,1.0,1,10000,10000,504950,100,100,24,11,10,1,1,0.6366133429983165,1.0791731099998287
gaussian-separated-n10000-d2-seed42,synthetic,gaussian,separated_clusters,approx_knn_only,10000,2,42.0,False,2,50,49,False,0.0,6,1667,1666,500000,0,100,13,19,1,1,1,0.7168063789977168,1.1573165179979696
gaussian-separated-n10000-d2-seed42,synthetic,gaussian,separated_clusters,random_sqrt_clique,10000,2,42.0,False,2,50,49,True,1.0,1,10000,10000,504950,100,100,13,19,1,1,1,0.7168063789977168,1.1378824450002867
gaussian-separated-n10000-d2-seed42,synthetic,gaussian,separated_clusters,score_sg_antihub,10000,2,42.0,False,2,50,49,True,1.0,1,10000,10000,504950,100,100,13,19,1,1,1,0.7168063789977168,1.109964208000747
gaussian-iid-n10000-d10-seed42,synthetic,gaussian,iid,approx_knn_only,10000,10,42.0,False,2,50,49,True,1.0,1,10000,10000,500000,0,100,2,42,40,1,1,0.6994952610002656,1.144836873998429
gaussian-iid-n10000-d10-seed42,synthetic,gaussian,iid,random_sqrt_clique,10000,10,42.0,False,2,50,49,True,1.0,1,10000,10000,504950,100,100,2,42,40,1,1,0.6994952610002656,1.1139638220010966
gaussian-iid-n10000-d10-seed42,synthetic,gaussian,iid,score_sg_antihub,10000,10,42.0,False,2,50,49,True,1.0,1,10000,10000,504950,100,100,2,42,40,1,1,0.6994952610002656,1.0980319640002563
gaussian-separated-n10000-d10-seed42,synthetic,gaussian,separated_clusters,approx_knn_only,10000,10,42.0,False,2,50,49,False,0.0,6,1667,1666,500000,0,100,2,64,48,1,1,0.6506476199974713,1.1951810419996036
gaussian-separated-n10000-d10-seed42,synthetic,gaussian,separated_clusters,random_sqrt_clique,10000,10,42.0,False,2,50,49,True,1.0,1,10000,10000,504950,100,100,2,64,48,1,1,0.6506476199974713,1.1199912579977536
gaussian-separated-n10000-d10-seed42,synthetic,gaussian,separated_clusters,score_sg_antihub,10000,10,42.0,False,2,50,49,True,1.0,1,10000,10000,504950,100,100,2,64,48,1,1,0.6506476199974713,1.0973899759992491
gaussian-iid-n10000-d32-seed42,synthetic,gaussian,iid,approx_knn_only,10000,32,42.0,False,2,50,49,True,1.0,1,10000,10000,500000,0,100,0,179,100,2,2,0.7694277150003472,1.170612345002155
gaussian-iid-n10000-d32-seed42,synthetic,gaussian,iid,random_sqrt_clique,10000,32,42.0,False,2,50,49,True,1.0,1,10000,10000,504950,100,100,0,179,100,2,2,0.7694277150003472,1.0891610649996437
gaussian-iid-n10000-d32-seed42,synthetic,gaussian,iid,score_sg_antihub,10000,32,42.0,False,2,50,49,True,1.0,1,10000,10000,504950,100,100,0,179,100,2,2,0.7694277150003472,1.1084393019991694
gaussian-separated-n10000-d32-seed42,synthetic,gaussian,separated_clusters,approx_knn_only,10000,32,42.0,False,2,50,49,False,0.0,6,1667,1666,500000,0,100,0,121,100,1,1,0.7331652249995386,1.1353357340012735
gaussian-separated-n10000-d32-seed42,synthetic,gaussian,separated_clusters,random_sqrt_clique,10000,32,42.0,False,2,50,49,True,1.0,1,10000,10000,504950,100,100,0,121,100,1,1,0.7331652249995386,1.1266945230017882
gaussian-separated-n10000-d32-seed42,synthetic,gaussian,separated_clusters,score_sg_antihub,10000,32,42.0,False,2,50,49,True,1.0,1,10000,10000,504950,100,100,0,121,100,1,1,0.7331652249995386,1.1220106430009764
gaussian-iid-n10000-d64-seed42,synthetic,gaussian,iid,approx_knn_only,10000,64,42.0,False,2,50,49,True,1.0,1,10000,10000,500000,0,100,0,403,100,1,1,0.7585270889976528,1.1297482979971392
gaussian-iid-n10000-d64-seed42,synthetic,gaussian,iid,random_sqrt_clique,10000,64,42.0,False,2,50,49,True,1.0,1,10000,10000,504950,100,100,0,403,100,1,1,0.7585270889976528,1.1079141660011373
gaussian-iid-n10000-d64-seed42,synthetic,gaussian,iid,score_sg_antihub,10000,64,42.0,False,2,50,49,True,1.0,1,10000,10000,504950,100,100,0,403,100,1,1,0.7585270889976528,1.1120691540018015
gaussian-separated-n10000-d64-seed42,synthetic,gaussian,separated_clusters,approx_knn_only,10000,64,42.0,False,2,50,49,False,0.0,6,1667,1666,500000,0,100,0,237,100,1,1,0.7245545339974342,1.1342221749982855
gaussian-separated-n10000-d64-seed42,synthetic,gaussian,separated_clusters,random_sqrt_clique,10000,64,42.0,False,2,50,49,True,1.0,1,10000,10000,504950,100,100,0,237,100,1,1,0.7245545339974342,1.0942305460011994
gaussian-separated-n10000-d64-seed42,synthetic,gaussian,separated_clusters,score_sg_antihub,10000,64,42.0,False,2,50,49,True,1.0,1,10000,10000,504950,100,100,0,237,100,1,1,0.7245545339974342,1.1232837040006416
poisson-iid-n1000-d2-seed42,synthetic,poisson,iid,approx_knn_only,1000,2,42.0,False,2,50,49,True,1.0,1,1000,1000,50000,0,31,17,7,2,1,2,0.15868824800054426,0.1260615350001899
poisson-iid-n1000-d2-seed42,synthetic,poisson,iid,random_sqrt_clique,1000,2,42.0,False,2,50,49,True,1.0,1,1000,1000,50465,31,31,17,7,2,1,2,0.15868824800054426,0.11756608900032006
poisson-iid-n1000-d2-seed42,synthetic,poisson,iid,score_sg_antihub,1000,2,42.0,False,2,50,49,True,1.0,1,1000,1000,50465,31,31,17,7,2,1,2,0.15868824800054426,0.1229510900011519
poisson-separated-n1000-d2-seed42,synthetic,poisson,separated_clusters,approx_knn_only,1000,2,42.0,False,2,50,49,False,0.0,6,167,166,50000,0,31,13,3,3,1,1,0.18808619999981602,0.1266698979998182
poisson-separated-n1000-d2-seed42,synthetic,poisson,separated_clusters,random_sqrt_clique,1000,2,42.0,False,2,50,49,True,1.0,1,1000,1000,50465,31,31,13,3,3,1,1,0.18808619999981602,0.11548259199844324
poisson-separated-n1000-d2-seed42,synthetic,poisson,separated_clusters,score_sg_antihub,1000,2,42.0,False,2,50,49,True,1.0,1,1000,1000,50465,31,31,13,3,3,1,1,0.18808619999981602,0.10922651000146288
poisson-iid-n1000-d10-seed42,synthetic,poisson,iid,approx_knn_only,1000,10,42.0,False,2,50,49,True,1.0,1,1000,1000,50000,0,31,6,10,5,1,1,0.14640939200035064,0.11556530399684561
poisson-iid-n1000-d10-seed42,synthetic,poisson,iid,random_sqrt_clique,1000,10,42.0,False,2,50,49,True,1.0,1,1000,1000,50465,31,31,6,10,5,1,1,0.14640939200035064,0.10925525799757452
poisson-iid-n1000-d10-seed42,synthetic,poisson,iid,score_sg_antihub,1000,10,42.0,False,2,50,49,True,1.0,1,1000,1000,50465,31,31,6,10,5,1,1,0.14640939200035064,0.11095309799929964
poisson-separated-n1000-d10-seed42,synthetic,poisson,separated_clusters,approx_knn_only,1000,10,42.0,False,2,50,49,False,0.0,6,167,166,50000,0,31,6,8,5,1,1,0.15224772399960784,0.11304712600031053
poisson-separated-n1000-d10-seed42,synthetic,poisson,separated_clusters,random_sqrt_clique,1000,10,42.0,False,2,50,49,True,1.0,1,1000,1000,50465,31,31,6,8,5,1,1,0.15224772399960784,0.10620926299816347
poisson-separated-n1000-d10-seed42,synthetic,poisson,separated_clusters,score_sg_antihub,1000,10,42.0,False,2,50,49,True,1.0,1,1000,1000,50465,31,31,6,8,5,1,1,0.15224772399960784,0.11289933700027177
poisson-iid-n1000-d32-seed42,synthetic,poisson,iid,approx_knn_only,1000,32,42.0,False,2,50,49,True,1.0,1,1000,1000,50000,0,31,2,11,7,1,1,0.14439452199803782,0.12074995699731517
poisson-iid-n1000-d32-seed42,synthetic,poisson,iid,random_sqrt_clique,1000,32,42.0,False,2,50,49,True,1.0,1,1000,1000,50465,31,31,2,11,7,1,1,0.14439452199803782,0.10585926800195011
poisson-iid-n1000-d32-seed42,synthetic,poisson,iid,score_sg_antihub,1000,32,42.0,False,2,50,49,True,1.0,1,1000,1000,50465,31,31,2,11,7,1,1,0.14439452199803782,0.10670774900063407
poisson-separated-n1000-d32-seed42,synthetic,poisson,separated_clusters,approx_knn_only,1000,32,42.0,False,2,50,49,False,0.0,6,167,166,50000,0,31,6,12,6,1,1,0.14483755299806944,0.11217132800084073
poisson-separated-n1000-d32-seed42,synthetic,poisson,separated_clusters,random_sqrt_clique,1000,32,42.0,False,2,50,49,True,1.0,1,1000,1000,50465,31,31,6,12,6,1,1,0.14483755299806944,0.10764561099858838
poisson-separated-n1000-d32-seed42,synthetic,poisson,separated_clusters,score_sg_antihub,1000,32,42.0,False,2,50,49,True,1.0,1,1000,1000,50465,31,31,6,12,6,1,1,0.14483755299806944,0.1085754560008354
poisson-iid-n1000-d64-seed42,synthetic,poisson,iid,approx_knn_only,1000,64,42.0,False,2,50,49,True,1.0,1,1000,1000,50000,0,31,1,20,17,1,1,0.14844939700196846,0.1122423209999397
poisson-iid-n1000-d64-seed42,synthetic,poisson,iid,random_sqrt_clique,1000,64,42.0,False,2,50,49,True,1.0,1,1000,1000,50465,31,31,1,20,17,1,1,0.14844939700196846,0.1099609259981662
poisson-iid-n1000-d64-seed42,synthetic,poisson,iid,score_sg_antihub,1000,64,42.0,False,2,50,49,True,1.0,1,1000,1000,50465,31,31,1,20,17,1,1,0.14844939700196846,0.11283945600007428
poisson-separated-n1000-d64-seed42,synthetic,poisson,separated_clusters,approx_knn_only,1000,64,42.0,False,2,50,49,False,0.0,6,167,166,50000,0,31,4,13,4,1,1,0.14500523300011992,0.11617153699990013
poisson-separated-n1000-d64-seed42,synthetic,poisson,separated_clusters,random_sqrt_clique,1000,64,42.0,False,2,50,49,True,1.0,1,1000,1000,50465,31,31,4,13,4,1,1,0.14500523300011992,0.11796712700015632
poisson-separated-n1000-d64-seed42,synthetic,poisson,separated_clusters,score_sg_antihub,1000,64,42.0,False,2,50,49,True,1.0,1,1000,1000,50465,31,31,4,13,4,1,1,0.14500523300011992,0.12447161199816037
poisson-iid-n5000-d2-seed42,synthetic,poisson,iid,approx_knn_only,5000,2,42.0,False,2,50,49,False,0.0,28,2491,51,250000,0,70,0,195,70,32,34,0.356669091997901,0.6150440410019655
poisson-iid-n5000-d2-seed42,synthetic,poisson,iid,random_sqrt_clique,5000,2,42.0,False,2,50,49,False,0.0,9,4448,51,252415,70,70,0,195,70,32,34,0.356669091997901,0.5443687580009282
poisson-iid-n5000-d2-seed42,synthetic,poisson,iid,score_sg_antihub,5000,2,42.0,False,2,50,49,False,0.0,21,2491,51,252415,70,70,0,195,70,32,34,0.356669091997901,0.5494187850017624
poisson-separated-n5000-d2-seed42,synthetic,poisson,separated_clusters,approx_knn_only,5000,2,42.0,False,2,50,49,False,0.0,6,834,833,250000,0,70,13,32,3,2,2,0.38962299400009215,0.548502390000067
poisson-separated-n5000-d2-seed42,synthetic,poisson,separated_clusters,random_sqrt_clique,5000,2,42.0,False,2,50,49,True,1.0,1,5000,5000,252415,70,70,13,32,3,2,2,0.38962299400009215,0.5556341869996686
poisson-separated-n5000-d2-seed42,synthetic,poisson,separated_clusters,score_sg_antihub,5000,2,42.0,False,2,50,49,True,1.0,1,5000,5000,252415,70,70,13,32,3,2,2,0.38962299400009215,0.5774186490016291
poisson-iid-n5000-d10-seed42,synthetic,poisson,iid,approx_knn_only,5000,10,42.0,False,2,50,49,True,1.0,1,5000,5000,250000,0,70,4,27,21,1,1,0.4182724120000785,0.5809161529978155
poisson-iid-n5000-d10-seed42,synthetic,poisson,iid,random_sqrt_clique,5000,10,42.0,False,2,50,49,True,1.0,1,5000,5000,252415,70,70,4,27,21,1,1,0.4182724120000785,0.5442571180028608
poisson-iid-n5000-d10-seed42,synthetic,poisson,iid,score_sg_antihub,5000,10,42.0,False,2,50,49,True,1.0,1,5000,5000,252415,70,70,4,27,21,1,1,0.4182724120000785,0.5398049989998981
poisson-separated-n5000-d10-seed42,synthetic,poisson,separated_clusters,approx_knn_only,5000,10,42.0,False,2,50,49,False,0.0,6,834,833,250000,0,70,4,33,1,1,1,0.36750188400037587,0.5385269399994286
poisson-separated-n5000-d10-seed42,synthetic,poisson,separated_clusters,random_sqrt_clique,5000,10,42.0,False,2,50,49,True,1.0,1,5000,5000,252415,70,70,4,33,1,1,1,0.36750188400037587,0.5406850600011239
poisson-separated-n5000-d10-seed42,synthetic,poisson,separated_clusters,score_sg_antihub,5000,10,42.0,False,2,50,49,True,1.0,1,5000,5000,252415,70,70,4,33,1,1,1,0.36750188400037587,0.6128536340002029
poisson-iid-n5000-d32-seed42,synthetic,poisson,iid,approx_knn_only,5000,32,42.0,False,2,50,49,True,1.0,1,5000,5000,250000,0,70,1,90,7,1,1,0.38433454199912376,0.5620858880029118
poisson-iid-n5000-d32-seed42,synthetic,poisson,iid,random_sqrt_clique,5000,32,42.0,False,2,50,49,True,1.0,1,5000,5000,252415,70,70,1,90,7,1,1,0.38433454199912376,0.541782932003116
poisson-iid-n5000-d32-seed42,synthetic,poisson,iid,score_sg_antihub,5000,32,42.0,False,2,50,49,True,1.0,1,5000,5000,252415,70,70,1,90,7,1,1,0.38433454199912376,0.5466840740009502
poisson-separated-n5000-d32-seed42,synthetic,poisson,separated_clusters,approx_knn_only,5000,32,42.0,False,2,50,49,False,0.0,6,834,833,250000,0,70,1,65,31,1,1,0.3526043669990031,0.5292274210005417
poisson-separated-n5000-d32-seed42,synthetic,poisson,separated_clusters,random_sqrt_clique,5000,32,42.0,False,2,50,49,True,1.0,1,5000,5000,252415,70,70,1,65,31,1,1,0.3526043669990031,0.5346292159993027
poisson-separated-n5000-d32-seed42,synthetic,poisson,separated_clusters,score_sg_antihub,5000,32,42.0,False,2,50,49,True,1.0,1,5000,5000,252415,70,70,1,65,31,1,1,0.3526043669990031,0.5903019329998642
poisson-iid-n5000-d64-seed42,synthetic,poisson,iid,approx_knn_only,5000,64,42.0,False,2,50,49,True,1.0,1,5000,5000,250000,0,70,0,173,70,1,1,0.41322649299763725,0.5626364159979858
poisson-iid-n5000-d64-seed42,synthetic,poisson,iid,random_sqrt_clique,5000,64,42.0,False,2,50,49,True,1.0,1,5000,5000,252415,70,70,0,173,70,1,1,0.41322649299763725,0.5448016240006837
poisson-iid-n5000-d64-seed42,synthetic,poisson,iid,score_sg_antihub,5000,64,42.0,False,2,50,49,True,1.0,1,5000,5000,252415,70,70,0,173,70,1,1,0.41322649299763725,0.5442803719997755
poisson-separated-n5000-d64-seed42,synthetic,poisson,separated_clusters,approx_knn_only,5000,64,42.0,False,2,50,49,False,0.0,6,834,833,250000,0,70,1,91,1,1,1,0.4454639909999969,0.5569566379999742
poisson-separated-n5000-d64-seed42,synthetic,poisson,separated_clusters,random_sqrt_clique,5000,64,42.0,False,2,50,49,True,1.0,1,5000,5000,252415,70,70,1,91,1,1,1,0.4454639909999969,0.5598543060004886
poisson-separated-n5000-d64-seed42,synthetic,poisson,separated_clusters,score_sg_antihub,5000,64,42.0,False,2,50,49,True,1.0,1,5000,5000,252415,70,70,1,91,1,1,1,0.4454639909999969,0.5862891759970807
poisson-iid-n10000-d2-seed42,synthetic,poisson,iid,approx_knn_only,10000,2,42.0,False,2,50,49,False,0.0,49,3232,52,500000,0,100,0,1190,100,10,22,0.700072186999023,1.300696684000286
poisson-iid-n10000-d2-seed42,synthetic,poisson,iid,random_sqrt_clique,10000,2,42.0,False,2,50,49,False,0.0,15,8635,52,504950,100,100,0,1190,100,10,22,0.700072186999023,1.1381441699995776
poisson-iid-n10000-d2-seed42,synthetic,poisson,iid,score_sg_antihub,10000,2,42.0,False,2,50,49,False,0.0,36,3232,74,504950,100,100,0,1190,100,10,22,0.700072186999023,1.2827522070001578
poisson-separated-n10000-d2-seed42,synthetic,poisson,separated_clusters,approx_knn_only,10000,2,42.0,False,2,50,49,False,0.0,17,1560,54,500000,0,100,9,13,8,1,1,0.7166882829988026,1.1105942360009067
poisson-separated-n10000-d2-seed42,synthetic,poisson,separated_clusters,random_sqrt_clique,10000,2,42.0,False,2,50,49,False,0.0,6,9675,54,504950,100,100,9,13,8,1,1,0.7166882829988026,1.0891451799980132
poisson-separated-n10000-d2-seed42,synthetic,poisson,separated_clusters,score_sg_antihub,10000,2,42.0,False,2,50,49,False,0.0,5,9637,71,504950,100,100,9,13,8,1,1,0.7166882829988026,1.2183678619985585
poisson-iid-n10000-d10-seed42,synthetic,poisson,iid,approx_knn_only,10000,10,42.0,False,2,50,49,True,1.0,1,10000,10000,500000,0,100,3,31,26,1,1,0.6806982069974765,1.121039785000903
poisson-iid-n10000-d10-seed42,synthetic,poisson,iid,random_sqrt_clique,10000,10,42.0,False,2,50,49,True,1.0,1,10000,10000,504950,100,100,3,31,26,1,1,0.6806982069974765,1.1150314529986645
poisson-iid-n10000-d10-seed42,synthetic,poisson,iid,score_sg_antihub,10000,10,42.0,False,2,50,49,True,1.0,1,10000,10000,504950,100,100,3,31,26,1,1,0.6806982069974765,1.200442440000188
poisson-separated-n10000-d10-seed42,synthetic,poisson,separated_clusters,approx_knn_only,10000,10,42.0,False,2,50,49,False,0.0,6,1667,1666,500000,0,100,3,51,9,1,1,0.6319570579980791,1.0834207869993406
poisson-separated-n10000-d10-seed42,synthetic,poisson,separated_clusters,random_sqrt_clique,10000,10,42.0,False,2,50,49,True,1.0,1,10000,10000,504950,100,100,3,51,9,1,1,0.6319570579980791,1.1111955759988632
poisson-separated-n10000-d10-seed42,synthetic,poisson,separated_clusters,score_sg_antihub,10000,10,42.0,False,2,50,49,True,1.0,1,10000,10000,504950,100,100,3,51,9,1,1,0.6319570579980791,1.1925831449989346
poisson-iid-n10000-d32-seed42,synthetic,poisson,iid,approx_knn_only,10000,32,42.0,False,2,50,49,True,1.0,1,10000,10000,500000,0,100,0,136,100,1,1,0.665905563000706,1.1142096059993492
poisson-iid-n10000-d32-seed42,synthetic,poisson,iid,random_sqrt_clique,10000,32,42.0,False,2,50,49,True,1.0,1,10000,10000,504950,100,100,0,136,100,1,1,0.665905563000706,1.1390572290001728
poisson-iid-n10000-d32-seed42,synthetic,poisson,iid,score_sg_antihub,10000,32,42.0,False,2,50,49,True,1.0,1,10000,10000,504950,100,100,0,136,100,1,1,0.665905563000706,1.1910175479970349
poisson-separated-n10000-d32-seed42,synthetic,poisson,separated_clusters,approx_knn_only,10000,32,42.0,False,2,50,49,False,0.0,6,1667,1666,500000,0,100,0,109,100,1,1,0.6442003619995376,1.1006311639976047
poisson-separated-n10000-d32-seed42,synthetic,poisson,separated_clusters,random_sqrt_clique,10000,32,42.0,False,2,50,49,True,1.0,1,10000,10000,504950,100,100,0,109,100,1,1,0.6442003619995376,1.269074809999438
poisson-separated-n10000-d32-seed42,synthetic,poisson,separated_clusters,score_sg_antihub,10000,32,42.0,False,2,50,49,True,1.0,1,10000,10000,504950,100,100,0,109,100,1,1,0.6442003619995376,1.3196230829998967
poisson-iid-n10000-d64-seed42,synthetic,poisson,iid,approx_knn_only,10000,64,42.0,False,2,50,49,True,1.0,1,10000,10000,500000,0,100,0,361,100,1,1,1.0956583059996774,1.2787046369994641
poisson-iid-n10000-d64-seed42,synthetic,poisson,iid,random_sqrt_clique,10000,64,42.0,False,2,50,49,True,1.0,1,10000,10000,504950,100,100,0,361,100,1,1,1.0956583059996774,1.1849648950010305
poisson-iid-n10000-d64-seed42,synthetic,poisson,iid,score_sg_antihub,10000,64,42.0,False,2,50,49,True,1.0,1,10000,10000,504950,100,100,0,361,100,1,1,1.0956583059996774,1.4637613760023669
poisson-separated-n10000-d64-seed42,synthetic,poisson,separated_clusters,approx_knn_only,10000,64,42.0,False,2,50,49,False,0.0,6,1667,1666,500000,0,100,0,227,100,1,1,0.8601354470010847,1.6381407699991541
poisson-separated-n10000-d64-seed42,synthetic,poisson,separated_clusters,random_sqrt_clique,10000,64,42.0,False,2,50,49,True,1.0,1,10000,10000,504950,100,100,0,227,100,1,1,0.8601354470010847,1.154832272000931
poisson-separated-n10000-d64-seed42,synthetic,poisson,separated_clusters,score_sg_antihub,10000,64,42.0,False,2,50,49,True,1.0,1,10000,10000,504950,100,100,0,227,100,1,1,0.8601354470010847,1.09594316500079
chi_square-iid-n1000-d2-seed42,synthetic,chi_square,iid,approx_knn_only,1000,2,42.0,False,2,50,49,True,1.0,1,1000,1000,50000,0,31,27,3,1,1,1,0.1610009229989373,0.11213049000070896
chi_square-iid-n1000-d2-seed42,synthetic,chi_square,iid,random_sqrt_clique,1000,2,42.0,False,2,50,49,True,1.0,1,1000,1000,50465,31,31,27,3,1,1,1,0.1610009229989373,0.11222771600296255
chi_square-iid-n1000-d2-seed42,synthetic,chi_square,iid,score_sg_antihub,1000,2,42.0,False,2,50,49,True,1.0,1,1000,1000,50465,31,31,27,3,1,1,1,0.1610009229989373,0.1261317090029479
chi_square-separated-n1000-d2-seed42,synthetic,chi_square,separated_clusters,approx_knn_only,1000,2,42.0,False,2,50,49,False,0.0,4,499,167,50000,0,31,9,6,6,1,1,0.16334328999801073,0.12806413400176098
chi_square-separated-n1000-d2-seed42,synthetic,chi_square,separated_clusters,random_sqrt_clique,1000,2,42.0,False,2,50,49,True,1.0,1,1000,1000,50465,31,31,9,6,6,1,1,0.16334328999801073,0.12206174400125747
chi_square-separated-n1000-d2-seed42,synthetic,chi_square,separated_clusters,score_sg_antihub,1000,2,42.0,False,2,50,49,True,1.0,1,1000,1000,50465,31,31,9,6,6,1,1,0.16334328999801073,0.13630472899967572
chi_square-iid-n1000-d10-seed42,synthetic,chi_square,iid,approx_knn_only,1000,10,42.0,False,2,50,49,True,1.0,1,1000,1000,50000,0,31,7,6,6,1,1,0.2223444119990745,0.13757250599883264
chi_square-iid-n1000-d10-seed42,synthetic,chi_square,iid,random_sqrt_clique,1000,10,42.0,False,2,50,49,True,1.0,1,1000,1000,50465,31,31,7,6,6,1,1,0.2223444119990745,0.13944627800083254
chi_square-iid-n1000-d10-seed42,synthetic,chi_square,iid,score_sg_antihub,1000,10,42.0,False,2,50,49,True,1.0,1,1000,1000,50465,31,31,7,6,6,1,1,0.2223444119990745,0.12367241899846704
chi_square-separated-n1000-d10-seed42,synthetic,chi_square,separated_clusters,approx_knn_only,1000,10,42.0,False,2,50,49,False,0.0,6,167,166,50000,0,31,4,4,4,1,1,0.168477408002218,0.11757616499744472
chi_square-separated-n1000-d10-seed42,synthetic,chi_square,separated_clusters,random_sqrt_clique,1000,10,42.0,False,2,50,49,True,1.0,1,1000,1000,50465,31,31,4,4,4,1,1,0.168477408002218,0.10996653499751119
chi_square-separated-n1000-d10-seed42,synthetic,chi_square,separated_clusters,score_sg_antihub,1000,10,42.0,False,2,50,49,True,1.0,1,1000,1000,50465,31,31,4,4,4,1,1,0.168477408002218,0.11413932000141358
chi_square-iid-n1000-d32-seed42,synthetic,chi_square,iid,approx_knn_only,1000,32,42.0,False,2,50,49,True,1.0,1,1000,1000,50000,0,31,2,21,1,1,1,0.14831097299975227,0.11228718900019885
chi_square-iid-n1000-d32-seed42,synthetic,chi_square,iid,random_sqrt_clique,1000,32,42.0,False,2,50,49,True,1.0,1,1000,1000,50465,31,31,2,21,1,1,1,0.14831097299975227,0.10947241399844643
chi_square-iid-n1000-d32-seed42,synthetic,chi_square,iid,score_sg_antihub,1000,32,42.0,False,2,50,49,True,1.0,1,1000,1000,50465,31,31,2,21,1,1,1,0.14831097299975227,0.10873383200305398
chi_square-separated-n1000-d32-seed42,synthetic,chi_square,separated_clusters,approx_knn_only,1000,32,42.0,False,2,50,49,False,0.0,6,167,166,50000,0,31,1,21,17,1,1,0.15663150399996084,0.10859985599745414
chi_square-separated-n1000-d32-seed42,synthetic,chi_square,separated_clusters,random_sqrt_clique,1000,32,42.0,False,2,50,49,True,1.0,1,1000,1000,50465,31,31,1,21,17,1,1,0.15663150399996084,0.12297255399971618
chi_square-separated-n1000-d32-seed42,synthetic,chi_square,separated_clusters,score_sg_antihub,1000,32,42.0,False,2,50,49,True,1.0,1,1000,1000,50465,31,31,1,21,17,1,1,0.15663150399996084,0.11331477700150572
chi_square-iid-n1000-d64-seed42,synthetic,chi_square,iid,approx_knn_only,1000,64,42.0,False,2,50,49,True,1.0,1,1000,1000,50000,0,31,0,35,31,1,1,0.1495746100008546,0.11139503899903502
chi_square-iid-n1000-d64-seed42,synthetic,chi_square,iid,random_sqrt_clique,1000,64,42.0,False,2,50,49,True,1.0,1,1000,1000,50465,31,31,0,35,31,1,1,0.1495746100008546,0.11235931000192068
chi_square-iid-n1000-d64-seed42,synthetic,chi_square,iid,score_sg_antihub,1000,64,42.0,False,2,50,49,True,1.0,1,1000,1000,50465,31,31,0,35,31,1,1,0.1495746100008546,0.11306993600010173
chi_square-separated-n1000-d64-seed42,synthetic,chi_square,separated_clusters,approx_knn_only,1000,64,42.0,False,2,50,49,False,0.0,6,167,166,50000,0,31,1,31,1,1,1,0.2126997109990043,0.111625270001241
chi_square-separated-n1000-d64-seed42,synthetic,chi_square,separated_clusters,random_sqrt_clique,1000,64,42.0,False,2,50,49,True,1.0,1,1000,1000,50465,31,31,1,31,1,1,1,0.2126997109990043,0.10872530299820937
chi_square-separated-n1000-d64-seed42,synthetic,chi_square,separated_clusters,score_sg_antihub,1000,64,42.0,False,2,50,49,True,1.0,1,1000,1000,50465,31,31,1,31,1,1,1,0.2126997109990043,0.10933725200084154
chi_square-iid-n5000-d2-seed42,synthetic,chi_square,iid,approx_knn_only,5000,2,42.0,False,2,50,49,True,1.0,1,5000,5000,250000,0,70,29,15,7,1,1,0.3842204530010349,0.6122930490018916
chi_square-iid-n5000-d2-seed42,synthetic,chi_square,iid,random_sqrt_clique,5000,2,42.0,False,2,50,49,True,1.0,1,5000,5000,252415,70,70,29,15,7,1,1,0.3842204530010349,0.5606249640004535
chi_square-iid-n5000-d2-seed42,synthetic,chi_square,iid,score_sg_antihub,5000,2,42.0,False,2,50,49,True,1.0,1,5000,5000,252415,70,70,29,15,7,1,1,0.3842204530010349,0.5492534920012986
chi_square-separated-n5000-d2-seed42,synthetic,chi_square,separated_clusters,approx_knn_only,5000,2,42.0,False,2,50,49,False,0.0,2,2501,2499,250000,0,70,17,9,8,2,2,0.3867394990011235,0.5460725759985507
chi_square-separated-n5000-d2-seed42,synthetic,chi_square,separated_clusters,random_sqrt_clique,5000,2,42.0,False,2,50,49,True,1.0,1,5000,5000,252415,70,70,17,9,8,2,2,0.3867394990011235,0.5383280930000183
chi_square-separated-n5000-d2-seed42,synthetic,chi_square,separated_clusters,score_sg_antihub,5000,2,42.0,False,2,50,49,True,1.0,1,5000,5000,252415,70,70,17,9,8,2,2,0.3867394990011235,0.5347437749987876
chi_square-iid-n5000-d10-seed42,synthetic,chi_square,iid,approx_knn_only,5000,10,42.0,False,2,50,49,True,1.0,1,5000,5000,250000,0,70,6,22,13,1,1,0.4123526440016576,0.6120600510002987
chi_square-iid-n5000-d10-seed42,synthetic,chi_square,iid,random_sqrt_clique,5000,10,42.0,False,2,50,49,True,1.0,1,5000,5000,252415,70,70,6,22,13,1,1,0.4123526440016576,0.5743527480008197
chi_square-iid-n5000-d10-seed42,synthetic,chi_square,iid,score_sg_antihub,5000,10,42.0,False,2,50,49,True,1.0,1,5000,5000,252415,70,70,6,22,13,1,1,0.4123526440016576,0.560833259998617
chi_square-separated-n5000-d10-seed42,synthetic,chi_square,separated_clusters,approx_knn_only,5000,10,42.0,False,2,50,49,False,0.0,6,834,833,250000,0,70,4,32,14,1,1,0.4200392329985334,0.5694430039984582
chi_square-separated-n5000-d10-seed42,synthetic,chi_square,separated_clusters,random_sqrt_clique,5000,10,42.0,False,2,50,49,True,1.0,1,5000,5000,252415,70,70,4,32,14,1,1,0.4200392329985334,0.5719981380025274
chi_square-separated-n5000-d10-seed42,synthetic,chi_square,separated_clusters,score_sg_antihub,5000,10,42.0,False,2,50,49,True,1.0,1,5000,5000,252415,70,70,4,32,14,1,1,0.4200392329985334,0.5964967309992062
chi_square-iid-n5000-d32-seed42,synthetic,chi_square,iid,approx_knn_only,5000,32,42.0,False,2,50,49,True,1.0,1,5000,5000,250000,0,70,1,78,16,1,1,0.41019130899803713,0.5810817929996119
chi_square-iid-n5000-d32-seed42,synthetic,chi_square,iid,random_sqrt_clique,5000,32,42.0,False,2,50,49,True,1.0,1,5000,5000,252415,70,70,1,78,16,1,1,0.41019130899803713,0.5471390960010467
chi_square-iid-n5000-d32-seed42,synthetic,chi_square,iid,score_sg_antihub,5000,32,42.0,False,2,50,49,True,1.0,1,5000,5000,252415,70,70,1,78,16,1,1,0.41019130899803713,0.5490383930009557
chi_square-separated-n5000-d32-seed42,synthetic,chi_square,separated_clusters,approx_knn_only,5000,32,42.0,False,2,50,49,False,0.0,6,834,833,250000,0,70,1,77,8,1,1,0.37229110399857746,0.5636945160003961
chi_square-separated-n5000-d32-seed42,synthetic,chi_square,separated_clusters,random_sqrt_clique,5000,32,42.0,False,2,50,49,True,1.0,1,5000,5000,252415,70,70,1,77,8,1,1,0.37229110399857746,0.5485460820018488
chi_square-separated-n5000-d32-seed42,synthetic,chi_square,separated_clusters,score_sg_antihub,5000,32,42.0,False,2,50,49,True,1.0,1,5000,5000,252415,70,70,1,77,8,1,1,0.37229110399857746,0.5984135500002594
chi_square-iid-n5000-d64-seed42,synthetic,chi_square,iid,approx_knn_only,5000,64,42.0,False,2,50,49,True,1.0,1,5000,5000,250000,0,70,0,210,70,1,1,0.43361427699710475,0.5689334939997934
chi_square-iid-n5000-d64-seed42,synthetic,chi_square,iid,random_sqrt_clique,5000,64,42.0,False,2,50,49,True,1.0,1,5000,5000,252415,70,70,0,210,70,1,1,0.43361427699710475,0.5383114979995298
chi_square-iid-n5000-d64-seed42,synthetic,chi_square,iid,score_sg_antihub,5000,64,42.0,False,2,50,49,True,1.0,1,5000,5000,252415,70,70,0,210,70,1,1,0.43361427699710475,0.5473191609999049
chi_square-separated-n5000-d64-seed42,synthetic,chi_square,separated_clusters,approx_knn_only,5000,64,42.0,False,2,50,49,False,0.0,6,834,833,250000,0,70,0,206,70,1,1,0.38463146099820733,0.5581116430003021
chi_square-separated-n5000-d64-seed42,synthetic,chi_square,separated_clusters,random_sqrt_clique,5000,64,42.0,False,2,50,49,True,1.0,1,5000,5000,252415,70,70,0,206,70,1,1,0.38463146099820733,0.5524079429997073
chi_square-separated-n5000-d64-seed42,synthetic,chi_square,separated_clusters,score_sg_antihub,5000,64,42.0,False,2,50,49,True,1.0,1,5000,5000,252415,70,70,0,206,70,1,1,0.38463146099820733,0.6174112119988422
chi_square-iid-n10000-d2-seed42,synthetic,chi_square,iid,approx_knn_only,10000,2,42.0,False,2,50,49,True,1.0,1,10000,10000,500000,0,100,29,24,16,1,1,0.6613586760031467,1.1171345010006917
chi_square-iid-n10000-d2-seed42,synthetic,chi_square,iid,random_sqrt_clique,10000,2,42.0,False,2,50,49,True,1.0,1,10000,10000,504950,100,100,29,24,16,1,1,0.6613586760031467,1.1219501769992348
chi_square-iid-n10000-d2-seed42,synthetic,chi_square,iid,score_sg_antihub,10000,2,42.0,False,2,50,49,True,1.0,1,10000,10000,504950,100,100,29,24,16,1,1,0.6613586760031467,1.1946901640003489
chi_square-separated-n10000-d2-seed42,synthetic,chi_square,separated_clusters,approx_knn_only,10000,2,42.0,False,2,50,49,False,0.0,4,3334,1666,500000,0,100,17,11,11,1,1,0.7044363950008119,1.1216385569969134
chi_square-separated-n10000-d2-seed42,synthetic,chi_square,separated_clusters,random_sqrt_clique,10000,2,42.0,False,2,50,49,True,1.0,1,10000,10000,504950,100,100,17,11,11,1,1,0.7044363950008119,1.1088964640002814
chi_square-separated-n10000-d2-seed42,synthetic,chi_square,separated_clusters,score_sg_antihub,10000,2,42.0,False,2,50,49,True,1.0,1,10000,10000,504950,100,100,17,11,11,1,1,0.7044363950008119,1.1709593729974586
chi_square-iid-n10000-d10-seed42,synthetic,chi_square,iid,approx_knn_only,10000,10,42.0,False,2,50,49,True,1.0,1,10000,10000,500000,0,100,6,25,12,1,1,0.6908750699985831,1.1117037940020964
chi_square-iid-n10000-d10-seed42,synthetic,chi_square,iid,random_sqrt_clique,10000,10,42.0,False,2,50,49,True,1.0,1,10000,10000,504950,100,100,6,25,12,1,1,0.6908750699985831,1.1302380609995453
chi_square-iid-n10000-d10-seed42,synthetic,chi_square,iid,score_sg_antihub,10000,10,42.0,False,2,50,49,True,1.0,1,10000,10000,504950,100,100,6,25,12,1,1,0.6908750699985831,1.2248300419996667
chi_square-separated-n10000-d10-seed42,synthetic,chi_square,separated_clusters,approx_knn_only,10000,10,42.0,False,2,50,49,False,0.0,6,1667,1666,500000,0,100,4,39,19,1,1,0.7226430390001042,1.1153067509985704
chi_square-separated-n10000-d10-seed42,synthetic,chi_square,separated_clusters,random_sqrt_clique,10000,10,42.0,False,2,50,49,True,1.0,1,10000,10000,504950,100,100,4,39,19,1,1,0.7226430390001042,1.2866613099977258
chi_square-separated-n10000-d10-seed42,synthetic,chi_square,separated_clusters,score_sg_antihub,10000,10,42.0,False,2,50,49,True,1.0,1,10000,10000,504950,100,100,4,39,19,1,1,0.7226430390001042,1.308707776999654
chi_square-iid-n10000-d32-seed42,synthetic,chi_square,iid,approx_knn_only,10000,32,42.0,False,2,50,49,True,1.0,1,10000,10000,500000,0,100,1,148,1,1,1,1.016658272001223,1.2185212290023628
chi_square-iid-n10000-d32-seed42,synthetic,chi_square,iid,random_sqrt_clique,10000,32,42.0,False,2,50,49,True,1.0,1,10000,10000,504950,100,100,1,148,1,1,1,1.016658272001223,1.2556790609996824
chi_square-iid-n10000-d32-seed42,synthetic,chi_square,iid,score_sg_antihub,10000,32,42.0,False,2,50,49,True,1.0,1,10000,10000,504950,100,100,1,148,1,1,1,1.016658272001223,1.1184404530031316
chi_square-separated-n10000-d32-seed42,synthetic,chi_square,separated_clusters,approx_knn_only,10000,32,42.0,False,2,50,49,False,0.0,6,1667,1666,500000,0,100,0,130,100,1,1,0.68634227900111,1.0780774380000366
chi_square-separated-n10000-d32-seed42,synthetic,chi_square,separated_clusters,random_sqrt_clique,10000,32,42.0,False,2,50,49,True,1.0,1,10000,10000,504950,100,100,0,130,100,1,1,0.68634227900111,1.2432630930015875
chi_square-separated-n10000-d32-seed42,synthetic,chi_square,separated_clusters,score_sg_antihub,10000,32,42.0,False,2,50,49,True,1.0,1,10000,10000,504950,100,100,0,130,100,1,1,0.68634227900111,1.094377594999969
chi_square-iid-n10000-d64-seed42,synthetic,chi_square,iid,approx_knn_only,10000,64,42.0,False,2,50,49,True,1.0,1,10000,10000,500000,0,100,0,440,100,1,1,0.7316856020006526,1.178081463000126
chi_square-iid-n10000-d64-seed42,synthetic,chi_square,iid,random_sqrt_clique,10000,64,42.0,False,2,50,49,True,1.0,1,10000,10000,504950,100,100,0,440,100,1,1,0.7316856020006526,1.2072143030018196
chi_square-iid-n10000-d64-seed42,synthetic,chi_square,iid,score_sg_antihub,10000,64,42.0,False,2,50,49,True,1.0,1,10000,10000,504950,100,100,0,440,100,1,1,0.7316856020006526,1.091038510996441
chi_square-separated-n10000-d64-seed42,synthetic,chi_square,separated_clusters,approx_knn_only,10000,64,42.0,False,2,50,49,False,0.0,6,1667,1666,500000,0,100,0,450,100,1,1,0.6824551790014084,1.1070387220024713
chi_square-separated-n10000-d64-seed42,synthetic,chi_square,separated_clusters,random_sqrt_clique,10000,64,42.0,False,2,50,49,True,1.0,1,10000,10000,504950,100,100,0,450,100,1,1,0.6824551790014084,1.20419374300036
chi_square-separated-n10000-d64-seed42,synthetic,chi_square,separated_clusters,score_sg_antihub,10000,64,42.0,False,2,50,49,True,1.0,1,10000,10000,504950,100,100,0,450,100,1,1,0.6824551790014084,1.0888800400025502
gamma-iid-n1000-d2-seed42,synthetic,gamma,iid,approx_knn_only,1000,2,42.0,False,2,50,49,True,1.0,1,1000,1000,50000,0,31,22,2,1,1,1,0.14354731899948092,0.11311052299788571
gamma-iid-n1000-d2-seed42,synthetic,gamma,iid,random_sqrt_clique,1000,2,42.0,False,2,50,49,True,1.0,1,1000,1000,50465,31,31,22,2,1,1,1,0.14354731899948092,0.10683951799728675
gamma-iid-n1000-d2-seed42,synthetic,gamma,iid,score_sg_antihub,1000,2,42.0,False,2,50,49,True,1.0,1,1000,1000,50465,31,31,22,2,1,1,1,0.14354731899948092,0.10635206300139544
gamma-separated-n1000-d2-seed42,synthetic,gamma,separated_clusters,approx_knn_only,1000,2,42.0,False,2,50,49,False,0.0,6,167,166,50000,0,31,10,5,3,1,1,0.14839485400079866,0.11260743299862952
gamma-separated-n1000-d2-seed42,synthetic,gamma,separated_clusters,random_sqrt_clique,1000,2,42.0,False,2,50,49,True,1.0,1,1000,1000,50465,31,31,10,5,3,1,1,0.14839485400079866,0.1074268620031944
gamma-separated-n1000-d2-seed42,synthetic,gamma,separated_clusters,score_sg_antihub,1000,2,42.0,False,2,50,49,True,1.0,1,1000,1000,50465,31,31,10,5,3,1,1,0.14839485400079866,0.10960876000171993
gamma-iid-n1000-d10-seed42,synthetic,gamma,iid,approx_knn_only,1000,10,42.0,False,2,50,49,True,1.0,1,1000,1000,50000,0,31,6,9,9,1,1,0.13191940099932253,0.11600642100165715
gamma-iid-n1000-d10-seed42,synthetic,gamma,iid,random_sqrt_clique,1000,10,42.0,False,2,50,49,True,1.0,1,1000,1000,50465,31,31,6,9,9,1,1,0.13191940099932253,0.1075514709991694
gamma-iid-n1000-d10-seed42,synthetic,gamma,iid,score_sg_antihub,1000,10,42.0,False,2,50,49,True,1.0,1,1000,1000,50465,31,31,6,9,9,1,1,0.13191940099932253,0.1076182559991139
gamma-separated-n1000-d10-seed42,synthetic,gamma,separated_clusters,approx_knn_only,1000,10,42.0,False,2,50,49,False,0.0,6,167,166,50000,0,31,5,9,6,1,1,0.17214611799863633,0.12992031900284928
gamma-separated-n1000-d10-seed42,synthetic,gamma,separated_clusters,random_sqrt_clique,1000,10,42.0,False,2,50,49,True,1.0,1,1000,1000,50465,31,31,5,9,6,1,1,0.17214611799863633,0.1286870549993182
gamma-separated-n1000-d10-seed42,synthetic,gamma,separated_clusters,score_sg_antihub,1000,10,42.0,False,2,50,49,True,1.0,1,1000,1000,50465,31,31,5,9,6,1,1,0.17214611799863633,0.1274453599980916
gamma-iid-n1000-d32-seed42,synthetic,gamma,iid,approx_knn_only,1000,32,42.0,False,2,50,49,True,1.0,1,1000,1000,50000,0,31,1,15,12,1,1,0.16564796400052728,0.12421794400142971
gamma-iid-n1000-d32-seed42,synthetic,gamma,iid,random_sqrt_clique,1000,32,42.0,False,2,50,49,True,1.0,1,1000,1000,50465,31,31,1,15,12,1,1,0.16564796400052728,0.12566164000236313
gamma-iid-n1000-d32-seed42,synthetic,gamma,iid,score_sg_antihub,1000,32,42.0,False,2,50,49,True,1.0,1,1000,1000,50465,31,31,1,15,12,1,1,0.16564796400052728,0.12343392399998265
gamma-separated-n1000-d32-seed42,synthetic,gamma,separated_clusters,approx_knn_only,1000,32,42.0,False,2,50,49,False,0.0,6,167,166,50000,0,31,2,12,5,1,1,0.1740806519992475,0.11327508600152214
gamma-separated-n1000-d32-seed42,synthetic,gamma,separated_clusters,random_sqrt_clique,1000,32,42.0,False,2,50,49,True,1.0,1,1000,1000,50465,31,31,2,12,5,1,1,0.1740806519992475,0.10934442000143463
gamma-separated-n1000-d32-seed42,synthetic,gamma,separated_clusters,score_sg_antihub,1000,32,42.0,False,2,50,49,True,1.0,1,1000,1000,50465,31,31,2,12,5,1,1,0.1740806519992475,0.11309431399786263
gamma-iid-n1000-d64-seed42,synthetic,gamma,iid,approx_knn_only,1000,64,42.0,False,2,50,49,True,1.0,1,1000,1000,50000,0,31,0,40,31,1,1,0.16409081899837474,0.11461870699713472
gamma-iid-n1000-d64-seed42,synthetic,gamma,iid,random_sqrt_clique,1000,64,42.0,False,2,50,49,True,1.0,1,1000,1000,50465,31,31,0,40,31,1,1,0.16409081899837474,0.10732022999945912
gamma-iid-n1000-d64-seed42,synthetic,gamma,iid,score_sg_antihub,1000,64,42.0,False,2,50,49,True,1.0,1,1000,1000,50465,31,31,0,40,31,1,1,0.16409081899837474,0.11070266000024276
gamma-separated-n1000-d64-seed42,synthetic,gamma,separated_clusters,approx_knn_only,1000,64,42.0,False,2,50,49,False,0.0,6,167,166,50000,0,31,1,20,15,1,1,0.1458661700016819,0.1200916559973848
gamma-separated-n1000-d64-seed42,synthetic,gamma,separated_clusters,random_sqrt_clique,1000,64,42.0,False,2,50,49,True,1.0,1,1000,1000,50465,31,31,1,20,15,1,1,0.1458661700016819,0.10796063000088907
gamma-separated-n1000-d64-seed42,synthetic,gamma,separated_clusters,score_sg_antihub,1000,64,42.0,False,2,50,49,True,1.0,1,1000,1000,50465,31,31,1,20,15,1,1,0.1458661700016819,0.11054660499939928
gamma-iid-n5000-d2-seed42,synthetic,gamma,iid,approx_knn_only,5000,2,42.0,False,2,50,49,True,1.0,1,5000,5000,250000,0,70,24,8,2,1,1,0.35403011000016704,0.5463594130014826
gamma-iid-n5000-d2-seed42,synthetic,gamma,iid,random_sqrt_clique,5000,2,42.0,False,2,50,49,True,1.0,1,5000,5000,252415,70,70,24,8,2,1,1,0.35403011000016704,0.557092470000498
gamma-iid-n5000-d2-seed42,synthetic,gamma,iid,score_sg_antihub,5000,2,42.0,False,2,50,49,True,1.0,1,5000,5000,252415,70,70,24,8,2,1,1,0.35403011000016704,0.6125863839988597
gamma-separated-n5000-d2-seed42,synthetic,gamma,separated_clusters,approx_knn_only,5000,2,42.0,False,2,50,49,False,0.0,6,834,833,250000,0,70,15,6,1,1,1,0.4089465590004693,0.5595077489997493
gamma-separated-n5000-d2-seed42,synthetic,gamma,separated_clusters,random_sqrt_clique,5000,2,42.0,False,2,50,49,True,1.0,1,5000,5000,252415,70,70,15,6,1,1,1,0.4089465590004693,0.5507294880007976
gamma-separated-n5000-d2-seed42,synthetic,gamma,separated_clusters,score_sg_antihub,5000,2,42.0,False,2,50,49,True,1.0,1,5000,5000,252415,70,70,15,6,1,1,1,0.4089465590004693,0.5519943049985159
gamma-iid-n5000-d10-seed42,synthetic,gamma,iid,approx_knn_only,5000,10,42.0,False,2,50,49,True,1.0,1,5000,5000,250000,0,70,6,20,5,1,1,0.357173184002022,0.552588447000744
gamma-iid-n5000-d10-seed42,synthetic,gamma,iid,random_sqrt_clique,5000,10,42.0,False,2,50,49,True,1.0,1,5000,5000,252415,70,70,6,20,5,1,1,0.357173184002022,0.5716616850004357
gamma-iid-n5000-d10-seed42,synthetic,gamma,iid,score_sg_antihub,5000,10,42.0,False,2,50,49,True,1.0,1,5000,5000,252415,70,70,6,20,5,1,1,0.357173184002022,0.6368632929988962
gamma-separated-n5000-d10-seed42,synthetic,gamma,separated_clusters,approx_knn_only,5000,10,42.0,False,2,50,49,False,0.0,6,834,833,250000,0,70,4,30,7,1,1,0.41780309599926113,0.5513109569983499
gamma-separated-n5000-d10-seed42,synthetic,gamma,separated_clusters,random_sqrt_clique,5000,10,42.0,False,2,50,49,True,1.0,1,5000,5000,252415,70,70,4,30,7,1,1,0.41780309599926113,0.5657214120001299
gamma-separated-n5000-d10-seed42,synthetic,gamma,separated_clusters,score_sg_antihub,5000,10,42.0,False,2,50,49,True,1.0,1,5000,5000,252415,70,70,4,30,7,1,1,0.41780309599926113,0.5654011520018685
gamma-iid-n5000-d32-seed42,synthetic,gamma,iid,approx_knn_only,5000,32,42.0,False,2,50,49,True,1.0,1,5000,5000,250000,0,70,1,91,8,1,1,0.41121882099832874,0.5440975080018688
gamma-iid-n5000-d32-seed42,synthetic,gamma,iid,random_sqrt_clique,5000,32,42.0,False,2,50,49,True,1.0,1,5000,5000,252415,70,70,1,91,8,1,1,0.41121882099832874,0.5966454299996258
gamma-iid-n5000-d32-seed42,synthetic,gamma,iid,score_sg_antihub,5000,32,42.0,False,2,50,49,True,1.0,1,5000,5000,252415,70,70,1,91,8,1,1,0.41121882099832874,0.6374828130028618
gamma-separated-n5000-d32-seed42,synthetic,gamma,separated_clusters,approx_knn_only,5000,32,42.0,False,2,50,49,False,0.0,6,834,833,250000,0,70,1,83,7,1,1,0.36181432900048094,0.5565076429993496
gamma-separated-n5000-d32-seed42,synthetic,gamma,separated_clusters,random_sqrt_clique,5000,32,42.0,False,2,50,49,True,1.0,1,5000,5000,252415,70,70,1,83,7,1,1,0.36181432900048094,0.6308817329991143
gamma-separated-n5000-d32-seed42,synthetic,gamma,separated_clusters,score_sg_antihub,5000,32,42.0,False,2,50,49,True,1.0,1,5000,5000,252415,70,70,1,83,7,1,1,0.36181432900048094,0.620195503001014
gamma-iid-n5000-d64-seed42,synthetic,gamma,iid,approx_knn_only,5000,64,42.0,False,2,50,49,True,1.0,1,5000,5000,250000,0,70,0,215,70,1,1,0.4109325360004732,0.5716707159990619
gamma-iid-n5000-d64-seed42,synthetic,gamma,iid,random_sqrt_clique,5000,64,42.0,False,2,50,49,True,1.0,1,5000,5000,252415,70,70,0,215,70,1,1,0.4109325360004732,0.6321414740014006
gamma-iid-n5000-d64-seed42,synthetic,gamma,iid,score_sg_antihub,5000,64,42.0,False,2,50,49,True,1.0,1,5000,5000,252415,70,70,0,215,70,1,1,0.4109325360004732,0.5884415679975064
gamma-separated-n5000-d64-seed42,synthetic,gamma,separated_clusters,approx_knn_only,5000,64,42.0,False,2,50,49,False,0.0,6,834,833,250000,0,70,0,190,70,1,1,0.4033287489983195,0.552474768999673
gamma-separated-n5000-d64-seed42,synthetic,gamma,separated_clusters,random_sqrt_clique,5000,64,42.0,False,2,50,49,True,1.0,1,5000,5000,252415,70,70,0,190,70,1,1,0.4033287489983195,0.5485413890019117
gamma-separated-n5000-d64-seed42,synthetic,gamma,separated_clusters,score_sg_antihub,5000,64,42.0,False,2,50,49,True,1.0,1,5000,5000,252415,70,70,0,190,70,1,1,0.4033287489983195,0.5478502420010045
gamma-iid-n10000-d2-seed42,synthetic,gamma,iid,approx_knn_only,10000,2,42.0,False,2,50,49,True,1.0,1,10000,10000,500000,0,100,25,13,6,1,1,0.6641237290023128,1.2148606890004885
gamma-iid-n10000-d2-seed42,synthetic,gamma,iid,random_sqrt_clique,10000,2,42.0,False,2,50,49,True,1.0,1,10000,10000,504950,100,100,25,13,6,1,1,0.6641237290023128,1.0972857240012672
gamma-iid-n10000-d2-seed42,synthetic,gamma,iid,score_sg_antihub,10000,2,42.0,False,2,50,49,True,1.0,1,10000,10000,504950,100,100,25,13,6,1,1,0.6641237290023128,1.0794178119977005
gamma-separated-n10000-d2-seed42,synthetic,gamma,separated_clusters,approx_knn_only,10000,2,42.0,False,2,50,49,False,0.0,5,3333,1666,500000,0,100,18,14,4,1,1,0.6825940570015518,1.2030464909985312
gamma-separated-n10000-d2-seed42,synthetic,gamma,separated_clusters,random_sqrt_clique,10000,2,42.0,False,2,50,49,True,1.0,1,10000,10000,504950,100,100,18,14,4,1,1,0.6825940570015518,1.115506167003332
gamma-separated-n10000-d2-seed42,synthetic,gamma,separated_clusters,score_sg_antihub,10000,2,42.0,False,2,50,49,True,1.0,1,10000,10000,504950,100,100,18,14,4,1,1,0.6825940570015518,1.0869948499966995
gamma-iid-n10000-d10-seed42,synthetic,gamma,iid,approx_knn_only,10000,10,42.0,False,2,50,49,True,1.0,1,10000,10000,500000,0,100,6,30,4,1,1,0.7317641099980392,1.166202559001249
gamma-iid-n10000-d10-seed42,synthetic,gamma,iid,random_sqrt_clique,10000,10,42.0,False,2,50,49,True,1.0,1,10000,10000,504950,100,100,6,30,4,1,1,0.7317641099980392,1.0845112220013107
gamma-iid-n10000-d10-seed42,synthetic,gamma,iid,score_sg_antihub,10000,10,42.0,False,2,50,49,True,1.0,1,10000,10000,504950,100,100,6,30,4,1,1,0.7317641099980392,1.0753085079995799
gamma-separated-n10000-d10-seed42,synthetic,gamma,separated_clusters,approx_knn_only,10000,10,42.0,False,2,50,49,False,0.0,6,1667,1666,500000,0,100,3,35,30,1,1,0.7376610339997569,1.1638900480029406
gamma-separated-n10000-d10-seed42,synthetic,gamma,separated_clusters,random_sqrt_clique,10000,10,42.0,False,2,50,49,True,1.0,1,10000,10000,504950,100,100,3,35,30,1,1,0.7376610339997569,1.1022521310005686
gamma-separated-n10000-d10-seed42,synthetic,gamma,separated_clusters,score_sg_antihub,10000,10,42.0,False,2,50,49,True,1.0,1,10000,10000,504950,100,100,3,35,30,1,1,0.7376610339997569,1.069454639997275
gamma-iid-n10000-d32-seed42,synthetic,gamma,iid,approx_knn_only,10000,32,42.0,False,2,50,49,True,1.0,1,10000,10000,500000,0,100,0,125,100,1,1,0.7340662280003016,1.164560765002534
gamma-iid-n10000-d32-seed42,synthetic,gamma,iid,random_sqrt_clique,10000,32,42.0,False,2,50,49,True,1.0,1,10000,10000,504950,100,100,0,125,100,1,1,0.7340662280003016,1.094254297997395
gamma-iid-n10000-d32-seed42,synthetic,gamma,iid,score_sg_antihub,10000,32,42.0,False,2,50,49,True,1.0,1,10000,10000,504950,100,100,0,125,100,1,1,0.7340662280003016,1.065682492000633
gamma-separated-n10000-d32-seed42,synthetic,gamma,separated_clusters,approx_knn_only,10000,32,42.0,False,2,50,49,False,0.0,6,1667,1666,500000,0,100,0,138,100,1,1,0.6844115839994629,1.1519564970003557
gamma-separated-n10000-d32-seed42,synthetic,gamma,separated_clusters,random_sqrt_clique,10000,32,42.0,False,2,50,49,True,1.0,1,10000,10000,504950,100,100,0,138,100,1,1,0.6844115839994629,1.0982070149984793
gamma-separated-n10000-d32-seed42,synthetic,gamma,separated_clusters,score_sg_antihub,10000,32,42.0,False,2,50,49,True,1.0,1,10000,10000,504950,100,100,0,138,100,1,1,0.6844115839994629,1.0676439069975459
gamma-iid-n10000-d64-seed42,synthetic,gamma,iid,approx_knn_only,10000,64,42.0,False,2,50,49,True,1.0,1,10000,10000,500000,0,100,0,457,100,2,2,0.8169739599979948,1.176840184001776
gamma-iid-n10000-d64-seed42,synthetic,gamma,iid,random_sqrt_clique,10000,64,42.0,False,2,50,49,True,1.0,1,10000,10000,504950,100,100,0,457,100,2,2,0.8169739599979948,1.0784735390006972
gamma-iid-n10000-d64-seed42,synthetic,gamma,iid,score_sg_antihub,10000,64,42.0,False,2,50,49,True,1.0,1,10000,10000,504950,100,100,0,457,100,2,2,0.8169739599979948,1.071707326998876
gamma-separated-n10000-d64-seed42,synthetic,gamma,separated_clusters,approx_knn_only,10000,64,42.0,False,2,50,49,False,0.0,6,1667,1666,500000,0,100,0,416,100,1,1,0.8520686740012025,1.1213856149988715
gamma-separated-n10000-d64-seed42,synthetic,gamma,separated_clusters,random_sqrt_clique,10000,64,42.0,False,2,50,49,True,1.0,1,10000,10000,504950,100,100,0,416,100,1,1,0.8520686740012025,1.0778960789975827
gamma-separated-n10000-d64-seed42,synthetic,gamma,separated_clusters,score_sg_antihub,10000,64,42.0,False,2,50,49,True,1.0,1,10000,10000,504950,100,100,0,416,100,1,1,0.8520686740012025,1.0799091840017354
beta-iid-n1000-d2-seed42,synthetic,beta,iid,approx_knn_only,1000,2,42.0,False,2,50,49,True,1.0,1,1000,1000,50000,0,31,21,6,5,1,1,0.14902617299958365,0.1194505899984506
beta-iid-n1000-d2-seed42,synthetic,beta,iid,random_sqrt_clique,1000,2,42.0,False,2,50,49,True,1.0,1,1000,1000,50465,31,31,21,6,5,1,1,0.14902617299958365,0.12116190300002927
beta-iid-n1000-d2-seed42,synthetic,beta,iid,score_sg_antihub,1000,2,42.0,False,2,50,49,True,1.0,1,1000,1000,50465,31,31,21,6,5,1,1,0.14902617299958365,0.1166538040015439
beta-separated-n1000-d2-seed42,synthetic,beta,separated_clusters,approx_knn_only,1000,2,42.0,False,2,50,49,False,0.0,6,167,166,50000,0,31,13,7,7,1,1,0.15865706200202112,0.12229251399912755
beta-separated-n1000-d2-seed42,synthetic,beta,separated_clusters,random_sqrt_clique,1000,2,42.0,False,2,50,49,True,1.0,1,1000,1000,50465,31,31,13,7,7,1,1,0.15865706200202112,0.11914413100021193
beta-separated-n1000-d2-seed42,synthetic,beta,separated_clusters,score_sg_antihub,1000,2,42.0,False,2,50,49,True,1.0,1,1000,1000,50465,31,31,13,7,7,1,1,0.15865706200202112,0.11856079299832345
beta-iid-n1000-d10-seed42,synthetic,beta,iid,approx_knn_only,1000,10,42.0,False,2,50,49,True,1.0,1,1000,1000,50000,0,31,8,10,3,1,1,0.12933198300015647,0.11179712599914637
beta-iid-n1000-d10-seed42,synthetic,beta,iid,random_sqrt_clique,1000,10,42.0,False,2,50,49,True,1.0,1,1000,1000,50465,31,31,8,10,3,1,1,0.12933198300015647,0.10699087600005441
beta-iid-n1000-d10-seed42,synthetic,beta,iid,score_sg_antihub,1000,10,42.0,False,2,50,49,True,1.0,1,1000,1000,50465,31,31,8,10,3,1,1,0.12933198300015647,0.10449684800187242
beta-separated-n1000-d10-seed42,synthetic,beta,separated_clusters,approx_knn_only,1000,10,42.0,False,2,50,49,False,0.0,6,167,166,50000,0,31,9,6,5,1,1,0.14140723899981822,0.11248753700056113
beta-separated-n1000-d10-seed42,synthetic,beta,separated_clusters,random_sqrt_clique,1000,10,42.0,False,2,50,49,True,1.0,1,1000,1000,50465,31,31,9,6,5,1,1,0.14140723899981822,0.10731384300015634
beta-separated-n1000-d10-seed42,synthetic,beta,separated_clusters,score_sg_antihub,1000,10,42.0,False,2,50,49,True,1.0,1,1000,1000,50465,31,31,9,6,5,1,1,0.14140723899981822,0.10751487200104748
beta-iid-n1000-d32-seed42,synthetic,beta,iid,approx_knn_only,1000,32,42.0,False,2,50,49,True,1.0,1,1000,1000,50000,0,31,3,8,7,1,1,0.14613472199926036,0.11230896999768447
beta-iid-n1000-d32-seed42,synthetic,beta,iid,random_sqrt_clique,1000,32,42.0,False,2,50,49,True,1.0,1,1000,1000,50465,31,31,3,8,7,1,1,0.14613472199926036,0.10492923999845516
beta-iid-n1000-d32-seed42,synthetic,beta,iid,score_sg_antihub,1000,32,42.0,False,2,50,49,True,1.0,1,1000,1000,50465,31,31,3,8,7,1,1,0.14613472199926036,0.10756227099773241
beta-separated-n1000-d32-seed42,synthetic,beta,separated_clusters,approx_knn_only,1000,32,42.0,False,2,50,49,False,0.0,6,167,166,50000,0,31,6,10,5,1,1,0.13906574299835484,0.1127081980012008
beta-separated-n1000-d32-seed42,synthetic,beta,separated_clusters,random_sqrt_clique,1000,32,42.0,False,2,50,49,True,1.0,1,1000,1000,50465,31,31,6,10,5,1,1,0.13906574299835484,0.11493102700114832
beta-separated-n1000-d32-seed42,synthetic,beta,separated_clusters,score_sg_antihub,1000,32,42.0,False,2,50,49,True,1.0,1,1000,1000,50465,31,31,6,10,5,1,1,0.13906574299835484,0.10747363499831408
beta-iid-n1000-d64-seed42,synthetic,beta,iid,approx_knn_only,1000,64,42.0,False,2,50,49,True,1.0,1,1000,1000,50000,0,31,2,16,7,1,1,0.13611047200174653,0.11353721200066502
beta-iid-n1000-d64-seed42,synthetic,beta,iid,random_sqrt_clique,1000,64,42.0,False,2,50,49,True,1.0,1,1000,1000,50465,31,31,2,16,7,1,1,0.13611047200174653,0.10721270700014429
beta-iid-n1000-d64-seed42,synthetic,beta,iid,score_sg_antihub,1000,64,42.0,False,2,50,49,True,1.0,1,1000,1000,50465,31,31,2,16,7,1,1,0.13611047200174653,0.11127416100134724
beta-separated-n1000-d64-seed42,synthetic,beta,separated_clusters,approx_knn_only,1000,64,42.0,False,2,50,49,False,0.0,6,167,166,50000,0,31,6,7,4,1,1,0.15203889699841966,0.11653226100315806
beta-separated-n1000-d64-seed42,synthetic,beta,separated_clusters,random_sqrt_clique,1000,64,42.0,False,2,50,49,True,1.0,1,1000,1000,50465,31,31,6,7,4,1,1,0.15203889699841966,0.10704979999718489
beta-separated-n1000-d64-seed42,synthetic,beta,separated_clusters,score_sg_antihub,1000,64,42.0,False,2,50,49,True,1.0,1,1000,1000,50465,31,31,6,7,4,1,1,0.15203889699841966,0.10707765299957828
beta-iid-n5000-d2-seed42,synthetic,beta,iid,approx_knn_only,5000,2,42.0,False,2,50,49,True,1.0,1,5000,5000,250000,0,70,23,18,12,1,1,0.38965187500070897,0.6142814859995269
beta-iid-n5000-d2-seed42,synthetic,beta,iid,random_sqrt_clique,5000,2,42.0,False,2,50,49,True,1.0,1,5000,5000,252415,70,70,23,18,12,1,1,0.38965187500070897,0.5692470409994712
beta-iid-n5000-d2-seed42,synthetic,beta,iid,score_sg_antihub,5000,2,42.0,False,2,50,49,True,1.0,1,5000,5000,252415,70,70,23,18,12,1,1,0.38965187500070897,0.5509726819982461
beta-separated-n5000-d2-seed42,synthetic,beta,separated_clusters,approx_knn_only,5000,2,42.0,False,2,50,49,False,0.0,6,834,833,250000,0,70,17,15,2,1,2,0.38088911499653477,0.5446282830016571
beta-separated-n5000-d2-seed42,synthetic,beta,separated_clusters,random_sqrt_clique,5000,2,42.0,False,2,50,49,True,1.0,1,5000,5000,252415,70,70,17,15,2,1,2,0.38088911499653477,0.5517376609968778
beta-separated-n5000-d2-seed42,synthetic,beta,separated_clusters,score_sg_antihub,5000,2,42.0,False,2,50,49,True,1.0,1,5000,5000,252415,70,70,17,15,2,1,2,0.38088911499653477,0.5576732180015824
beta-iid-n5000-d10-seed42,synthetic,beta,iid,approx_knn_only,5000,10,42.0,False,2,50,49,True,1.0,1,5000,5000,250000,0,70,6,30,12,1,1,0.41334842599826516,0.6146827279990248
beta-iid-n5000-d10-seed42,synthetic,beta,iid,random_sqrt_clique,5000,10,42.0,False,2,50,49,True,1.0,1,5000,5000,252415,70,70,6,30,12,1,1,0.41334842599826516,0.5354237490028027
beta-iid-n5000-d10-seed42,synthetic,beta,iid,score_sg_antihub,5000,10,42.0,False,2,50,49,True,1.0,1,5000,5000,252415,70,70,6,30,12,1,1,0.41334842599826516,0.5413636379998934
beta-separated-n5000-d10-seed42,synthetic,beta,separated_clusters,approx_knn_only,5000,10,42.0,False,2,50,49,False,0.0,6,834,833,250000,0,70,6,31,9,1,1,0.3850003949992242,0.5356944140003179
beta-separated-n5000-d10-seed42,synthetic,beta,separated_clusters,random_sqrt_clique,5000,10,42.0,False,2,50,49,True,1.0,1,5000,5000,252415,70,70,6,31,9,1,1,0.3850003949992242,0.5349454550014343
beta-separated-n5000-d10-seed42,synthetic,beta,separated_clusters,score_sg_antihub,5000,10,42.0,False,2,50,49,True,1.0,1,5000,5000,252415,70,70,6,31,9,1,1,0.3850003949992242,0.5633560940004827
beta-iid-n5000-d32-seed42,synthetic,beta,iid,approx_knn_only,5000,32,42.0,False,2,50,49,True,1.0,1,5000,5000,250000,0,70,1,65,34,1,1,0.38971675299762865,0.5903218080020451
beta-iid-n5000-d32-seed42,synthetic,beta,iid,random_sqrt_clique,5000,32,42.0,False,2,50,49,True,1.0,1,5000,5000,252415,70,70,1,65,34,1,1,0.38971675299762865,0.5430090109985031
beta-iid-n5000-d32-seed42,synthetic,beta,iid,score_sg_antihub,5000,32,42.0,False,2,50,49,True,1.0,1,5000,5000,252415,70,70,1,65,34,1,1,0.38971675299762865,0.538528902001417
beta-separated-n5000-d32-seed42,synthetic,beta,separated_clusters,approx_knn_only,5000,32,42.0,False,2,50,49,False,0.0,6,834,833,250000,0,70,2,42,17,1,1,0.34852884499923675,0.5471385339988046
beta-separated-n5000-d32-seed42,synthetic,beta,separated_clusters,random_sqrt_clique,5000,32,42.0,False,2,50,49,True,1.0,1,5000,5000,252415,70,70,2,42,17,1,1,0.34852884499923675,0.548529622003116
beta-separated-n5000-d32-seed42,synthetic,beta,separated_clusters,score_sg_antihub,5000,32,42.0,False,2,50,49,True,1.0,1,5000,5000,252415,70,70,2,42,17,1,1,0.34852884499923675,0.59160475599856
beta-iid-n5000-d64-seed42,synthetic,beta,iid,approx_knn_only,5000,64,42.0,False,2,50,49,True,1.0,1,5000,5000,250000,0,70,0,120,70,1,1,0.4455967230023816,0.5758172839996405
beta-iid-n5000-d64-seed42,synthetic,beta,iid,random_sqrt_clique,5000,64,42.0,False,2,50,49,True,1.0,1,5000,5000,252415,70,70,0,120,70,1,1,0.4455967230023816,0.5347086799993122
beta-iid-n5000-d64-seed42,synthetic,beta,iid,score_sg_antihub,5000,64,42.0,False,2,50,49,True,1.0,1,5000,5000,252415,70,70,0,120,70,1,1,0.4455967230023816,0.5411425290003535
beta-separated-n5000-d64-seed42,synthetic,beta,separated_clusters,approx_knn_only,5000,64,42.0,False,2,50,49,False,0.0,6,834,833,250000,0,70,1,65,22,1,1,0.37383169699751306,0.5345970199996373
beta-separated-n5000-d64-seed42,synthetic,beta,separated_clusters,random_sqrt_clique,5000,64,42.0,False,2,50,49,True,1.0,1,5000,5000,252415,70,70,1,65,22,1,1,0.37383169699751306,0.5391160670005775
beta-separated-n5000-d64-seed42,synthetic,beta,separated_clusters,score_sg_antihub,5000,64,42.0,False,2,50,49,True,1.0,1,5000,5000,252415,70,70,1,65,22,1,1,0.37383169699751306,0.5943011749986908
beta-iid-n10000-d2-seed42,synthetic,beta,iid,approx_knn_only,10000,2,42.0,False,2,50,49,True,1.0,1,10000,10000,500000,0,100,23,18,12,1,1,0.6881719009979861,1.0707848269994429
beta-iid-n10000-d2-seed42,synthetic,beta,iid,random_sqrt_clique,10000,2,42.0,False,2,50,49,True,1.0,1,10000,10000,504950,100,100,23,18,12,1,1,0.6881719009979861,1.0750999090014375
beta-iid-n10000-d2-seed42,synthetic,beta,iid,score_sg_antihub,10000,2,42.0,False,2,50,49,True,1.0,1,10000,10000,504950,100,100,23,18,12,1,1,0.6881719009979861,1.1269079289995716
beta-separated-n10000-d2-seed42,synthetic,beta,separated_clusters,approx_knn_only,10000,2,42.0,False,2,50,49,False,0.0,6,1667,1666,500000,0,100,17,15,12,1,1,0.72614120399885,1.0688462770012848
beta-separated-n10000-d2-seed42,synthetic,beta,separated_clusters,random_sqrt_clique,10000,2,42.0,False,2,50,49,True,1.0,1,10000,10000,504950,100,100,17,15,12,1,1,0.72614120399885,1.068768953999097
beta-separated-n10000-d2-seed42,synthetic,beta,separated_clusters,score_sg_antihub,10000,2,42.0,False,2,50,49,True,1.0,1,10000,10000,504950,100,100,17,15,12,1,1,0.72614120399885,1.1773454879985366
beta-iid-n10000-d10-seed42,synthetic,beta,iid,approx_knn_only,10000,10,42.0,False,2,50,49,True,1.0,1,10000,10000,500000,0,100,5,42,21,1,1,0.9552689209995151,1.1596709460027341
beta-iid-n10000-d10-seed42,synthetic,beta,iid,random_sqrt_clique,10000,10,42.0,False,2,50,49,True,1.0,1,10000,10000,504950,100,100,5,42,21,1,1,0.9552689209995151,1.0681946789991343
beta-iid-n10000-d10-seed42,synthetic,beta,iid,score_sg_antihub,10000,10,42.0,False,2,50,49,True,1.0,1,10000,10000,504950,100,100,5,42,21,1,1,0.9552689209995151,1.1874009600032878
beta-separated-n10000-d10-seed42,synthetic,beta,separated_clusters,approx_knn_only,10000,10,42.0,False,2,50,49,False,0.0,6,1667,1666,500000,0,100,4,46,44,1,1,0.6752318340004422,1.082985078002821
beta-separated-n10000-d10-seed42,synthetic,beta,separated_clusters,random_sqrt_clique,10000,10,42.0,False,2,50,49,True,1.0,1,10000,10000,504950,100,100,4,46,44,1,1,0.6752318340004422,1.1009911399996781
beta-separated-n10000-d10-seed42,synthetic,beta,separated_clusters,score_sg_antihub,10000,10,42.0,False,2,50,49,True,1.0,1,10000,10000,504950,100,100,4,46,44,1,1,0.6752318340004422,1.2346771900010935
beta-iid-n10000-d32-seed42,synthetic,beta,iid,approx_knn_only,10000,32,42.0,False,2,50,49,True,1.0,1,10000,10000,500000,0,100,1,124,15,1,1,0.7395208400012052,1.1004312160002883
beta-iid-n10000-d32-seed42,synthetic,beta,iid,random_sqrt_clique,10000,32,42.0,False,2,50,49,True,1.0,1,10000,10000,504950,100,100,1,124,15,1,1,0.7395208400012052,1.0591769789971295
beta-iid-n10000-d32-seed42,synthetic,beta,iid,score_sg_antihub,10000,32,42.0,False,2,50,49,True,1.0,1,10000,10000,504950,100,100,1,124,15,1,1,0.7395208400012052,1.2179025370023737
beta-separated-n10000-d32-seed42,synthetic,beta,separated_clusters,approx_knn_only,10000,32,42.0,False,2,50,49,False,0.0,6,1667,1666,500000,0,100,1,78,44,1,1,0.6375341799976013,1.0667057800019393
beta-separated-n10000-d32-seed42,synthetic,beta,separated_clusters,random_sqrt_clique,10000,32,42.0,False,2,50,49,True,1.0,1,10000,10000,504950,100,100,1,78,44,1,1,0.6375341799976013,1.0622879059992556
beta-separated-n10000-d32-seed42,synthetic,beta,separated_clusters,score_sg_antihub,10000,32,42.0,False,2,50,49,True,1.0,1,10000,10000,504950,100,100,1,78,44,1,1,0.6375341799976013,1.2169126629996754
beta-iid-n10000-d64-seed42,synthetic,beta,iid,approx_knn_only,10000,64,42.0,False,2,50,49,True,1.0,1,10000,10000,500000,0,100,0,236,100,1,1,0.72739244100012,1.07551647499713
beta-iid-n10000-d64-seed42,synthetic,beta,iid,random_sqrt_clique,10000,64,42.0,False,2,50,49,True,1.0,1,10000,10000,504950,100,100,0,236,100,1,1,0.72739244100012,1.0586265609999828
beta-iid-n10000-d64-seed42,synthetic,beta,iid,score_sg_antihub,10000,64,42.0,False,2,50,49,True,1.0,1,10000,10000,504950,100,100,0,236,100,1,1,0.72739244100012,1.2119434039996122
beta-separated-n10000-d64-seed42,synthetic,beta,separated_clusters,approx_knn_only,10000,64,42.0,False,2,50,49,False,0.0,6,1667,1666,500000,0,100,0,126,100,1,1,0.6493051340003149,1.095737821997318
beta-separated-n10000-d64-seed42,synthetic,beta,separated_clusters,random_sqrt_clique,10000,64,42.0,False,2,50,49,True,1.0,1,10000,10000,504950,100,100,0,126,100,1,1,0.6493051340003149,1.064570252001431
beta-separated-n10000-d64-seed42,synthetic,beta,separated_clusters,score_sg_antihub,10000,64,42.0,False,2,50,49,True,1.0,1,10000,10000,504950,100,100,0,126,100,1,1,0.6493051340003149,1.2157637239979522
von_mises-iid-n1000-d2-seed42,synthetic,von_mises,iid,approx_knn_only,1000,2,42.0,False,2,50,49,True,1.0,1,1000,1000,50000,0,31,15,4,1,1,1,0.14778131999992183,0.11102217299776385
von_mises-iid-n1000-d2-seed42,synthetic,von_mises,iid,random_sqrt_clique,1000,2,42.0,False,2,50,49,True,1.0,1,1000,1000,50465,31,31,15,4,1,1,1,0.14778131999992183,0.1065055620019848
von_mises-iid-n1000-d2-seed42,synthetic,von_mises,iid,score_sg_antihub,1000,2,42.0,False,2,50,49,True,1.0,1,1000,1000,50465,31,31,15,4,1,1,1,0.14778131999992183,0.10453573299673735
von_mises-separated-n1000-d2-seed42,synthetic,von_mises,separated_clusters,approx_knn_only,1000,2,42.0,False,2,50,49,False,0.0,6,167,166,50000,0,31,11,6,2,1,1,0.13784885000131908,0.11480974500227603
von_mises-separated-n1000-d2-seed42,synthetic,von_mises,separated_clusters,random_sqrt_clique,1000,2,42.0,False,2,50,49,True,1.0,1,1000,1000,50465,31,31,11,6,2,1,1,0.13784885000131908,0.10497260999909486
von_mises-separated-n1000-d2-seed42,synthetic,von_mises,separated_clusters,score_sg_antihub,1000,2,42.0,False,2,50,49,True,1.0,1,1000,1000,50465,31,31,11,6,2,1,1,0.13784885000131908,0.10548265200122842
von_mises-iid-n1000-d10-seed42,synthetic,von_mises,iid,approx_knn_only,1000,10,42.0,False,2,50,49,True,1.0,1,1000,1000,50000,0,31,3,12,11,1,1,0.1401713720006228,0.10895583700039424
von_mises-iid-n1000-d10-seed42,synthetic,von_mises,iid,random_sqrt_clique,1000,10,42.0,False,2,50,49,True,1.0,1,1000,1000,50465,31,31,3,12,11,1,1,0.1401713720006228,0.10889679300089483
von_mises-iid-n1000-d10-seed42,synthetic,von_mises,iid,score_sg_antihub,1000,10,42.0,False,2,50,49,True,1.0,1,1000,1000,50465,31,31,3,12,11,1,1,0.1401713720006228,0.1116851789993234
von_mises-separated-n1000-d10-seed42,synthetic,von_mises,separated_clusters,approx_knn_only,1000,10,42.0,False,2,50,49,False,0.0,6,167,166,50000,0,31,3,10,10,1,1,0.15675003199794446,0.11332152999966638
von_mises-separated-n1000-d10-seed42,synthetic,von_mises,separated_clusters,random_sqrt_clique,1000,10,42.0,False,2,50,49,True,1.0,1,1000,1000,50465,31,31,3,10,10,1,1,0.15675003199794446,0.10672097200222197
von_mises-separated-n1000-d10-seed42,synthetic,von_mises,separated_clusters,score_sg_antihub,1000,10,42.0,False,2,50,49,True,1.0,1,1000,1000,50465,31,31,3,10,10,1,1,0.15675003199794446,0.10762697600148385
von_mises-iid-n1000-d32-seed42,synthetic,von_mises,iid,approx_knn_only,1000,32,42.0,False,2,50,49,True,1.0,1,1000,1000,50000,0,31,1,23,15,1,1,0.1479685119993519,0.11109814000155893
von_mises-iid-n1000-d32-seed42,synthetic,von_mises,iid,random_sqrt_clique,1000,32,42.0,False,2,50,49,True,1.0,1,1000,1000,50465,31,31,1,23,15,1,1,0.1479685119993519,0.10474542199881398
von_mises-iid-n1000-d32-seed42,synthetic,von_mises,iid,score_sg_antihub,1000,32,42.0,False,2,50,49,True,1.0,1,1000,1000,50465,31,31,1,23,15,1,1,0.1479685119993519,0.11031425100009074
von_mises-separated-n1000-d32-seed42,synthetic,von_mises,separated_clusters,approx_knn_only,1000,32,42.0,False,2,50,49,False,0.0,6,167,166,50000,0,31,3,13,13,1,1,0.14687288799905218,0.11128398000073503
von_mises-separated-n1000-d32-seed42,synthetic,von_mises,separated_clusters,random_sqrt_clique,1000,32,42.0,False,2,50,49,True,1.0,1,1000,1000,50465,31,31,3,13,13,1,1,0.14687288799905218,0.10692044400275336
von_mises-separated-n1000-d32-seed42,synthetic,von_mises,separated_clusters,score_sg_antihub,1000,32,42.0,False,2,50,49,True,1.0,1,1000,1000,50465,31,31,3,13,13,1,1,0.14687288799905218,0.10900819900052738
von_mises-iid-n1000-d64-seed42,synthetic,von_mises,iid,approx_knn_only,1000,64,42.0,False,2,50,49,True,1.0,1,1000,1000,50000,0,31,0,35,31,1,1,0.15541741800188902,0.13149545600026613
von_mises-iid-n1000-d64-seed42,synthetic,von_mises,iid,random_sqrt_clique,1000,64,42.0,False,2,50,49,True,1.0,1,1000,1000,50465,31,31,0,35,31,1,1,0.15541741800188902,0.12738072700085468
von_mises-iid-n1000-d64-seed42,synthetic,von_mises,iid,score_sg_antihub,1000,64,42.0,False,2,50,49,True,1.0,1,1000,1000,50465,31,31,0,35,31,1,1,0.15541741800188902,0.13016226000036113
von_mises-separated-n1000-d64-seed42,synthetic,von_mises,separated_clusters,approx_knn_only,1000,64,42.0,False,2,50,49,False,0.0,6,167,166,50000,0,31,3,10,2,1,1,0.17629525900338194,0.12726155900236336
von_mises-separated-n1000-d64-seed42,synthetic,von_mises,separated_clusters,random_sqrt_clique,1000,64,42.0,False,2,50,49,True,1.0,1,1000,1000,50465,31,31,3,10,2,1,1,0.17629525900338194,0.12622533799731173
von_mises-separated-n1000-d64-seed42,synthetic,von_mises,separated_clusters,score_sg_antihub,1000,64,42.0,False,2,50,49,True,1.0,1,1000,1000,50465,31,31,3,10,2,1,1,0.17629525900338194,0.1254755740010296
von_mises-iid-n5000-d2-seed42,synthetic,von_mises,iid,approx_knn_only,5000,2,42.0,False,2,50,49,True,1.0,1,5000,5000,250000,0,70,21,5,5,1,1,0.35860837300060666,0.5631402020007954
von_mises-iid-n5000-d2-seed42,synthetic,von_mises,iid,random_sqrt_clique,5000,2,42.0,False,2,50,49,True,1.0,1,5000,5000,252415,70,70,21,5,5,1,1,0.35860837300060666,0.5768886759979068
von_mises-iid-n5000-d2-seed42,synthetic,von_mises,iid,score_sg_antihub,5000,2,42.0,False,2,50,49,True,1.0,1,5000,5000,252415,70,70,21,5,5,1,1,0.35860837300060666,0.5857833159971051
von_mises-separated-n5000-d2-seed42,synthetic,von_mises,separated_clusters,approx_knn_only,5000,2,42.0,False,2,50,49,False,0.0,4,1668,833,250000,0,70,10,7,7,1,1,0.4365503449989774,0.6755052730004536
von_mises-separated-n5000-d2-seed42,synthetic,von_mises,separated_clusters,random_sqrt_clique,5000,2,42.0,False,2,50,49,True,1.0,1,5000,5000,252415,70,70,10,7,7,1,1,0.4365503449989774,0.6869555949997448
von_mises-separated-n5000-d2-seed42,synthetic,von_mises,separated_clusters,score_sg_antihub,5000,2,42.0,False,2,50,49,True,1.0,1,5000,5000,252415,70,70,10,7,7,1,1,0.4365503449989774,0.6081409049984359
von_mises-iid-n5000-d10-seed42,synthetic,von_mises,iid,approx_knn_only,5000,10,42.0,False,2,50,49,True,1.0,1,5000,5000,250000,0,70,2,31,25,1,1,0.429098126001918,0.6676810229982948
von_mises-iid-n5000-d10-seed42,synthetic,von_mises,iid,random_sqrt_clique,5000,10,42.0,False,2,50,49,True,1.0,1,5000,5000,252415,70,70,2,31,25,1,1,0.429098126001918,0.5958630889981578
von_mises-iid-n5000-d10-seed42,synthetic,von_mises,iid,score_sg_antihub,5000,10,42.0,False,2,50,49,True,1.0,1,5000,5000,252415,70,70,2,31,25,1,1,0.429098126001918,0.5910087010015559
von_mises-separated-n5000-d10-seed42,synthetic,von_mises,separated_clusters,approx_knn_only,5000,10,42.0,False,2,50,49,False,0.0,6,834,833,250000,0,70,2,45,16,1,1,0.44693478499902994,0.6972730029992817
von_mises-separated-n5000-d10-seed42,synthetic,von_mises,separated_clusters,random_sqrt_clique,5000,10,42.0,False,2,50,49,True,1.0,1,5000,5000,252415,70,70,2,45,16,1,1,0.44693478499902994,0.6080236390007485
von_mises-separated-n5000-d10-seed42,synthetic,von_mises,separated_clusters,score_sg_antihub,5000,10,42.0,False,2,50,49,True,1.0,1,5000,5000,252415,70,70,2,45,16,1,1,0.44693478499902994,0.5759382269970956
von_mises-iid-n5000-d32-seed42,synthetic,von_mises,iid,approx_knn_only,5000,32,42.0,False,2,50,49,True,1.0,1,5000,5000,250000,0,70,0,126,70,2,2,0.42130412299957243,0.6963766410008247
von_mises-iid-n5000-d32-seed42,synthetic,von_mises,iid,random_sqrt_clique,5000,32,42.0,False,2,50,49,True,1.0,1,5000,5000,252415,70,70,0,126,70,2,2,0.42130412299957243,0.6112245740005164
von_mises-iid-n5000-d32-seed42,synthetic,von_mises,iid,score_sg_antihub,5000,32,42.0,False,2,50,49,True,1.0,1,5000,5000,252415,70,70,0,126,70,2,2,0.42130412299957243,0.631430581001041
von_mises-separated-n5000-d32-seed42,synthetic,von_mises,separated_clusters,approx_knn_only,5000,32,42.0,False,2,50,49,False,0.0,6,834,833,250000,0,70,0,89,70,1,1,0.412667282998882,0.6639529579988448
von_mises-separated-n5000-d32-seed42,synthetic,von_mises,separated_clusters,random_sqrt_clique,5000,32,42.0,False,2,50,49,True,1.0,1,5000,5000,252415,70,70,0,89,70,1,1,0.412667282998882,0.5922432570005185
von_mises-separated-n5000-d32-seed42,synthetic,von_mises,separated_clusters,score_sg_antihub,5000,32,42.0,False,2,50,49,True,1.0,1,5000,5000,252415,70,70,0,89,70,1,1,0.412667282998882,0.5851002250019519
von_mises-iid-n5000-d64-seed42,synthetic,von_mises,iid,approx_knn_only,5000,64,42.0,False,2,50,49,True,1.0,1,5000,5000,250000,0,70,0,271,70,1,1,0.4400196469978255,0.6600896979980462
von_mises-iid-n5000-d64-seed42,synthetic,von_mises,iid,random_sqrt_clique,5000,64,42.0,False,2,50,49,True,1.0,1,5000,5000,252415,70,70,0,271,70,1,1,0.4400196469978255,0.6141281659984088
von_mises-iid-n5000-d64-seed42,synthetic,von_mises,iid,score_sg_antihub,5000,64,42.0,False,2,50,49,True,1.0,1,5000,5000,252415,70,70,0,271,70,1,1,0.4400196469978255,0.6190341119981895
von_mises-separated-n5000-d64-seed42,synthetic,von_mises,separated_clusters,approx_knn_only,5000,64,42.0,False,2,50,49,False,0.0,6,834,833,250000,0,70,0,168,70,1,1,0.421665434998431,0.6634701650000352
von_mises-separated-n5000-d64-seed42,synthetic,von_mises,separated_clusters,random_sqrt_clique,5000,64,42.0,False,2,50,49,True,1.0,1,5000,5000,252415,70,70,0,168,70,1,1,0.421665434998431,0.5902976910001598
von_mises-separated-n5000-d64-seed42,synthetic,von_mises,separated_clusters,score_sg_antihub,5000,64,42.0,False,2,50,49,True,1.0,1,5000,5000,252415,70,70,0,168,70,1,1,0.421665434998431,0.5596319759970356
von_mises-iid-n10000-d2-seed42,synthetic,von_mises,iid,approx_knn_only,10000,2,42.0,False,2,50,49,True,1.0,1,10000,10000,500000,0,100,25,12,4,1,1,0.716931167000439,1.266054111001722
von_mises-iid-n10000-d2-seed42,synthetic,von_mises,iid,random_sqrt_clique,10000,2,42.0,False,2,50,49,True,1.0,1,10000,10000,504950,100,100,25,12,4,1,1,0.716931167000439,1.0812084839999443
von_mises-iid-n10000-d2-seed42,synthetic,von_mises,iid,score_sg_antihub,10000,2,42.0,False,2,50,49,True,1.0,1,10000,10000,504950,100,100,25,12,4,1,1,0.716931167000439,1.0758194619993446
von_mises-separated-n10000-d2-seed42,synthetic,von_mises,separated_clusters,approx_knn_only,10000,2,42.0,False,2,50,49,False,0.0,5,3334,1666,500000,0,100,10,16,14,1,1,0.7333719939997536,1.1884860720019788
von_mises-separated-n10000-d2-seed42,synthetic,von_mises,separated_clusters,random_sqrt_clique,10000,2,42.0,False,2,50,49,True,1.0,1,10000,10000,504950,100,100,10,16,14,1,1,0.7333719939997536,1.0751383759998134
von_mises-separated-n10000-d2-seed42,synthetic,von_mises,separated_clusters,score_sg_antihub,10000,2,42.0,False,2,50,49,True,1.0,1,10000,10000,504950,100,100,10,16,14,1,1,0.7333719939997536,1.0746448899990355
von_mises-iid-n10000-d10-seed42,synthetic,von_mises,iid,approx_knn_only,10000,10,42.0,False,2,50,49,True,1.0,1,10000,10000,500000,0,100,2,59,22,1,1,0.6992582679995394,1.178437438000401
von_mises-iid-n10000-d10-seed42,synthetic,von_mises,iid,random_sqrt_clique,10000,10,42.0,False,2,50,49,True,1.0,1,10000,10000,504950,100,100,2,59,22,1,1,0.6992582679995394,1.0778674009998213
von_mises-iid-n10000-d10-seed42,synthetic,von_mises,iid,score_sg_antihub,10000,10,42.0,False,2,50,49,True,1.0,1,10000,10000,504950,100,100,2,59,22,1,1,0.6992582679995394,1.077135728999565
von_mises-separated-n10000-d10-seed42,synthetic,von_mises,separated_clusters,approx_knn_only,10000,10,42.0,False,2,50,49,False,0.0,6,1667,1666,500000,0,100,1,65,64,1,1,0.6855215470022813,1.1648945050001203
von_mises-separated-n10000-d10-seed42,synthetic,von_mises,separated_clusters,random_sqrt_clique,10000,10,42.0,False,2,50,49,True,1.0,1,10000,10000,504950,100,100,1,65,64,1,1,0.6855215470022813,1.0597337889994378
von_mises-separated-n10000-d10-seed42,synthetic,von_mises,separated_clusters,score_sg_antihub,10000,10,42.0,False,2,50,49,True,1.0,1,10000,10000,504950,100,100,1,65,64,1,1,0.6855215470022813,1.0560352920001606
von_mises-iid-n10000-d32-seed42,synthetic,von_mises,iid,approx_knn_only,10000,32,42.0,False,2,50,49,True,1.0,1,10000,10000,500000,0,100,0,270,100,1,1,0.6919864299998153,1.175325893000263
von_mises-iid-n10000-d32-seed42,synthetic,von_mises,iid,random_sqrt_clique,10000,32,42.0,False,2,50,49,True,1.0,1,10000,10000,504950,100,100,0,270,100,1,1,0.6919864299998153,1.0670539660022769
von_mises-iid-n10000-d32-seed42,synthetic,von_mises,iid,score_sg_antihub,10000,32,42.0,False,2,50,49,True,1.0,1,10000,10000,504950,100,100,0,270,100,1,1,0.6919864299998153,1.0659956870003953
von_mises-separated-n10000-d32-seed42,synthetic,von_mises,separated_clusters,approx_knn_only,10000,32,42.0,False,2,50,49,False,0.0,6,1667,1666,500000,0,100,0,216,100,1,1,0.7068552009986888,1.1835437650006497
von_mises-separated-n10000-d32-seed42,synthetic,von_mises,separated_clusters,random_sqrt_clique,10000,32,42.0,False,2,50,49,True,1.0,1,10000,10000,504950,100,100,0,216,100,1,1,0.7068552009986888,1.1163410679982917
von_mises-separated-n10000-d32-seed42,synthetic,von_mises,separated_clusters,score_sg_antihub,10000,32,42.0,False,2,50,49,True,1.0,1,10000,10000,504950,100,100,0,216,100,1,1,0.7068552009986888,1.272531908001838
von_mises-iid-n10000-d64-seed42,synthetic,von_mises,iid,approx_knn_only,10000,64,42.0,False,2,50,49,True,1.0,1,10000,10000,500000,0,100,0,642,100,1,1,0.9683269919987652,1.1215222790015105
von_mises-iid-n10000-d64-seed42,synthetic,von_mises,iid,random_sqrt_clique,10000,64,42.0,False,2,50,49,True,1.0,1,10000,10000,504950,100,100,0,642,100,1,1,0.9683269919987652,1.0559232000014163
von_mises-iid-n10000-d64-seed42,synthetic,von_mises,iid,score_sg_antihub,10000,64,42.0,False,2,50,49,True,1.0,1,10000,10000,504950,100,100,0,642,100,1,1,0.9683269919987652,1.0825074230015161
von_mises-separated-n10000-d64-seed42,synthetic,von_mises,separated_clusters,approx_knn_only,10000,64,42.0,False,2,50,49,False,0.0,6,1667,1666,500000,0,100,0,428,100,1,1,0.9988077980015078,1.0994454270003189
von_mises-separated-n10000-d64-seed42,synthetic,von_mises,separated_clusters,random_sqrt_clique,10000,64,42.0,False,2,50,49,True,1.0,1,10000,10000,504950,100,100,0,428,100,1,1,0.9988077980015078,1.065547376001632
von_mises-separated-n10000-d64-seed42,synthetic,von_mises,separated_clusters,score_sg_antihub,10000,64,42.0,False,2,50,49,True,1.0,1,10000,10000,504950,100,100,0,428,100,1,1,0.9988077980015078,1.1225235079982667
gumbel-iid-n1000-d2-seed42,synthetic,gumbel,iid,approx_knn_only,1000,2,42.0,False,2,50,49,True,1.0,1,1000,1000,50000,0,31,18,4,2,1,1,0.17160354999941774,0.12472111899842275
gumbel-iid-n1000-d2-seed42,synthetic,gumbel,iid,random_sqrt_clique,1000,2,42.0,False,2,50,49,True,1.0,1,1000,1000,50465,31,31,18,4,2,1,1,0.17160354999941774,0.12034470800062991
gumbel-iid-n1000-d2-seed42,synthetic,gumbel,iid,score_sg_antihub,1000,2,42.0,False,2,50,49,True,1.0,1,1000,1000,50465,31,31,18,4,2,1,1,0.17160354999941774,0.11911147800128674
gumbel-separated-n1000-d2-seed42,synthetic,gumbel,separated_clusters,approx_knn_only,1000,2,42.0,False,2,50,49,False,0.0,6,167,166,50000,0,31,10,8,5,1,1,0.16782567400150583,0.10790962499959278
gumbel-separated-n1000-d2-seed42,synthetic,gumbel,separated_clusters,random_sqrt_clique,1000,2,42.0,False,2,50,49,True,1.0,1,1000,1000,50465,31,31,10,8,5,1,1,0.16782567400150583,0.10534960400036653
gumbel-separated-n1000-d2-seed42,synthetic,gumbel,separated_clusters,score_sg_antihub,1000,2,42.0,False,2,50,49,True,1.0,1,1000,1000,50465,31,31,10,8,5,1,1,0.16782567400150583,0.10806772999785608
gumbel-iid-n1000-d10-seed42,synthetic,gumbel,iid,approx_knn_only,1000,10,42.0,False,2,50,49,True,1.0,1,1000,1000,50000,0,31,6,17,3,1,1,0.13215008300176123,0.11361541099904571
gumbel-iid-n1000-d10-seed42,synthetic,gumbel,iid,random_sqrt_clique,1000,10,42.0,False,2,50,49,True,1.0,1,1000,1000,50465,31,31,6,17,3,1,1,0.13215008300176123,0.10484598099719733
gumbel-iid-n1000-d10-seed42,synthetic,gumbel,iid,score_sg_antihub,1000,10,42.0,False,2,50,49,True,1.0,1,1000,1000,50465,31,31,6,17,3,1,1,0.13215008300176123,0.1044902120011102
gumbel-separated-n1000-d10-seed42,synthetic,gumbel,separated_clusters,approx_knn_only,1000,10,42.0,False,2,50,49,False,0.0,6,167,166,50000,0,31,5,16,3,1,1,0.1449123279999185,0.11326766400088673
gumbel-separated-n1000-d10-seed42,synthetic,gumbel,separated_clusters,random_sqrt_clique,1000,10,42.0,False,2,50,49,True,1.0,1,1000,1000,50465,31,31,5,16,3,1,1,0.1449123279999185,0.11019596600090154
gumbel-separated-n1000-d10-seed42,synthetic,gumbel,separated_clusters,score_sg_antihub,1000,10,42.0,False,2,50,49,True,1.0,1,1000,1000,50465,31,31,5,16,3,1,1,0.1449123279999185,0.10457103600128903
gumbel-iid-n1000-d32-seed42,synthetic,gumbel,iid,approx_knn_only,1000,32,42.0,False,2,50,49,True,1.0,1,1000,1000,50000,0,31,1,21,16,1,1,0.14518284600126208,0.10893871699954616
gumbel-iid-n1000-d32-seed42,synthetic,gumbel,iid,random_sqrt_clique,1000,32,42.0,False,2,50,49,True,1.0,1,1000,1000,50465,31,31,1,21,16,1,1,0.14518284600126208,0.10680597600003239
gumbel-iid-n1000-d32-seed42,synthetic,gumbel,iid,score_sg_antihub,1000,32,42.0,False,2,50,49,True,1.0,1,1000,1000,50465,31,31,1,21,16,1,1,0.14518284600126208,0.11033271199994488
gumbel-separated-n1000-d32-seed42,synthetic,gumbel,separated_clusters,approx_knn_only,1000,32,42.0,False,2,50,49,False,0.0,6,167,166,50000,0,31,2,15,8,1,1,0.14553756899840664,0.11111064199940301
gumbel-separated-n1000-d32-seed42,synthetic,gumbel,separated_clusters,random_sqrt_clique,1000,32,42.0,False,2,50,49,True,1.0,1,1000,1000,50465,31,31,2,15,8,1,1,0.14553756899840664,0.10539260299992748
gumbel-separated-n1000-d32-seed42,synthetic,gumbel,separated_clusters,score_sg_antihub,1000,32,42.0,False,2,50,49,True,1.0,1,1000,1000,50465,31,31,2,15,8,1,1,0.14553756899840664,0.10495360600179993
gumbel-iid-n1000-d64-seed42,synthetic,gumbel,iid,approx_knn_only,1000,64,42.0,False,2,50,49,True,1.0,1,1000,1000,50000,0,31,0,46,31,1,1,0.1641864910016011,0.10736188199734897
gumbel-iid-n1000-d64-seed42,synthetic,gumbel,iid,random_sqrt_clique,1000,64,42.0,False,2,50,49,True,1.0,1,1000,1000,50465,31,31,0,46,31,1,1,0.1641864910016011,0.10381176200098707
gumbel-iid-n1000-d64-seed42,synthetic,gumbel,iid,score_sg_antihub,1000,64,42.0,False,2,50,49,True,1.0,1,1000,1000,50465,31,31,0,46,31,1,1,0.1641864910016011,0.10398634800003492
gumbel-separated-n1000-d64-seed42,synthetic,gumbel,separated_clusters,approx_knn_only,1000,64,42.0,False,2,50,49,False,0.0,6,167,166,50000,0,31,1,27,17,1,1,0.14312475499900756,0.12197734999790555
gumbel-separated-n1000-d64-seed42,synthetic,gumbel,separated_clusters,random_sqrt_clique,1000,64,42.0,False,2,50,49,True,1.0,1,1000,1000,50465,31,31,1,27,17,1,1,0.14312475499900756,0.12232734099961817
gumbel-separated-n1000-d64-seed42,synthetic,gumbel,separated_clusters,score_sg_antihub,1000,64,42.0,False,2,50,49,True,1.0,1,1000,1000,50465,31,31,1,27,17,1,1,0.14312475499900756,0.12068745999931707
gumbel-iid-n5000-d2-seed42,synthetic,gumbel,iid,approx_knn_only,5000,2,42.0,False,2,50,49,True,1.0,1,5000,5000,250000,0,70,20,7,7,1,1,0.3834646130017063,0.5714899340018746
gumbel-iid-n5000-d2-seed42,synthetic,gumbel,iid,random_sqrt_clique,5000,2,42.0,False,2,50,49,True,1.0,1,5000,5000,252415,70,70,20,7,7,1,1,0.3834646130017063,0.5268568559986306
gumbel-iid-n5000-d2-seed42,synthetic,gumbel,iid,score_sg_antihub,5000,2,42.0,False,2,50,49,True,1.0,1,5000,5000,252415,70,70,20,7,7,1,1,0.3834646130017063,0.5292122219980229
gumbel-separated-n5000-d2-seed42,synthetic,gumbel,separated_clusters,approx_knn_only,5000,2,42.0,False,2,50,49,False,0.0,4,2499,833,250000,0,70,13,14,6,1,1,0.38536664200000814,0.5326900979998754
gumbel-separated-n5000-d2-seed42,synthetic,gumbel,separated_clusters,random_sqrt_clique,5000,2,42.0,False,2,50,49,True,1.0,1,5000,5000,252415,70,70,13,14,6,1,1,0.38536664200000814,0.5396631809999235
gumbel-separated-n5000-d2-seed42,synthetic,gumbel,separated_clusters,score_sg_antihub,5000,2,42.0,False,2,50,49,True,1.0,1,5000,5000,252415,70,70,13,14,6,1,1,0.38536664200000814,0.5785237490017607
gumbel-iid-n5000-d10-seed42,synthetic,gumbel,iid,approx_knn_only,5000,10,42.0,False,2,50,49,True,1.0,1,5000,5000,250000,0,70,5,29,6,1,1,0.40995059900160413,0.5892525890012621
gumbel-iid-n5000-d10-seed42,synthetic,gumbel,iid,random_sqrt_clique,5000,10,42.0,False,2,50,49,True,1.0,1,5000,5000,252415,70,70,5,29,6,1,1,0.40995059900160413,0.5768143029999919
gumbel-iid-n5000-d10-seed42,synthetic,gumbel,iid,score_sg_antihub,5000,10,42.0,False,2,50,49,True,1.0,1,5000,5000,252415,70,70,5,29,6,1,1,0.40995059900160413,0.5774663579977641
gumbel-separated-n5000-d10-seed42,synthetic,gumbel,separated_clusters,approx_knn_only,5000,10,42.0,False,2,50,49,False,0.0,6,834,833,250000,0,70,3,28,19,1,1,0.42180419899887056,0.6484389639990695
gumbel-separated-n5000-d10-seed42,synthetic,gumbel,separated_clusters,random_sqrt_clique,5000,10,42.0,False,2,50,49,True,1.0,1,5000,5000,252415,70,70,3,28,19,1,1,0.42180419899887056,0.6118519100018602
gumbel-separated-n5000-d10-seed42,synthetic,gumbel,separated_clusters,score_sg_antihub,5000,10,42.0,False,2,50,49,True,1.0,1,5000,5000,252415,70,70,3,28,19,1,1,0.42180419899887056,0.6095986410000478
gumbel-iid-n5000-d32-seed42,synthetic,gumbel,iid,approx_knn_only,5000,32,42.0,False,2,50,49,True,1.0,1,5000,5000,250000,0,70,0,80,70,1,1,0.46414902900141897,0.6571778620018449
gumbel-iid-n5000-d32-seed42,synthetic,gumbel,iid,random_sqrt_clique,5000,32,42.0,False,2,50,49,True,1.0,1,5000,5000,252415,70,70,0,80,70,1,1,0.46414902900141897,0.5799352869980794
gumbel-iid-n5000-d32-seed42,synthetic,gumbel,iid,score_sg_antihub,5000,32,42.0,False,2,50,49,True,1.0,1,5000,5000,252415,70,70,0,80,70,1,1,0.46414902900141897,0.5662293629975466
gumbel-separated-n5000-d32-seed42,synthetic,gumbel,separated_clusters,approx_knn_only,5000,32,42.0,False,2,50,49,False,0.0,6,834,833,250000,0,70,1,117,2,1,1,0.40460703300050227,0.6527920920016186
gumbel-separated-n5000-d32-seed42,synthetic,gumbel,separated_clusters,random_sqrt_clique,5000,32,42.0,False,2,50,49,True,1.0,1,5000,5000,252415,70,70,1,117,2,1,1,0.40460703300050227,0.6144602109998232
gumbel-separated-n5000-d32-seed42,synthetic,gumbel,separated_clusters,score_sg_antihub,5000,32,42.0,False,2,50,49,True,1.0,1,5000,5000,252415,70,70,1,117,2,1,1,0.40460703300050227,0.600955673999124
gumbel-iid-n5000-d64-seed42,synthetic,gumbel,iid,approx_knn_only,5000,64,42.0,False,2,50,49,True,1.0,1,5000,5000,250000,0,70,0,246,70,1,1,0.4071818219999841,0.57676124900172
gumbel-iid-n5000-d64-seed42,synthetic,gumbel,iid,random_sqrt_clique,5000,64,42.0,False,2,50,49,True,1.0,1,5000,5000,252415,70,70,0,246,70,1,1,0.4071818219999841,0.5395180829982564
gumbel-iid-n5000-d64-seed42,synthetic,gumbel,iid,score_sg_antihub,5000,64,42.0,False,2,50,49,True,1.0,1,5000,5000,252415,70,70,0,246,70,1,1,0.4071818219999841,0.5303355069991085
gumbel-separated-n5000-d64-seed42,synthetic,gumbel,separated_clusters,approx_knn_only,5000,64,42.0,False,2,50,49,False,0.0,6,834,833,250000,0,70,0,180,70,1,1,0.39928048100046,0.5989547210010642
gumbel-separated-n5000-d64-seed42,synthetic,gumbel,separated_clusters,random_sqrt_clique,5000,64,42.0,False,2,50,49,True,1.0,1,5000,5000,252415,70,70,0,180,70,1,1,0.39928048100046,0.6020353280000563
gumbel-separated-n5000-d64-seed42,synthetic,gumbel,separated_clusters,score_sg_antihub,5000,64,42.0,False,2,50,49,True,1.0,1,5000,5000,252415,70,70,0,180,70,1,1,0.39928048100046,0.5546562509989599
gumbel-iid-n10000-d2-seed42,synthetic,gumbel,iid,approx_knn_only,10000,2,42.0,False,2,50,49,True,1.0,1,10000,10000,500000,0,100,21,12,12,1,1,0.6441056510011549,1.088258482999663
gumbel-iid-n10000-d2-seed42,synthetic,gumbel,iid,random_sqrt_clique,10000,2,42.0,False,2,50,49,True,1.0,1,10000,10000,504950,100,100,21,12,12,1,1,0.6441056510011549,1.1189843120009755
gumbel-iid-n10000-d2-seed42,synthetic,gumbel,iid,score_sg_antihub,10000,2,42.0,False,2,50,49,True,1.0,1,10000,10000,504950,100,100,21,12,12,1,1,0.6441056510011549,1.273412284997903
gumbel-separated-n10000-d2-seed42,synthetic,gumbel,separated_clusters,approx_knn_only,10000,2,42.0,False,2,50,49,False,0.0,5,3334,1666,500000,0,100,13,20,16,1,1,0.7890135919988097,1.0818274789999123
gumbel-separated-n10000-d2-seed42,synthetic,gumbel,separated_clusters,random_sqrt_clique,10000,2,42.0,False,2,50,49,True,1.0,1,10000,10000,504950,100,100,13,20,16,1,1,0.7890135919988097,1.1316385280006216
gumbel-separated-n10000-d2-seed42,synthetic,gumbel,separated_clusters,score_sg_antihub,10000,2,42.0,False,2,50,49,True,1.0,1,10000,10000,504950,100,100,13,20,16,1,1,0.7890135919988097,1.1295787080016453
gumbel-iid-n10000-d10-seed42,synthetic,gumbel,iid,approx_knn_only,10000,10,42.0,False,2,50,49,True,1.0,1,10000,10000,500000,0,100,4,37,37,1,1,0.8444970519994968,1.230378453998128
gumbel-iid-n10000-d10-seed42,synthetic,gumbel,iid,random_sqrt_clique,10000,10,42.0,False,2,50,49,True,1.0,1,10000,10000,504950,100,100,4,37,37,1,1,0.8444970519994968,1.1996932459987875
gumbel-iid-n10000-d10-seed42,synthetic,gumbel,iid,score_sg_antihub,10000,10,42.0,False,2,50,49,True,1.0,1,10000,10000,504950,100,100,4,37,37,1,1,0.8444970519994968,1.139646322997578
gumbel-separated-n10000-d10-seed42,synthetic,gumbel,separated_clusters,approx_knn_only,10000,10,42.0,False,2,50,49,False,0.0,6,1667,1666,500000,0,100,3,40,23,1,1,0.8200551199988695,1.2421311610014527
gumbel-separated-n10000-d10-seed42,synthetic,gumbel,separated_clusters,random_sqrt_clique,10000,10,42.0,False,2,50,49,True,1.0,1,10000,10000,504950,100,100,3,40,23,1,1,0.8200551199988695,1.1211983430002874
gumbel-separated-n10000-d10-seed42,synthetic,gumbel,separated_clusters,score_sg_antihub,10000,10,42.0,False,2,50,49,True,1.0,1,10000,10000,504950,100,100,3,40,23,1,1,0.8200551199988695,1.0752331220028282
gumbel-iid-n10000-d32-seed42,synthetic,gumbel,iid,approx_knn_only,10000,32,42.0,False,2,50,49,True,1.0,1,10000,10000,500000,0,100,0,130,100,1,1,0.6906994089986256,1.1171156450000126
gumbel-iid-n10000-d32-seed42,synthetic,gumbel,iid,random_sqrt_clique,10000,32,42.0,False,2,50,49,True,1.0,1,10000,10000,504950,100,100,0,130,100,1,1,0.6906994089986256,1.123339476998808
gumbel-iid-n10000-d32-seed42,synthetic,gumbel,iid,score_sg_antihub,10000,32,42.0,False,2,50,49,True,1.0,1,10000,10000,504950,100,100,0,130,100,1,1,0.6906994089986256,1.0863111300022865
gumbel-separated-n10000-d32-seed42,synthetic,gumbel,separated_clusters,approx_knn_only,10000,32,42.0,False,2,50,49,False,0.0,6,1667,1666,500000,0,100,0,166,100,1,1,0.6497330300007889,1.1015635010007827
gumbel-separated-n10000-d32-seed42,synthetic,gumbel,separated_clusters,random_sqrt_clique,10000,32,42.0,False,2,50,49,True,1.0,1,10000,10000,504950,100,100,0,166,100,1,1,0.6497330300007889,1.1229880040009448
gumbel-separated-n10000-d32-seed42,synthetic,gumbel,separated_clusters,score_sg_antihub,10000,32,42.0,False,2,50,49,True,1.0,1,10000,10000,504950,100,100,0,166,100,1,1,0.6497330300007889,1.0854106980004872
gumbel-iid-n10000-d64-seed42,synthetic,gumbel,iid,approx_knn_only,10000,64,42.0,False,2,50,49,True,1.0,1,10000,10000,500000,0,100,0,500,100,1,1,0.7412048629994388,1.0999512970010983
gumbel-iid-n10000-d64-seed42,synthetic,gumbel,iid,random_sqrt_clique,10000,64,42.0,False,2,50,49,True,1.0,1,10000,10000,504950,100,100,0,500,100,1,1,0.7412048629994388,1.1431799120000505
gumbel-iid-n10000-d64-seed42,synthetic,gumbel,iid,score_sg_antihub,10000,64,42.0,False,2,50,49,True,1.0,1,10000,10000,504950,100,100,0,500,100,1,1,0.7412048629994388,1.0772787679998146
gumbel-separated-n10000-d64-seed42,synthetic,gumbel,separated_clusters,approx_knn_only,10000,64,42.0,False,2,50,49,False,0.0,6,1667,1666,500000,0,100,0,444,100,1,1,0.8030085440004768,1.2744126289981068
gumbel-separated-n10000-d64-seed42,synthetic,gumbel,separated_clusters,random_sqrt_clique,10000,64,42.0,False,2,50,49,True,1.0,1,10000,10000,504950,100,100,0,444,100,1,1,0.8030085440004768,1.1750760529976105
gumbel-separated-n10000-d64-seed42,synthetic,gumbel,separated_clusters,score_sg_antihub,10000,64,42.0,False,2,50,49,True,1.0,1,10000,10000,504950,100,100,0,444,100,1,1,0.8030085440004768,1.156660185999499
logistic-iid-n1000-d2-seed42,synthetic,logistic,iid,approx_knn_only,1000,2,42.0,False,2,50,49,True,1.0,1,1000,1000,50000,0,31,15,5,3,1,1,0.1466989159998775,0.13077056699694367
logistic-iid-n1000-d2-seed42,synthetic,logistic,iid,random_sqrt_clique,1000,2,42.0,False,2,50,49,True,1.0,1,1000,1000,50465,31,31,15,5,3,1,1,0.1466989159998775,0.12422616999901948
logistic-iid-n1000-d2-seed42,synthetic,logistic,iid,score_sg_antihub,1000,2,42.0,False,2,50,49,True,1.0,1,1000,1000,50465,31,31,15,5,3,1,1,0.1466989159998775,0.1233028490023571
logistic-separated-n1000-d2-seed42,synthetic,logistic,separated_clusters,approx_knn_only,1000,2,42.0,False,2,50,49,False,0.0,6,167,166,50000,0,31,8,5,5,1,1,0.16221953700005542,0.13007076000212692
logistic-separated-n1000-d2-seed42,synthetic,logistic,separated_clusters,random_sqrt_clique,1000,2,42.0,False,2,50,49,True,1.0,1,1000,1000,50465,31,31,8,5,5,1,1,0.16221953700005542,0.12535546200160752
logistic-separated-n1000-d2-seed42,synthetic,logistic,separated_clusters,score_sg_antihub,1000,2,42.0,False,2,50,49,True,1.0,1,1000,1000,50465,31,31,8,5,5,1,1,0.16221953700005542,0.12209002000236069
logistic-iid-n1000-d10-seed42,synthetic,logistic,iid,approx_knn_only,1000,10,42.0,False,2,50,49,True,1.0,1,1000,1000,50000,0,31,4,10,2,1,1,0.17806924600154161,0.1394444210018264
logistic-iid-n1000-d10-seed42,synthetic,logistic,iid,random_sqrt_clique,1000,10,42.0,False,2,50,49,True,1.0,1,1000,1000,50465,31,31,4,10,2,1,1,0.17806924600154161,0.13629884300098638
logistic-iid-n1000-d10-seed42,synthetic,logistic,iid,score_sg_antihub,1000,10,42.0,False,2,50,49,True,1.0,1,1000,1000,50465,31,31,4,10,2,1,1,0.17806924600154161,0.1564163399998506
logistic-separated-n1000-d10-seed42,synthetic,logistic,separated_clusters,approx_knn_only,1000,10,42.0,False,2,50,49,False,0.0,6,167,166,50000,0,31,4,8,5,1,1,0.193328230001498,0.14222837899797014
logistic-separated-n1000-d10-seed42,synthetic,logistic,separated_clusters,random_sqrt_clique,1000,10,42.0,False,2,50,49,True,1.0,1,1000,1000,50465,31,31,4,8,5,1,1,0.193328230001498,0.13385845299853827
logistic-separated-n1000-d10-seed42,synthetic,logistic,separated_clusters,score_sg_antihub,1000,10,42.0,False,2,50,49,True,1.0,1,1000,1000,50465,31,31,4,8,5,1,1,0.193328230001498,0.13234628200007137
logistic-iid-n1000-d32-seed42,synthetic,logistic,iid,approx_knn_only,1000,32,42.0,False,2,50,49,True,1.0,1,1000,1000,50000,0,31,0,33,31,1,1,0.14121157100089476,0.1350498969986802
logistic-iid-n1000-d32-seed42,synthetic,logistic,iid,random_sqrt_clique,1000,32,42.0,False,2,50,49,True,1.0,1,1000,1000,50465,31,31,0,33,31,1,1,0.14121157100089476,0.12910359299712582
logistic-iid-n1000-d32-seed42,synthetic,logistic,iid,score_sg_antihub,1000,32,42.0,False,2,50,49,True,1.0,1,1000,1000,50465,31,31,0,33,31,1,1,0.14121157100089476,0.1356595830002334
logistic-separated-n1000-d32-seed42,synthetic,logistic,separated_clusters,approx_knn_only,1000,32,42.0,False,2,50,49,False,0.0,6,167,166,50000,0,31,3,12,8,1,1,0.14599571600047057,0.13251977099935175
logistic-separated-n1000-d32-seed42,synthetic,logistic,separated_clusters,random_sqrt_clique,1000,32,42.0,False,2,50,49,True,1.0,1,1000,1000,50465,31,31,3,12,8,1,1,0.14599571600047057,0.1263370369997574
logistic-separated-n1000-d32-seed42,synthetic,logistic,separated_clusters,score_sg_antihub,1000,32,42.0,False,2,50,49,True,1.0,1,1000,1000,50465,31,31,3,12,8,1,1,0.14599571600047057,0.1253472120006336
logistic-iid-n1000-d64-seed42,synthetic,logistic,iid,approx_knn_only,1000,64,42.0,False,2,50,49,True,1.0,1,1000,1000,50000,0,31,0,54,31,1,1,0.21216851699864492,0.14651400999719044
logistic-iid-n1000-d64-seed42,synthetic,logistic,iid,random_sqrt_clique,1000,64,42.0,False,2,50,49,True,1.0,1,1000,1000,50465,31,31,0,54,31,1,1,0.21216851699864492,0.1387423479973222
logistic-iid-n1000-d64-seed42,synthetic,logistic,iid,score_sg_antihub,1000,64,42.0,False,2,50,49,True,1.0,1,1000,1000,50465,31,31,0,54,31,1,1,0.21216851699864492,0.13186434599992936
logistic-separated-n1000-d64-seed42,synthetic,logistic,separated_clusters,approx_knn_only,1000,64,42.0,False,2,50,49,False,0.0,6,167,166,50000,0,31,2,13,8,1,1,0.18993291999868234,0.1414653299980273
logistic-separated-n1000-d64-seed42,synthetic,logistic,separated_clusters,random_sqrt_clique,1000,64,42.0,False,2,50,49,True,1.0,1,1000,1000,50465,31,31,2,13,8,1,1,0.18993291999868234,0.13322986400089576
logistic-separated-n1000-d64-seed42,synthetic,logistic,separated_clusters,score_sg_antihub,1000,64,42.0,False,2,50,49,True,1.0,1,1000,1000,50465,31,31,2,13,8,1,1,0.18993291999868234,0.13222827600111486
logistic-iid-n5000-d2-seed42,synthetic,logistic,iid,approx_knn_only,5000,2,42.0,False,2,50,49,True,1.0,1,5000,5000,250000,0,70,20,8,4,1,1,0.4262894450002932,0.6838179499973194
logistic-iid-n5000-d2-seed42,synthetic,logistic,iid,random_sqrt_clique,5000,2,42.0,False,2,50,49,True,1.0,1,5000,5000,252415,70,70,20,8,4,1,1,0.4262894450002932,0.6087219760011067
logistic-iid-n5000-d2-seed42,synthetic,logistic,iid,score_sg_antihub,5000,2,42.0,False,2,50,49,True,1.0,1,5000,5000,252415,70,70,20,8,4,1,1,0.4262894450002932,0.5850591100024758
logistic-separated-n5000-d2-seed42,synthetic,logistic,separated_clusters,approx_knn_only,5000,2,42.0,False,2,50,49,False,0.0,6,834,833,250000,0,70,10,13,8,2,2,0.4315795969996543,0.6478501389974554
logistic-separated-n5000-d2-seed42,synthetic,logistic,separated_clusters,random_sqrt_clique,5000,2,42.0,False,2,50,49,True,1.0,1,5000,5000,252415,70,70,10,13,8,2,2,0.4315795969996543,0.5879301300010411
logistic-separated-n5000-d2-seed42,synthetic,logistic,separated_clusters,score_sg_antihub,5000,2,42.0,False,2,50,49,True,1.0,1,5000,5000,252415,70,70,10,13,8,2,2,0.4315795969996543,0.5909762999981467
logistic-iid-n5000-d10-seed42,synthetic,logistic,iid,approx_knn_only,5000,10,42.0,False,2,50,49,True,1.0,1,5000,5000,250000,0,70,2,42,29,1,1,0.451549925001018,0.6724427900007868
logistic-iid-n5000-d10-seed42,synthetic,logistic,iid,random_sqrt_clique,5000,10,42.0,False,2,50,49,True,1.0,1,5000,5000,252415,70,70,2,42,29,1,1,0.451549925001018,0.5954050200016354
logistic-iid-n5000-d10-seed42,synthetic,logistic,iid,score_sg_antihub,5000,10,42.0,False,2,50,49,True,1.0,1,5000,5000,252415,70,70,2,42,29,1,1,0.451549925001018,0.5814335640025092
logistic-separated-n5000-d10-seed42,synthetic,logistic,separated_clusters,approx_knn_only,5000,10,42.0,False,2,50,49,False,0.0,6,834,833,250000,0,70,2,48,4,1,1,0.409683400997892,0.6455080220002856
logistic-separated-n5000-d10-seed42,synthetic,logistic,separated_clusters,random_sqrt_clique,5000,10,42.0,False,2,50,49,True,1.0,1,5000,5000,252415,70,70,2,48,4,1,1,0.409683400997892,0.5912393889993837
logistic-separated-n5000-d10-seed42,synthetic,logistic,separated_clusters,score_sg_antihub,5000,10,42.0,False,2,50,49,True,1.0,1,5000,5000,252415,70,70,2,48,4,1,1,0.409683400997892,0.6057566029994632
logistic-iid-n5000-d32-seed42,synthetic,logistic,iid,approx_knn_only,5000,32,42.0,False,2,50,49,True,1.0,1,5000,5000,250000,0,70,0,200,70,1,1,0.4369590079986665,0.5833882869992522
logistic-iid-n5000-d32-seed42,synthetic,logistic,iid,random_sqrt_clique,5000,32,42.0,False,2,50,49,True,1.0,1,5000,5000,252415,70,70,0,200,70,1,1,0.4369590079986665,0.544278695997491
logistic-iid-n5000-d32-seed42,synthetic,logistic,iid,score_sg_antihub,5000,32,42.0,False,2,50,49,True,1.0,1,5000,5000,252415,70,70,0,200,70,1,1,0.4369590079986665,0.5353766810003435
logistic-separated-n5000-d32-seed42,synthetic,logistic,separated_clusters,approx_knn_only,5000,32,42.0,False,2,50,49,False,0.0,6,834,833,250000,0,70,0,113,70,1,1,0.37325379499816336,0.634000901998661
logistic-separated-n5000-d32-seed42,synthetic,logistic,separated_clusters,random_sqrt_clique,5000,32,42.0,False,2,50,49,True,1.0,1,5000,5000,252415,70,70,0,113,70,1,1,0.37325379499816336,0.5742971149993537
logistic-separated-n5000-d32-seed42,synthetic,logistic,separated_clusters,score_sg_antihub,5000,32,42.0,False,2,50,49,True,1.0,1,5000,5000,252415,70,70,0,113,70,1,1,0.37325379499816336,0.5772255349984334
logistic-iid-n5000-d64-seed42,synthetic,logistic,iid,approx_knn_only,5000,64,42.0,False,2,50,49,True,1.0,1,5000,5000,250000,0,70,0,373,70,1,1,0.39271449800071423,0.5525277870001446
logistic-iid-n5000-d64-seed42,synthetic,logistic,iid,random_sqrt_clique,5000,64,42.0,False,2,50,49,True,1.0,1,5000,5000,252415,70,70,0,373,70,1,1,0.39271449800071423,0.5375999749994662
logistic-iid-n5000-d64-seed42,synthetic,logistic,iid,score_sg_antihub,5000,64,42.0,False,2,50,49,True,1.0,1,5000,5000,252415,70,70,0,373,70,1,1,0.39271449800071423,0.5469708950004133
logistic-separated-n5000-d64-seed42,synthetic,logistic,separated_clusters,approx_knn_only,5000,64,42.0,False,2,50,49,False,0.0,6,834,833,250000,0,70,0,227,70,1,1,0.3755123459995957,0.553225495001243
logistic-separated-n5000-d64-seed42,synthetic,logistic,separated_clusters,random_sqrt_clique,5000,64,42.0,False,2,50,49,True,1.0,1,5000,5000,252415,70,70,0,227,70,1,1,0.3755123459995957,0.5834931219978898
logistic-separated-n5000-d64-seed42,synthetic,logistic,separated_clusters,score_sg_antihub,5000,64,42.0,False,2,50,49,True,1.0,1,5000,5000,252415,70,70,0,227,70,1,1,0.3755123459995957,0.5727545080007985
logistic-iid-n10000-d2-seed42,synthetic,logistic,iid,approx_knn_only,10000,2,42.0,False,2,50,49,True,1.0,1,10000,10000,500000,0,100,23,8,5,1,1,0.6594395310021355,1.096648044000176
logistic-iid-n10000-d2-seed42,synthetic,logistic,iid,random_sqrt_clique,10000,2,42.0,False,2,50,49,True,1.0,1,10000,10000,504950,100,100,23,8,5,1,1,0.6594395310021355,1.097572050999588
logistic-iid-n10000-d2-seed42,synthetic,logistic,iid,score_sg_antihub,10000,2,42.0,False,2,50,49,True,1.0,1,10000,10000,504950,100,100,23,8,5,1,1,0.6594395310021355,1.1785187870009395
logistic-separated-n10000-d2-seed42,synthetic,logistic,separated_clusters,approx_knn_only,10000,2,42.0,False,2,50,49,False,0.0,6,1667,1666,500000,0,100,11,19,10,1,1,0.741076398997393,1.076077048001025
logistic-separated-n10000-d2-seed42,synthetic,logistic,separated_clusters,random_sqrt_clique,10000,2,42.0,False,2,50,49,True,1.0,1,10000,10000,504950,100,100,11,19,10,1,1,0.741076398997393,1.0714110389999405
logistic-separated-n10000-d2-seed42,synthetic,logistic,separated_clusters,score_sg_antihub,10000,2,42.0,False,2,50,49,True,1.0,1,10000,10000,504950,100,100,11,19,10,1,1,0.741076398997393,1.1608319269980711
logistic-iid-n10000-d10-seed42,synthetic,logistic,iid,approx_knn_only,10000,10,42.0,False,2,50,49,True,1.0,1,10000,10000,500000,0,100,2,48,29,1,1,0.6799174400002812,1.0837848959999974
logistic-iid-n10000-d10-seed42,synthetic,logistic,iid,random_sqrt_clique,10000,10,42.0,False,2,50,49,True,1.0,1,10000,10000,504950,100,100,2,48,29,1,1,0.6799174400002812,1.0846927269994922
logistic-iid-n10000-d10-seed42,synthetic,logistic,iid,score_sg_antihub,10000,10,42.0,False,2,50,49,True,1.0,1,10000,10000,504950,100,100,2,48,29,1,1,0.6799174400002812,1.1542199480027193
logistic-separated-n10000-d10-seed42,synthetic,logistic,separated_clusters,approx_knn_only,10000,10,42.0,False,2,50,49,False,0.0,6,1667,1666,500000,0,100,1,82,57,1,1,0.7415333429999009,1.0773930540017318
logistic-separated-n10000-d10-seed42,synthetic,logistic,separated_clusters,random_sqrt_clique,10000,10,42.0,False,2,50,49,True,1.0,1,10000,10000,504950,100,100,1,82,57,1,1,0.7415333429999009,1.2442293950007297
logistic-separated-n10000-d10-seed42,synthetic,logistic,separated_clusters,score_sg_antihub,10000,10,42.0,False,2,50,49,True,1.0,1,10000,10000,504950,100,100,1,82,57,1,1,0.7415333429999009,1.2472274390020175
logistic-iid-n10000-d32-seed42,synthetic,logistic,iid,approx_knn_only,10000,32,42.0,False,2,50,49,True,1.0,1,10000,10000,500000,0,100,0,358,100,1,1,0.8431993189988134,1.2495802480007114
logistic-iid-n10000-d32-seed42,synthetic,logistic,iid,random_sqrt_clique,10000,32,42.0,False,2,50,49,True,1.0,1,10000,10000,504950,100,100,0,358,100,1,1,0.8431993189988134,1.190564214000915
logistic-iid-n10000-d32-seed42,synthetic,logistic,iid,score_sg_antihub,10000,32,42.0,False,2,50,49,True,1.0,1,10000,10000,504950,100,100,0,358,100,1,1,0.8431993189988134,1.1714729970008193
logistic-separated-n10000-d32-seed42,synthetic,logistic,separated_clusters,approx_knn_only,10000,32,42.0,False,2,50,49,False,0.0,6,1667,1666,500000,0,100,0,310,100,1,1,0.7952315929978795,1.2654280560018378
logistic-separated-n10000-d32-seed42,synthetic,logistic,separated_clusters,random_sqrt_clique,10000,32,42.0,False,2,50,49,True,1.0,1,10000,10000,504950,100,100,0,310,100,1,1,0.7952315929978795,1.1964046809989668
logistic-separated-n10000-d32-seed42,synthetic,logistic,separated_clusters,score_sg_antihub,10000,32,42.0,False,2,50,49,True,1.0,1,10000,10000,504950,100,100,0,310,100,1,1,0.7952315929978795,1.1734002299999702
logistic-iid-n10000-d64-seed42,synthetic,logistic,iid,approx_knn_only,10000,64,42.0,False,2,50,49,True,1.0,1,10000,10000,500000,0,100,0,853,100,1,1,0.911987195002439,1.2729062670005078
logistic-iid-n10000-d64-seed42,synthetic,logistic,iid,random_sqrt_clique,10000,64,42.0,False,2,50,49,True,1.0,1,10000,10000,504950,100,100,0,853,100,1,1,0.911987195002439,1.186414371997671
logistic-iid-n10000-d64-seed42,synthetic,logistic,iid,score_sg_antihub,10000,64,42.0,False,2,50,49,True,1.0,1,10000,10000,504950,100,100,0,853,100,1,1,0.911987195002439,1.1508003599992662
logistic-separated-n10000-d64-seed42,synthetic,logistic,separated_clusters,approx_knn_only,10000,64,42.0,False,2,50,49,False,0.0,6,1667,1666,500000,0,100,0,573,100,1,1,0.8153978529990127,1.3009533059994283
logistic-separated-n10000-d64-seed42,synthetic,logistic,separated_clusters,random_sqrt_clique,10000,64,42.0,False,2,50,49,True,1.0,1,10000,10000,504950,100,100,0,573,100,1,1,0.8153978529990127,1.1664211919996887
logistic-separated-n10000-d64-seed42,synthetic,logistic,separated_clusters,score_sg_antihub,10000,64,42.0,False,2,50,49,True,1.0,1,10000,10000,504950,100,100,0,573,100,1,1,0.8153978529990127,1.1544272850005655
gaussian_sparse-iid-n1000-d2-seed42,synthetic,gaussian_sparse,iid,approx_knn_only,1000,2,42.0,False,2,50,49,True,1.0,1,1000,1000,50000,0,31,0,552,31,31,54,0.14047827900139964,0.12260125199827598
gaussian_sparse-iid-n1000-d2-seed42,synthetic,gaussian_sparse,iid,random_sqrt_clique,1000,2,42.0,False,2,50,49,True,1.0,1,1000,1000,50465,31,31,0,552,31,31,54,0.14047827900139964,0.12136291800197796
gaussian_sparse-iid-n1000-d2-seed42,synthetic,gaussian_sparse,iid,score_sg_antihub,1000,2,42.0,False,2,50,49,True,1.0,1,1000,1000,50465,31,31,0,552,31,31,54,0.14047827900139964,0.11655986299956567
gaussian_sparse-separated-n1000-d2-seed42,synthetic,gaussian_sparse,separated_clusters,approx_knn_only,1000,2,42.0,False,2,50,49,True,1.0,1,1000,1000,50000,0,31,0,295,31,3,16,0.1370018310008163,0.12935111299884738
gaussian_sparse-separated-n1000-d2-seed42,synthetic,gaussian_sparse,separated_clusters,random_sqrt_clique,1000,2,42.0,False,2,50,49,True,1.0,1,1000,1000,50465,31,31,0,295,31,3,16,0.1370018310008163,0.12567284000033396
gaussian_sparse-separated-n1000-d2-seed42,synthetic,gaussian_sparse,separated_clusters,score_sg_antihub,1000,2,42.0,False,2,50,49,True,1.0,1,1000,1000,50465,31,31,0,295,31,3,16,0.1370018310008163,0.12310807600078988
gaussian_sparse-iid-n1000-d10-seed42,synthetic,gaussian_sparse,iid,approx_knn_only,1000,10,42.0,False,2,50,49,True,1.0,1,1000,1000,50000,0,31,0,144,31,30,36,0.18582217499715625,0.13828424499661196
gaussian_sparse-iid-n1000-d10-seed42,synthetic,gaussian_sparse,iid,random_sqrt_clique,1000,10,42.0,False,2,50,49,True,1.0,1,1000,1000,50465,31,31,0,144,31,30,36,0.18582217499715625,0.13169599800312426
gaussian_sparse-iid-n1000-d10-seed42,synthetic,gaussian_sparse,iid,score_sg_antihub,1000,10,42.0,False,2,50,49,True,1.0,1,1000,1000,50465,31,31,0,144,31,30,36,0.18582217499715625,0.12848979500267887
gaussian_sparse-separated-n1000-d10-seed42,synthetic,gaussian_sparse,separated_clusters,approx_knn_only,1000,10,42.0,False,2,50,49,False,0.0,6,167,166,50000,0,31,0,85,31,7,8,0.14069483599814703,0.13006917900202097
gaussian_sparse-separated-n1000-d10-seed42,synthetic,gaussian_sparse,separated_clusters,random_sqrt_clique,1000,10,42.0,False,2,50,49,True,1.0,1,1000,1000,50465,31,31,0,85,31,7,8,0.14069483599814703,0.1275387839996256
gaussian_sparse-separated-n1000-d10-seed42,synthetic,gaussian_sparse,separated_clusters,score_sg_antihub,1000,10,42.0,False,2,50,49,True,1.0,1,1000,1000,50465,31,31,0,85,31,7,8,0.14069483599814703,0.12135847600075067
gaussian_sparse-iid-n1000-d32-seed42,synthetic,gaussian_sparse,iid,approx_knn_only,1000,32,42.0,False,2,50,49,True,1.0,1,1000,1000,50000,0,31,1,18,11,1,1,0.15064988499943865,0.12978291100080241
gaussian_sparse-iid-n1000-d32-seed42,synthetic,gaussian_sparse,iid,random_sqrt_clique,1000,32,42.0,False,2,50,49,True,1.0,1,1000,1000,50465,31,31,1,18,11,1,1,0.15064988499943865,0.12673515799906454
gaussian_sparse-iid-n1000-d32-seed42,synthetic,gaussian_sparse,iid,score_sg_antihub,1000,32,42.0,False,2,50,49,True,1.0,1,1000,1000,50465,31,31,1,18,11,1,1,0.15064988499943865,0.12266705900037778
gaussian_sparse-separated-n1000-d32-seed42,synthetic,gaussian_sparse,separated_clusters,approx_knn_only,1000,32,42.0,False,2,50,49,False,0.0,6,167,166,50000,0,31,0,70,31,1,1,0.15175835299669416,0.13345212599961087
gaussian_sparse-separated-n1000-d32-seed42,synthetic,gaussian_sparse,separated_clusters,random_sqrt_clique,1000,32,42.0,False,2,50,49,True,1.0,1,1000,1000,50465,31,31,0,70,31,1,1,0.15175835299669416,0.1256532529987453
gaussian_sparse-separated-n1000-d32-seed42,synthetic,gaussian_sparse,separated_clusters,score_sg_antihub,1000,32,42.0,False,2,50,49,True,1.0,1,1000,1000,50465,31,31,0,70,31,1,1,0.15175835299669416,0.12496787599957315
gaussian_sparse-iid-n1000-d64-seed42,synthetic,gaussian_sparse,iid,approx_knn_only,1000,64,42.0,False,2,50,49,True,1.0,1,1000,1000,50000,0,31,0,109,31,1,1,0.15537559800213785,0.13243111399788177
gaussian_sparse-iid-n1000-d64-seed42,synthetic,gaussian_sparse,iid,random_sqrt_clique,1000,64,42.0,False,2,50,49,True,1.0,1,1000,1000,50465,31,31,0,109,31,1,1,0.15537559800213785,0.1226287350000348
gaussian_sparse-iid-n1000-d64-seed42,synthetic,gaussian_sparse,iid,score_sg_antihub,1000,64,42.0,False,2,50,49,True,1.0,1,1000,1000,50465,31,31,0,109,31,1,1,0.15537559800213785,0.11690954599907855
gaussian_sparse-separated-n1000-d64-seed42,synthetic,gaussian_sparse,separated_clusters,approx_knn_only,1000,64,42.0,False,2,50,49,False,0.0,6,167,166,50000,0,31,0,109,31,1,1,0.15059699600169552,0.1165744360005192
gaussian_sparse-separated-n1000-d64-seed42,synthetic,gaussian_sparse,separated_clusters,random_sqrt_clique,1000,64,42.0,False,2,50,49,True,1.0,1,1000,1000,50465,31,31,0,109,31,1,1,0.15059699600169552,0.1114604110007349
gaussian_sparse-separated-n1000-d64-seed42,synthetic,gaussian_sparse,separated_clusters,score_sg_antihub,1000,64,42.0,False,2,50,49,True,1.0,1,1000,1000,50465,31,31,0,109,31,1,1,0.15059699600169552,0.11195181099901674
gaussian_sparse-iid-n5000-d2-seed42,synthetic,gaussian_sparse,iid,approx_knn_only,5000,2,42.0,False,2,50,49,True,1.0,1,5000,5000,250000,0,70,0,2468,70,13,56,0.38919560499925865,0.5890650220026146
gaussian_sparse-iid-n5000-d2-seed42,synthetic,gaussian_sparse,iid,random_sqrt_clique,5000,2,42.0,False,2,50,49,True,1.0,1,5000,5000,252415,70,70,0,2468,70,13,56,0.38919560499925865,0.570980453001539
gaussian_sparse-iid-n5000-d2-seed42,synthetic,gaussian_sparse,iid,score_sg_antihub,5000,2,42.0,False,2,50,49,True,1.0,1,5000,5000,252415,70,70,0,2468,70,13,56,0.38919560499925865,0.5364851839985931
gaussian_sparse-separated-n5000-d2-seed42,synthetic,gaussian_sparse,separated_clusters,approx_knn_only,5000,2,42.0,False,2,50,49,True,1.0,1,5000,5000,250000,0,70,0,2674,70,6,29,0.37962934199822485,0.5384544799999276
gaussian_sparse-separated-n5000-d2-seed42,synthetic,gaussian_sparse,separated_clusters,random_sqrt_clique,5000,2,42.0,False,2,50,49,True,1.0,1,5000,5000,252415,70,70,0,2674,70,6,29,0.37962934199822485,0.5393581870011985
gaussian_sparse-separated-n5000-d2-seed42,synthetic,gaussian_sparse,separated_clusters,score_sg_antihub,5000,2,42.0,False,2,50,49,True,1.0,1,5000,5000,252415,70,70,0,2674,70,6,29,0.37962934199822485,0.540373946998443
gaussian_sparse-iid-n5000-d10-seed42,synthetic,gaussian_sparse,iid,approx_knn_only,5000,10,42.0,False,2,50,49,True,1.0,1,5000,5000,250000,0,70,0,877,70,20,40,0.4272830160007288,0.5779754460018012
gaussian_sparse-iid-n5000-d10-seed42,synthetic,gaussian_sparse,iid,random_sqrt_clique,5000,10,42.0,False,2,50,49,True,1.0,1,5000,5000,252415,70,70,0,877,70,20,40,0.4272830160007288,0.5532307400026184
gaussian_sparse-iid-n5000-d10-seed42,synthetic,gaussian_sparse,iid,score_sg_antihub,5000,10,42.0,False,2,50,49,True,1.0,1,5000,5000,252415,70,70,0,877,70,20,40,0.4272830160007288,0.5452777030004654
gaussian_sparse-separated-n5000-d10-seed42,synthetic,gaussian_sparse,separated_clusters,approx_knn_only,5000,10,42.0,False,2,50,49,False,0.0,5,1667,833,250000,0,70,0,495,70,11,15,0.3856386659972486,0.5644593210017774
gaussian_sparse-separated-n5000-d10-seed42,synthetic,gaussian_sparse,separated_clusters,random_sqrt_clique,5000,10,42.0,False,2,50,49,True,1.0,1,5000,5000,252415,70,70,0,495,70,11,15,0.3856386659972486,0.5597411880007712
gaussian_sparse-separated-n5000-d10-seed42,synthetic,gaussian_sparse,separated_clusters,score_sg_antihub,5000,10,42.0,False,2,50,49,False,0.0,3,3334,833,252415,70,70,0,495,70,11,15,0.3856386659972486,0.5428845780006668
gaussian_sparse-iid-n5000-d32-seed42,synthetic,gaussian_sparse,iid,approx_knn_only,5000,32,42.0,False,2,50,49,True,1.0,1,5000,5000,250000,0,70,0,134,70,1,1,0.48598083700198913,0.6188331890007248
gaussian_sparse-iid-n5000-d32-seed42,synthetic,gaussian_sparse,iid,random_sqrt_clique,5000,32,42.0,False,2,50,49,True,1.0,1,5000,5000,252415,70,70,0,134,70,1,1,0.48598083700198913,0.6436510859966802
gaussian_sparse-iid-n5000-d32-seed42,synthetic,gaussian_sparse,iid,score_sg_antihub,5000,32,42.0,False,2,50,49,True,1.0,1,5000,5000,252415,70,70,0,134,70,1,1,0.48598083700198913,0.534474231000786
gaussian_sparse-separated-n5000-d32-seed42,synthetic,gaussian_sparse,separated_clusters,approx_knn_only,5000,32,42.0,False,2,50,49,False,0.0,6,834,833,250000,0,70,0,111,70,1,1,0.5096080000002985,0.5585297329998866
gaussian_sparse-separated-n5000-d32-seed42,synthetic,gaussian_sparse,separated_clusters,random_sqrt_clique,5000,32,42.0,False,2,50,49,True,1.0,1,5000,5000,252415,70,70,0,111,70,1,1,0.5096080000002985,0.5376274139998714
gaussian_sparse-separated-n5000-d32-seed42,synthetic,gaussian_sparse,separated_clusters,score_sg_antihub,5000,32,42.0,False,2,50,49,True,1.0,1,5000,5000,252415,70,70,0,111,70,1,1,0.5096080000002985,0.5546174990013242
gaussian_sparse-iid-n5000-d64-seed42,synthetic,gaussian_sparse,iid,approx_knn_only,5000,64,42.0,False,2,50,49,True,1.0,1,5000,5000,250000,0,70,0,356,70,1,1,0.509507416998531,0.5950408169992443
gaussian_sparse-iid-n5000-d64-seed42,synthetic,gaussian_sparse,iid,random_sqrt_clique,5000,64,42.0,False,2,50,49,True,1.0,1,5000,5000,252415,70,70,0,356,70,1,1,0.509507416998531,0.5448311290019774
gaussian_sparse-iid-n5000-d64-seed42,synthetic,gaussian_sparse,iid,score_sg_antihub,5000,64,42.0,False,2,50,49,True,1.0,1,5000,5000,252415,70,70,0,356,70,1,1,0.509507416998531,0.5395231000002241
gaussian_sparse-separated-n5000-d64-seed42,synthetic,gaussian_sparse,separated_clusters,approx_knn_only,5000,64,42.0,False,2,50,49,False,0.0,6,834,833,250000,0,70,0,534,70,1,1,0.47768935700150905,0.6213870020001195
gaussian_sparse-separated-n5000-d64-seed42,synthetic,gaussian_sparse,separated_clusters,random_sqrt_clique,5000,64,42.0,False,2,50,49,True,1.0,1,5000,5000,252415,70,70,0,534,70,1,1,0.47768935700150905,0.5873086430001422
gaussian_sparse-separated-n5000-d64-seed42,synthetic,gaussian_sparse,separated_clusters,score_sg_antihub,5000,64,42.0,False,2,50,49,True,1.0,1,5000,5000,252415,70,70,0,534,70,1,1,0.47768935700150905,0.610452154000086
gaussian_sparse-iid-n10000-d2-seed42,synthetic,gaussian_sparse,iid,approx_knn_only,10000,2,42.0,False,2,50,49,False,0.0,4,9648,113,500000,0,100,0,5029,100,49,54,0.7705072730022948,1.104880150000099
gaussian_sparse-iid-n10000-d2-seed42,synthetic,gaussian_sparse,iid,random_sqrt_clique,10000,2,42.0,False,2,50,49,False,0.0,2,9887,113,504950,100,100,0,5029,100,49,54,0.7705072730022948,1.0759310979992733
gaussian_sparse-iid-n10000-d2-seed42,synthetic,gaussian_sparse,iid,score_sg_antihub,10000,2,42.0,False,2,50,49,False,0.0,4,9648,113,504950,100,100,0,5029,100,49,54,0.7705072730022948,1.1362445160011703
gaussian_sparse-separated-n10000-d2-seed42,synthetic,gaussian_sparse,separated_clusters,approx_knn_only,10000,2,42.0,False,2,50,49,True,1.0,1,10000,10000,500000,0,100,0,5633,100,12,88,0.7008085389970802,1.0994351330009522
gaussian_sparse-separated-n10000-d2-seed42,synthetic,gaussian_sparse,separated_clusters,random_sqrt_clique,10000,2,42.0,False,2,50,49,True,1.0,1,10000,10000,504950,100,100,0,5633,100,12,88,0.7008085389970802,1.0643505659973016
gaussian_sparse-separated-n10000-d2-seed42,synthetic,gaussian_sparse,separated_clusters,score_sg_antihub,10000,2,42.0,False,2,50,49,True,1.0,1,10000,10000,504950,100,100,0,5633,100,12,88,0.7008085389970802,1.1275398890029464
gaussian_sparse-iid-n10000-d10-seed42,synthetic,gaussian_sparse,iid,approx_knn_only,10000,10,42.0,False,2,50,49,True,1.0,1,10000,10000,500000,0,100,0,1845,100,32,38,0.8428170529987256,1.1095021209985134
gaussian_sparse-iid-n10000-d10-seed42,synthetic,gaussian_sparse,iid,random_sqrt_clique,10000,10,42.0,False,2,50,49,True,1.0,1,10000,10000,504950,100,100,0,1845,100,32,38,0.8428170529987256,1.0881906110007549
gaussian_sparse-iid-n10000-d10-seed42,synthetic,gaussian_sparse,iid,score_sg_antihub,10000,10,42.0,False,2,50,49,True,1.0,1,10000,10000,504950,100,100,0,1845,100,32,38,0.8428170529987256,1.1506565470008354
gaussian_sparse-separated-n10000-d10-seed42,synthetic,gaussian_sparse,separated_clusters,approx_knn_only,10000,10,42.0,False,2,50,49,False,0.0,2,6667,3333,500000,0,100,0,1223,100,3,19,0.7718234550011402,1.0991012999984378
gaussian_sparse-separated-n10000-d10-seed42,synthetic,gaussian_sparse,separated_clusters,random_sqrt_clique,10000,10,42.0,False,2,50,49,True,1.0,1,10000,10000,504950,100,100,0,1223,100,3,19,0.7718234550011402,1.083749772998999
gaussian_sparse-separated-n10000-d10-seed42,synthetic,gaussian_sparse,separated_clusters,score_sg_antihub,10000,10,42.0,False,2,50,49,True,1.0,1,10000,10000,504950,100,100,0,1223,100,3,19,0.7718234550011402,1.163975201001449
gaussian_sparse-iid-n10000-d32-seed42,synthetic,gaussian_sparse,iid,approx_knn_only,10000,32,42.0,False,2,50,49,True,1.0,1,10000,10000,500000,0,100,0,319,100,1,1,0.8943885619992216,1.1178890590017545
gaussian_sparse-iid-n10000-d32-seed42,synthetic,gaussian_sparse,iid,random_sqrt_clique,10000,32,42.0,False,2,50,49,True,1.0,1,10000,10000,504950,100,100,0,319,100,1,1,0.8943885619992216,1.1628892279986758
gaussian_sparse-iid-n10000-d32-seed42,synthetic,gaussian_sparse,iid,score_sg_antihub,10000,32,42.0,False,2,50,49,True,1.0,1,10000,10000,504950,100,100,0,319,100,1,1,0.8943885619992216,1.1826921430001676
gaussian_sparse-separated-n10000-d32-seed42,synthetic,gaussian_sparse,separated_clusters,approx_knn_only,10000,32,42.0,False,2,50,49,False,0.0,6,1667,1666,500000,0,100,0,150,100,1,1,0.905882680999639,1.2485067769994203
gaussian_sparse-separated-n10000-d32-seed42,synthetic,gaussian_sparse,separated_clusters,random_sqrt_clique,10000,32,42.0,False,2,50,49,True,1.0,1,10000,10000,504950,100,100,0,150,100,1,1,0.905882680999639,1.2284257460014487
gaussian_sparse-separated-n10000-d32-seed42,synthetic,gaussian_sparse,separated_clusters,score_sg_antihub,10000,32,42.0,False,2,50,49,True,1.0,1,10000,10000,504950,100,100,0,150,100,1,1,0.905882680999639,1.1811495889996877
gaussian_sparse-iid-n10000-d64-seed42,synthetic,gaussian_sparse,iid,approx_knn_only,10000,64,42.0,False,2,50,49,True,1.0,1,10000,10000,500000,0,100,0,857,100,1,1,1.1398365809982351,1.3503875809983583
gaussian_sparse-iid-n10000-d64-seed42,synthetic,gaussian_sparse,iid,random_sqrt_clique,10000,64,42.0,False,2,50,49,True,1.0,1,10000,10000,504950,100,100,0,857,100,1,1,1.1398365809982351,1.199431885001104
gaussian_sparse-iid-n10000-d64-seed42,synthetic,gaussian_sparse,iid,score_sg_antihub,10000,64,42.0,False,2,50,49,True,1.0,1,10000,10000,504950,100,100,0,857,100,1,1,1.1398365809982351,1.14699955299875
gaussian_sparse-separated-n10000-d64-seed42,synthetic,gaussian_sparse,separated_clusters,approx_knn_only,10000,64,42.0,False,2,50,49,False,0.0,6,1667,1666,500000,0,100,0,781,100,1,1,1.0399228720016254,1.288023178000003
gaussian_sparse-separated-n10000-d64-seed42,synthetic,gaussian_sparse,separated_clusters,random_sqrt_clique,10000,64,42.0,False,2,50,49,True,1.0,1,10000,10000,504950,100,100,0,781,100,1,1,1.0399228720016254,1.1712352350004949
gaussian_sparse-separated-n10000-d64-seed42,synthetic,gaussian_sparse,separated_clusters,score_sg_antihub,10000,64,42.0,False,2,50,49,True,1.0,1,10000,10000,504950,100,100,0,781,100,1,1,1.0399228720016254,1.159808835000149
iris,real,real_builtin,real,approx_knn_only,150,4,,True,2,50,49,True,1.0,1,150,150,7500,0,12,23,1,1,1,1,0.09727095299967914,0.02146366300075897
iris,real,real_builtin,real,random_sqrt_clique,150,4,,True,2,50,49,True,1.0,1,150,150,7566,12,12,23,1,1,1,1,0.09727095299967914,0.018615876000694698
iris,real,real_builtin,real,score_sg_antihub,150,4,,True,2,50,49,True,1.0,1,150,150,7566,12,12,23,1,1,1,1,0.09727095299967914,0.017959191998670576
wine,real,real_builtin,real,approx_knn_only,178,13,,True,2,50,49,True,1.0,1,178,178,8900,0,13,13,3,3,1,1,0.09237744500205736,0.02464470500126481
wine,real,real_builtin,real,random_sqrt_clique,178,13,,True,2,50,49,True,1.0,1,178,178,8978,13,13,13,3,3,1,1,0.09237744500205736,0.02223657500144327
wine,real,real_builtin,real,score_sg_antihub,178,13,,True,2,50,49,True,1.0,1,178,178,8978,13,13,13,3,3,1,1,0.09237744500205736,0.021652062998327892
breast_cancer,real,real_builtin,real,approx_knn_only,569,30,,True,2,50,49,True,1.0,1,569,569,28450,0,23,7,6,4,1,1,0.129029145999084,0.07730741399791441
breast_cancer,real,real_builtin,real,random_sqrt_clique,569,30,,True,2,50,49,True,1.0,1,569,569,28703,23,23,7,6,4,1,1,0.129029145999084,0.07344924300195999
breast_cancer,real,real_builtin,real,score_sg_antihub,569,30,,True,2,50,49,True,1.0,1,569,569,28703,23,23,7,6,4,1,1,0.129029145999084,0.07443904599858797
digits,real,real_builtin,real,approx_knn_only,1797,64,,True,2,50,49,True,1.0,1,1797,1797,89850,0,42,7,5,4,1,1,0.23428724599943962,0.25843087500106776
digits,real,real_builtin,real,random_sqrt_clique,1797,64,,True,2,50,49,True,1.0,1,1797,1797,90711,42,42,7,5,4,1,1,0.23428724599943962,0.23810745400260203
digits,real,real_builtin,real,score_sg_antihub,1797,64,,True,2,50,49,True,1.0,1,1797,1797,90711,42,42,7,5,4,1,1,0.23428724599943962,0.22660323700256413
